/*
SQLyog Community v13.1.6 (64 bit)
MySQL - 5.6.24-log : Database - db_jxc
*********************************************************************
*/

/*!40101 SET NAMES utf8 */;

/*!40101 SET SQL_MODE=''*/;

/*!40014 SET @OLD_UNIQUE_CHECKS=@@UNIQUE_CHECKS, UNIQUE_CHECKS=0 */;
/*!40014 SET @OLD_FOREIGN_KEY_CHECKS=@@FOREIGN_KEY_CHECKS, FOREIGN_KEY_CHECKS=0 */;
/*!40101 SET @OLD_SQL_MODE=@@SQL_MODE, SQL_MODE='NO_AUTO_VALUE_ON_ZERO' */;
/*!40111 SET @OLD_SQL_NOTES=@@SQL_NOTES, SQL_NOTES=0 */;
CREATE DATABASE /*!32312 IF NOT EXISTS*/`db_jxc` /*!40100 DEFAULT CHARACTER SET utf8 */;

USE `db_jxc`;

/*Table structure for table `t_customer` */

DROP TABLE IF EXISTS `t_customer`;

CREATE TABLE `t_customer` (
  `id` int(11) NOT NULL AUTO_INCREMENT,
  `address` varchar(300) DEFAULT NULL,
  `contact` varchar(50) DEFAULT NULL,
  `name` varchar(200) DEFAULT NULL,
  `number` varchar(50) DEFAULT NULL,
  `remarks` varchar(1000) DEFAULT NULL,
  PRIMARY KEY (`id`)
) ENGINE=InnoDB AUTO_INCREMENT=5 DEFAULT CHARSET=utf8;

/*Data for the table `t_customer` */

insert  into `t_customer`(`id`,`address`,`contact`,`name`,`number`,`remarks`) values 
(1,'福州新弯曲5号','小李子','福州艾玛超市','2132-23213421',''),
(2,'天津兴达大街888号','小张','天津王大连锁酒店','23432222311','优质客户'),
(3,'大凉山妥洛村','小爱','大凉山希望小学','233243211','照顾客户2'),
(4,'南通通州新金路888号','王二小','南通通州综艺集团','1832132321','');

/*Table structure for table `t_customer_return_list` */

DROP TABLE IF EXISTS `t_customer_return_list`;

CREATE TABLE `t_customer_return_list` (
  `id` int(11) NOT NULL AUTO_INCREMENT,
  `amount_paid` float DEFAULT NULL,
  `amount_payable` float DEFAULT NULL,
  `customer_return_date` date DEFAULT NULL,
  `customer_return_number` varchar(100) DEFAULT NULL,
  `remarks` varchar(1000) DEFAULT NULL,
  `state` int(11) DEFAULT NULL,
  `customer_id` int(11) DEFAULT NULL,
  `user_id` int(11) DEFAULT NULL,
  PRIMARY KEY (`id`),
  KEY `FKl0ahdwa8slkocbfe57opembfx` (`customer_id`),
  KEY `FKd55ju83f0ntixagdvdrsmw10c` (`user_id`),
  CONSTRAINT `FKd55ju83f0ntixagdvdrsmw10c` FOREIGN KEY (`user_id`) REFERENCES `t_user` (`id`),
  CONSTRAINT `FKl0ahdwa8slkocbfe57opembfx` FOREIGN KEY (`customer_id`) REFERENCES `t_customer` (`id`)
) ENGINE=InnoDB AUTO_INCREMENT=12 DEFAULT CHARSET=utf8;

/*Data for the table `t_customer_return_list` */

insert  into `t_customer_return_list`(`id`,`amount_paid`,`amount_payable`,`customer_return_date`,`customer_return_number`,`remarks`,`state`,`customer_id`,`user_id`) values 
(10,17,17,'2020-10-14','XT202010150001','',1,1,1),
(11,1250,1250,'2020-10-15','XT202010150001','',1,1,1);

/*Table structure for table `t_customer_return_list_goods` */

DROP TABLE IF EXISTS `t_customer_return_list_goods`;

CREATE TABLE `t_customer_return_list_goods` (
  `id` int(11) NOT NULL AUTO_INCREMENT,
  `code` varchar(50) DEFAULT NULL,
  `goods_id` int(11) DEFAULT NULL,
  `model` varchar(50) DEFAULT NULL,
  `name` varchar(50) DEFAULT NULL,
  `num` int(11) NOT NULL,
  `price` float NOT NULL,
  `total` float NOT NULL,
  `unit` varchar(10) DEFAULT NULL,
  `customer_return_list_id` int(11) DEFAULT NULL,
  `type_id` int(11) DEFAULT NULL,
  PRIMARY KEY (`id`),
  KEY `FKtqt67mbn96lxn8hvtl4piblhi` (`customer_return_list_id`),
  KEY `FK4sm5si4swbj3gae46jfk441yx` (`type_id`),
  CONSTRAINT `FK4sm5si4swbj3gae46jfk441yx` FOREIGN KEY (`type_id`) REFERENCES `t_goodstype` (`id`),
  CONSTRAINT `FKtqt67mbn96lxn8hvtl4piblhi` FOREIGN KEY (`customer_return_list_id`) REFERENCES `t_customer_return_list` (`id`)
) ENGINE=InnoDB AUTO_INCREMENT=15 DEFAULT CHARSET=utf8;

/*Data for the table `t_customer_return_list_goods` */

insert  into `t_customer_return_list_goods`(`id`,`code`,`goods_id`,`model`,`name`,`num`,`price`,`total`,`unit`,`customer_return_list_id`,`type_id`) values 
(13,'0001',1,'红色装','陶华碧老干妈香辣脆油辣椒',2,8.5,17,'瓶',10,10),
(14,'0004',12,'2斤装','新疆红枣',50,25,1250,'袋',11,10);

/*Table structure for table `t_damage_list` */

DROP TABLE IF EXISTS `t_damage_list`;

CREATE TABLE `t_damage_list` (
  `id` int(11) NOT NULL AUTO_INCREMENT,
  `damage_date` date DEFAULT NULL,
  `damage_number` varchar(100) DEFAULT NULL,
  `remarks` varchar(1000) DEFAULT NULL,
  `user_id` int(11) DEFAULT NULL,
  PRIMARY KEY (`id`),
  KEY `FKpn094ma69sch1icjc2gu7xus` (`user_id`),
  CONSTRAINT `FKpn094ma69sch1icjc2gu7xus` FOREIGN KEY (`user_id`) REFERENCES `t_user` (`id`)
) ENGINE=InnoDB AUTO_INCREMENT=4 DEFAULT CHARSET=utf8;

/*Data for the table `t_damage_list` */

insert  into `t_damage_list`(`id`,`damage_date`,`damage_number`,`remarks`,`user_id`) values 
(1,'2020-01-15','JH202001150001','受潮',1),
(2,'2020-01-15','JH202001150002','已过期',1),
(3,'2020-10-15','JH202010150001','已过期',1);

/*Table structure for table `t_damage_list_goods` */

DROP TABLE IF EXISTS `t_damage_list_goods`;

CREATE TABLE `t_damage_list_goods` (
  `id` int(11) NOT NULL AUTO_INCREMENT,
  `code` varchar(50) DEFAULT NULL,
  `goods_id` int(11) DEFAULT NULL,
  `model` varchar(50) DEFAULT NULL,
  `name` varchar(50) DEFAULT NULL,
  `num` int(11) DEFAULT NULL,
  `price` float NOT NULL,
  `total` float NOT NULL,
  `unit` varchar(10) DEFAULT NULL,
  `damage_list_id` int(11) DEFAULT NULL,
  `type_id` int(11) DEFAULT NULL,
  PRIMARY KEY (`id`),
  KEY `FKbf5m8mm3gctrnuubr9xkjamj8` (`damage_list_id`),
  KEY `FKdbdfmp09hlf2raktincwroe9n` (`type_id`),
  CONSTRAINT `FKbf5m8mm3gctrnuubr9xkjamj8` FOREIGN KEY (`damage_list_id`) REFERENCES `t_damage_list` (`id`),
  CONSTRAINT `FKdbdfmp09hlf2raktincwroe9n` FOREIGN KEY (`type_id`) REFERENCES `t_goodstype` (`id`)
) ENGINE=InnoDB AUTO_INCREMENT=4 DEFAULT CHARSET=utf8;

/*Data for the table `t_damage_list_goods` */

insert  into `t_damage_list_goods`(`id`,`code`,`goods_id`,`model`,`name`,`num`,`price`,`total`,`unit`,`damage_list_id`,`type_id`) values 
(1,'0002',2,'Note8','华为荣耀Note8',1,2220,2220,'台',1,16),
(2,'0001',1,'红色装','陶华碧老干妈香辣脆油辣椒',10,8.5,85,'瓶',2,10),
(3,'0001',1,'红色装','陶华碧老干妈香辣脆油辣椒',5,8.5,42.5,'瓶',3,10);

/*Table structure for table `t_goods` */

DROP TABLE IF EXISTS `t_goods`;

CREATE TABLE `t_goods` (
  `id` int(11) NOT NULL AUTO_INCREMENT,
  `code` varchar(50) DEFAULT NULL,
  `inventory_quantity` int(11) DEFAULT NULL,
  `last_purchasing_price` float DEFAULT NULL,
  `min_num` int(11) DEFAULT NULL,
  `model` varchar(50) DEFAULT NULL,
  `name` varchar(50) DEFAULT NULL,
  `producer` varchar(200) DEFAULT NULL,
  `purchasing_price` float DEFAULT NULL,
  `remarks` varchar(1000) DEFAULT NULL,
  `selling_price` float DEFAULT NULL,
  `state` int(11) DEFAULT NULL,
  `unit` varchar(10) DEFAULT NULL,
  `type_id` int(11) DEFAULT NULL,
  `code_or_name` varchar(255) DEFAULT NULL,
  PRIMARY KEY (`id`),
  KEY `FKlxnna5ngumghp4f279mmbjtyo` (`type_id`),
  CONSTRAINT `FKlxnna5ngumghp4f279mmbjtyo` FOREIGN KEY (`type_id`) REFERENCES `t_goodstype` (`id`)
) ENGINE=InnoDB AUTO_INCREMENT=46 DEFAULT CHARSET=utf8;

/*Data for the table `t_goods` */

insert  into `t_goods`(`id`,`code`,`inventory_quantity`,`last_purchasing_price`,`min_num`,`model`,`name`,`producer`,`purchasing_price`,`remarks`,`selling_price`,`state`,`unit`,`type_id`,`code_or_name`) values 
(1,'0001',59,8.5,1000,'红色装','陶华碧老干妈香辣脆油辣椒','贵州省贵阳南明老干妈风味食品有限公司',7.09,'好卖',8.5,2,'瓶',10,NULL),
(2,'0002',100,2220,400,'Note8','华为荣耀Note8','华为计算机系统有限公司',2029.68,'热销',2200,2,'台',16,NULL),
(11,'0003',1590,38,400,'500g装','野生东北黑木耳','辉南县博康土特产有限公司',23,'够黑2',38,2,'袋',11,NULL),
(12,'0004',1130,25,300,'2斤装','新疆红枣','沧州铭鑫食品有限公司',12.3,'好吃',25,2,'袋',10,NULL),
(13,'0005',1000,15,1000,'散装500克','麦片燕麦巧克力','福建省麦德好食品工业有限公司',7.06,'Goods',15,2,'袋',11,NULL),
(14,'0006',1000,13,1999,'300g装','冰糖金桔干','揭西县同心食品有限公司',5.01,'',13,2,'盒',11,NULL),
(15,'0007',100659,4.5,400,'500g装','吉利人家牛肉味蛋糕','合肥吉利人家食品有限公司',4.5,'good',10,2,'袋',11,NULL),
(16,'0008',1000,3,500,'128g装','奕森奶油桃肉蜜饯果脯果干桃肉干休闲零食品','潮州市潮安区正大食品有限公司',3,'',10,2,'盒',11,NULL),
(17,'0009',250,33,1000,'240g装','休闲零食坚果特产精品干果无漂白大个开心果','石家庄博群食品有限公司',20,'',33,2,'袋',11,NULL),
(18,'0010',200,12,300,'250g装','劲仔小鱼干','湖南省华文食品有限公司',12,'',20,2,'袋',11,NULL),
(19,'0011',11,3.2,300,'198g装','山楂条','临朐县七贤升利食品厂',3.2,'',10,0,'袋',11,NULL),
(20,'0012',22,20,200,'500g装','大乌梅干','长春市鼎丰真食品有限责任公司',20,'',25,0,'袋',11,NULL),
(21,'0013',400,3,100,'250g装','手工制作芝麻香酥麻通','桂林兰雨食品有限公司',3,'',8,2,'袋',11,NULL),
(22,'0014',12,5,200,'250g装','美国青豆原味 蒜香','菲律宾',5,'',8,2,'袋',11,NULL),
(24,'0015',47,8000,100,'X',' iPhone X','xx2',8000,'xxx2',9500,2,'台',16,NULL),
(26,'0017',0,3000,100,'ILCE-A6000L','Sony/索尼 ILCE-A6000L WIFI微单数码相机高清单电','xxx',3000,'xxx',3650,2,'台',15,NULL),
(27,'0018',0,800,400,'IXUS 285 HS','Canon/佳能 IXUS 285 HS 数码相机 2020万像素高清拍摄','xx',800,'xxx',1299,2,'台',15,NULL),
(28,'0019',100,60,300,'Q8','Golden Field/金河田 Q8电脑音响台式多媒体家用音箱低音炮重低音','xxxx',60,'',129,2,'台',17,NULL),
(29,'0020',0,1000,50,'190WDPT','Haier/海尔冰箱BCD-190WDPT双门电冰箱大两门冷藏冷冻','cc',1000,'',1699,0,'台',14,NULL),
(30,'0021',98,1199,320,'4A ','Xiaomi/小米 小米电视4A 32英寸 智能液晶平板电视机','cc',700,'',1199,2,'台',12,NULL),
(31,'0022',0,400,40,'XQB55-36SP','TCL XQB55-36SP 5.5公斤全自动波轮迷你小型洗衣机家用单脱抗菌','cc',400,'',729,0,'台',13,NULL),
(32,'0023',0,4,1000,'80g*2','台湾进口膨化零食品张君雅小妹妹日式串烧丸子80g*2','cc',4,'',15,0,'袋',9,NULL),
(33,'0024',0,168,10,'A字裙','卓图女装立领针织格子印花拼接高腰A字裙2017秋冬新款碎花连衣裙','cc',168,'',298,0,'件',6,NULL),
(34,'0025',0,189,10,'三件套秋','西服套装男三件套秋季新款商务修身职业正装男士西装新郎结婚礼服','cc',189,'',299,0,'件',7,NULL),
(35,'0026',0,200,10,'AFS JEEP','加绒加厚正品AFS JEEP/战地吉普男大码长裤植绒保暖男士牛仔裤子','c',200,'',89,0,'条',8,NULL),
(40,'0027',0,0,100,'宽松直筒','加绒加厚牛仔裤男直筒宽松带绒秋冬季冬天商务弹力修身黑色裤子男 ','MUZHILEE/慕志李',200,'品牌: MUZHILEE/慕志李\r\n材质: 棉\r\n尺码: 28 29 30 31 32 33 34 35 36 38 40\r\n牛仔面料: 棉弹牛仔布\r\n腰型: 中高腰\r\n颜色: 6281 【秋冬厚款不加绒】 6306 【秋冬厚款不加绒】 8872 【秋冬厚款不加绒】 6821 【秋冬厚款不加绒】 8870 【秋冬厚款不加绒】 8853 【秋冬厚款不加绒】 8879【秋冬厚款不加绒】 6281 【加绒加厚款】 6306 【加绒加厚款】 8853 【加绒加厚款】 8879 【加绒加厚款】\r\n裤门襟: 拉链\r\n弹力: 微弹\r\n细分风格: 商务休闲\r\n基础风格: 商务绅士\r\n适用季节: 夏季\r\n厚薄: 薄款\r\n适用场景: 其他休闲\r\n款式细节: logo标识\r\n工艺处理: 水洗\r\n适用对象: 中年\r\n裤长: 长裤\r\n款式版型: 宽松直筒\r\n裤脚口款式: 直脚\r\n洗水工艺: 水洗\r\n材质成分: 棉66% 聚酯纤维33%',269,0,'条',7,NULL),
(45,'0028',0,0,100,'三文鱼中段400g','鲜有汇聚冰鲜三文鱼中段日料刺身拼盘新鲜生鱼片即食海鲜三文鱼肉 ','MARINE HARVEST NORWAY',66,'品牌名称：鲜有汇聚\r\n\r\n产品参数：\r\n\r\n    厂名：MARINE HARVEST NORWAY AS N1115\r\n    厂址：BAT-30237\r\n    厂家联系方式：0512-36859438\r\n    配料表：冰鲜三文鱼\r\n    储藏方法：0℃- 4℃冷藏\r\n    保质期：4 天\r\n    食品添加剂：无\r\n    品牌: 鲜有汇聚\r\n    产地: 挪威\r\n    食品工艺: 鲜活水产\r\n    包装方式: 包装\r\n    售卖方式: 单品\r\n    配送频次: 1周2次\r\n    鱼肉部位: 鱼中段\r\n    净含量: 400g',74,0,'件',10,NULL);

/*Table structure for table `t_goods_copy` */

DROP TABLE IF EXISTS `t_goods_copy`;

CREATE TABLE `t_goods_copy` (
  `id` int(11) NOT NULL AUTO_INCREMENT,
  `code` varchar(50) DEFAULT NULL,
  `inventory_quantity` int(11) DEFAULT NULL,
  `last_purchasing_price` float DEFAULT NULL,
  `min_num` int(11) DEFAULT NULL,
  `model` varchar(50) DEFAULT NULL,
  `name` varchar(50) DEFAULT NULL,
  `producer` varchar(200) DEFAULT NULL,
  `purchasing_price` float DEFAULT NULL,
  `remarks` varchar(1000) DEFAULT NULL,
  `selling_price` float DEFAULT NULL,
  `state` int(11) DEFAULT NULL,
  `unit` varchar(10) DEFAULT NULL,
  `type_id` int(11) DEFAULT NULL,
  `code_or_name` varchar(255) DEFAULT NULL,
  PRIMARY KEY (`id`),
  KEY `FKlxnna5ngumghp4f279mmbjtyo` (`type_id`)
) ENGINE=InnoDB AUTO_INCREMENT=46 DEFAULT CHARSET=utf8;

/*Data for the table `t_goods_copy` */

insert  into `t_goods_copy`(`id`,`code`,`inventory_quantity`,`last_purchasing_price`,`min_num`,`model`,`name`,`producer`,`purchasing_price`,`remarks`,`selling_price`,`state`,`unit`,`type_id`,`code_or_name`) values 
(1,'0001',90,8.5,1000,'红色装','陶华碧老干妈香辣脆油辣椒','贵州省贵阳南明老干妈风味食品有限公司',6.59,'好卖',8.5,2,'瓶',10,NULL),
(2,'0002',100,2220,400,'Note8','华为荣耀Note8','华为计算机系统有限公司',2029.68,'热销',2200,2,'台',16,NULL),
(11,'0003',2000,38,400,'500g装','野生东北黑木耳','辉南县博康土特产有限公司',23,'够黑2',38,2,'袋',11,NULL),
(12,'0004',1100,25,300,'2斤装','新疆红枣','沧州铭鑫食品有限公司',12.3,'好吃',25,2,'袋',10,NULL),
(13,'0005',1000,15,1000,'散装500克','麦片燕麦巧克力','福建省麦德好食品工业有限公司',7.06,'Goods',15,2,'袋',11,NULL),
(14,'0006',1000,13,1999,'300g装','冰糖金桔干','揭西县同心食品有限公司',5.01,'',13,2,'盒',11,NULL),
(15,'0007',100659,4.5,400,'500g装','吉利人家牛肉味蛋糕','合肥吉利人家食品有限公司',4.5,'good',10,2,'袋',11,NULL),
(16,'0008',1000,3,500,'128g装','奕森奶油桃肉蜜饯果脯果干桃肉干休闲零食品','潮州市潮安区正大食品有限公司',3,'',10,2,'盒',11,NULL),
(17,'0009',400,33,1000,'240g装','休闲零食坚果特产精品干果无漂白大个开心果','石家庄博群食品有限公司',20,'',33,2,'袋',11,NULL),
(18,'0010',200,12,300,'250g装','劲仔小鱼干','湖南省华文食品有限公司',12,'',20,2,'袋',11,NULL),
(19,'0011',11,3.2,300,'198g装','山楂条','临朐县七贤升利食品厂',3.2,'',10,0,'袋',11,NULL),
(20,'0012',22,20,200,'500g装','大乌梅干','长春市鼎丰真食品有限责任公司',20,'',25,0,'袋',11,NULL),
(21,'0013',400,3,100,'250g装','手工制作芝麻香酥麻通','桂林兰雨食品有限公司',3,'',8,2,'袋',11,NULL),
(22,'0014',12,5,200,'250g装','美国青豆原味 蒜香','菲律宾',5,'',8,2,'袋',11,NULL),
(24,'0015',47,8000,100,'X',' iPhone X','xx2',8000,'xxx2',9500,2,'台',16,NULL),
(26,'0017',0,3000,100,'ILCE-A6000L','Sony/索尼 ILCE-A6000L WIFI微单数码相机高清单电','xxx',3000,'xxx',3650,2,'台',15,NULL),
(27,'0018',0,800,400,'IXUS 285 HS','Canon/佳能 IXUS 285 HS 数码相机 2020万像素高清拍摄','xx',800,'xxx',1299,2,'台',15,NULL),
(28,'0019',100,60,300,'Q8','Golden Field/金河田 Q8电脑音响台式多媒体家用音箱低音炮重低音','xxxx',60,'',129,2,'台',17,NULL),
(29,'0020',0,1000,50,'190WDPT','Haier/海尔冰箱BCD-190WDPT双门电冰箱大两门冷藏冷冻','cc',1000,'',1699,0,'台',14,NULL),
(30,'0021',98,1199,320,'4A ','Xiaomi/小米 小米电视4A 32英寸 智能液晶平板电视机','cc',700,'',1199,2,'台',12,NULL),
(31,'0022',0,400,40,'XQB55-36SP','TCL XQB55-36SP 5.5公斤全自动波轮迷你小型洗衣机家用单脱抗菌','cc',400,'',729,0,'台',13,NULL),
(32,'0023',0,4,1000,'80g*2','台湾进口膨化零食品张君雅小妹妹日式串烧丸子80g*2','cc',4,'',15,0,'袋',9,NULL),
(33,'0024',0,168,10,'A字裙','卓图女装立领针织格子印花拼接高腰A字裙2017秋冬新款碎花连衣裙','cc',168,'',298,0,'件',6,NULL),
(34,'0025',0,189,10,'三件套秋','西服套装男三件套秋季新款商务修身职业正装男士西装新郎结婚礼服','cc',189,'',299,0,'件',7,NULL),
(35,'0026',0,200,10,'AFS JEEP','加绒加厚正品AFS JEEP/战地吉普男大码长裤植绒保暖男士牛仔裤子','c',200,'',89,0,'条',8,NULL),
(40,'0027',0,0,100,'宽松直筒','加绒加厚牛仔裤男直筒宽松带绒秋冬季冬天商务弹力修身黑色裤子男 ','MUZHILEE/慕志李',200,'品牌: MUZHILEE/慕志李\r\n材质: 棉\r\n尺码: 28 29 30 31 32 33 34 35 36 38 40\r\n牛仔面料: 棉弹牛仔布\r\n腰型: 中高腰\r\n颜色: 6281 【秋冬厚款不加绒】 6306 【秋冬厚款不加绒】 8872 【秋冬厚款不加绒】 6821 【秋冬厚款不加绒】 8870 【秋冬厚款不加绒】 8853 【秋冬厚款不加绒】 8879【秋冬厚款不加绒】 6281 【加绒加厚款】 6306 【加绒加厚款】 8853 【加绒加厚款】 8879 【加绒加厚款】\r\n裤门襟: 拉链\r\n弹力: 微弹\r\n细分风格: 商务休闲\r\n基础风格: 商务绅士\r\n适用季节: 夏季\r\n厚薄: 薄款\r\n适用场景: 其他休闲\r\n款式细节: logo标识\r\n工艺处理: 水洗\r\n适用对象: 中年\r\n裤长: 长裤\r\n款式版型: 宽松直筒\r\n裤脚口款式: 直脚\r\n洗水工艺: 水洗\r\n材质成分: 棉66% 聚酯纤维33%',269,0,'条',7,NULL),
(45,'0028',0,0,100,'三文鱼中段400g','鲜有汇聚冰鲜三文鱼中段日料刺身拼盘新鲜生鱼片即食海鲜三文鱼肉 ','MARINE HARVEST NORWAY',66,'品牌名称：鲜有汇聚\r\n\r\n产品参数：\r\n\r\n    厂名：MARINE HARVEST NORWAY AS N1115\r\n    厂址：BAT-30237\r\n    厂家联系方式：0512-36859438\r\n    配料表：冰鲜三文鱼\r\n    储藏方法：0℃- 4℃冷藏\r\n    保质期：4 天\r\n    食品添加剂：无\r\n    品牌: 鲜有汇聚\r\n    产地: 挪威\r\n    食品工艺: 鲜活水产\r\n    包装方式: 包装\r\n    售卖方式: 单品\r\n    配送频次: 1周2次\r\n    鱼肉部位: 鱼中段\r\n    净含量: 400g',74,0,'件',10,NULL);

/*Table structure for table `t_goodstype` */

DROP TABLE IF EXISTS `t_goodstype`;

CREATE TABLE `t_goodstype` (
  `id` int(11) NOT NULL AUTO_INCREMENT,
  `icon` varchar(100) DEFAULT NULL,
  `name` varchar(50) DEFAULT NULL,
  `p_id` int(11) DEFAULT NULL,
  `state` int(11) DEFAULT NULL,
  PRIMARY KEY (`id`)
) ENGINE=InnoDB AUTO_INCREMENT=18 DEFAULT CHARSET=utf8;

/*Data for the table `t_goodstype` */

insert  into `t_goodstype`(`id`,`icon`,`name`,`p_id`,`state`) values 
(1,'icon-folderOpen','所有类别',-1,1),
(2,'icon-folder','服饰',1,1),
(3,'icon-folder','食品',1,1),
(4,'icon-folder','家电',1,1),
(5,'icon-folder','数码',1,1),
(6,'icon-folder','连衣裙',2,0),
(7,'icon-folder','男士西装',2,0),
(8,'icon-folder','牛仔裤',2,0),
(9,'icon-folder','进口食品',3,0),
(10,'icon-folder','地方特产',3,0),
(11,'icon-folder','休闲食品',3,0),
(12,'icon-folder','电视机',4,0),
(13,'icon-folder','洗衣机',4,0),
(14,'icon-folder','冰箱',4,0),
(15,'icon-folder','相机',5,0),
(16,'icon-folder','手机',5,0),
(17,'icon-folder','音箱',5,0);

/*Table structure for table `t_goodsunit` */

DROP TABLE IF EXISTS `t_goodsunit`;

CREATE TABLE `t_goodsunit` (
  `id` int(11) NOT NULL AUTO_INCREMENT,
  `name` varchar(10) DEFAULT NULL,
  PRIMARY KEY (`id`)
) ENGINE=InnoDB AUTO_INCREMENT=16 DEFAULT CHARSET=utf8;

/*Data for the table `t_goodsunit` */

insert  into `t_goodsunit`(`id`,`name`) values 
(1,'个'),
(2,'袋'),
(3,'盒'),
(4,'箱'),
(5,'台'),
(6,'包'),
(11,'件'),
(12,'条'),
(15,'新');

/*Table structure for table `t_log` */

DROP TABLE IF EXISTS `t_log`;

CREATE TABLE `t_log` (
  `id` int(11) NOT NULL AUTO_INCREMENT,
  `content` varchar(1000) DEFAULT NULL,
  `time` datetime DEFAULT NULL,
  `type` varchar(100) DEFAULT NULL,
  `user_id` int(11) DEFAULT NULL,
  PRIMARY KEY (`id`),
  KEY `FKbvn5yabu3vqwvtjoh32i9r4ip` (`user_id`),
  CONSTRAINT `FKbvn5yabu3vqwvtjoh32i9r4ip` FOREIGN KEY (`user_id`) REFERENCES `t_user` (`id`)
) ENGINE=InnoDB AUTO_INCREMENT=4741 DEFAULT CHARSET=utf8;

/*Data for the table `t_log` */

insert  into `t_log`(`id`,`content`,`time`,`type`,`user_id`) values 
(1,'用户登录','2020-01-11 04:08:37','登录操作',1),
(2,'查询角色信息','2020-01-11 04:09:17','查询操作',1),
(3,'查询角色信息','2020-01-11 04:09:17','查询操作',1),
(4,'查询用户信息','2020-01-11 04:09:25','查询操作',1),
(5,'查询用户信息','2020-01-11 04:09:25','查询操作',1),
(6,'查询用户信息','2020-01-11 04:09:38','查询操作',1),
(7,'添加用户信息User(id=null, userName=jack1, password=123, trueName=杰克, remarks=, roles=null)','2020-01-11 04:10:02','添加操作',1),
(8,'查询用户信息','2020-01-11 04:10:02','查询操作',1),
(9,'查询用户信息','2020-01-11 04:11:07','查询操作',1),
(10,'查询所有用户信息','2020-01-11 04:11:14','查询操作',1),
(11,'保存用户角色设置','2020-01-11 04:11:16','更新操作',1),
(12,'查询用户信息','2020-01-11 04:11:16','查询操作',1),
(13,'查询所有用户信息','2020-01-11 04:11:49','查询操作',1),
(14,'保存用户角色设置','2020-01-11 04:11:53','更新操作',1),
(15,'查询用户信息','2020-01-11 04:11:53','查询操作',1),
(16,'更新用户信息User(id=8, userName=jack1, password=123s, trueName=杰克s, remarks=hgjfh, roles=null)','2020-01-11 04:12:16','更新操作',1),
(17,'查询用户信息','2020-01-11 04:12:16','查询操作',1),
(18,'删除用户信息User(id=8, userName=jack1, password=123s, trueName=杰克s, remarks=hgjfh, roles=null)','2020-01-11 04:12:33','删除操作',1),
(19,'查询用户信息','2020-01-11 04:12:33','查询操作',1),
(20,'查询角色信息','2020-01-11 04:15:37','查询操作',1),
(21,'查询角色信息','2020-01-11 04:15:37','查询操作',1),
(22,'查询角色信息','2020-01-11 04:15:57','查询操作',1),
(23,'查询角色信息','2020-01-11 04:16:58','查询操作',1),
(24,'查询角色信息','2020-01-11 04:16:58','查询操作',1),
(25,'修改角色信息Role(id=17, name=张三111, remarks=313)','2020-01-11 04:17:04','更新操作',1),
(26,'查询角色信息','2020-01-11 04:17:04','查询操作',1),
(27,'修改角色信息Role(id=18, name=操131, remarks=31231)','2020-01-11 04:18:20','更新操作',1),
(28,'查询角色信息','2020-01-11 04:18:20','查询操作',1),
(29,'删除角色信息Role(id=18, name=操131, remarks=31231)','2020-01-11 04:18:42','删除操作',1),
(30,'查询角色信息','2020-01-11 04:18:43','查询操作',1),
(31,'删除角色信息Role(id=17, name=张三111, remarks=313)','2020-01-11 04:19:32','删除操作',1),
(32,'查询角色信息','2020-01-11 04:19:32','查询操作',1),
(33,'查询角色信息','2020-01-11 04:19:40','查询操作',1),
(34,'修改角色信息Role(id=19, name=31, remarks=321)','2020-01-11 04:20:17','更新操作',1),
(35,'查询角色信息','2020-01-11 04:20:17','查询操作',1),
(36,'查询角色信息','2020-01-11 04:20:38','查询操作',1),
(37,'查询角色信息','2020-01-11 04:20:38','查询操作',1),
(38,'添加角色信息Role(id=null, name=3131231, remarks=3132)','2020-01-11 04:20:47','添加操作',1),
(39,'查询角色信息','2020-01-11 04:20:47','查询操作',1),
(40,'修改角色信息Role(id=20, name=dasd , remarks=1)','2020-01-11 04:21:10','更新操作',1),
(41,'查询角色信息','2020-01-11 04:21:11','查询操作',1),
(42,'查询角色信息','2020-01-11 04:23:30','查询操作',1),
(43,'查询角色信息','2020-01-11 04:23:30','查询操作',1),
(44,'查询用户信息','2020-01-11 04:23:30','查询操作',1),
(45,'查询用户信息','2020-01-11 04:23:30','查询操作',1),
(46,'删除角色信息Role(id=20, name=dasd , remarks=1)','2020-01-11 04:23:36','删除操作',1),
(47,'查询角色信息','2020-01-11 04:23:36','查询操作',1),
(48,'删除角色信息Role(id=19, name=31, remarks=321)','2020-01-11 04:23:44','删除操作',1),
(49,'查询角色信息','2020-01-11 04:23:45','查询操作',1),
(50,'保存角色权限设置','2020-01-11 04:24:02','更新操作',1),
(51,'删除角色信息Role(id=16, name=11, remarks=11)','2020-01-11 04:24:42','删除操作',1),
(52,'查询角色信息','2020-01-11 04:24:42','查询操作',1),
(53,'用户登录','2020-01-11 05:03:06','登录操作',1),
(77,'用户登录','2020-01-11 05:06:53','登录操作',7),
(78,'用户登录','2020-01-11 05:09:54','登录操作',1),
(79,'用户登录','2020-01-11 10:05:48','登录操作',1),
(80,'用户登录','2020-01-11 10:07:09','登录操作',1),
(81,'查询用户信息','2020-01-11 10:10:33','查询操作',1),
(82,'查询用户信息','2020-01-11 10:10:33','查询操作',1),
(83,'查询角色信息','2020-01-11 10:10:51','查询操作',1),
(84,'查询角色信息','2020-01-11 10:10:51','查询操作',1),
(85,'用户登录','2020-01-11 11:16:02','登录操作',1),
(88,'修改密码','2020-01-11 11:18:19','更新操作',1),
(89,'用户注销','2020-01-11 11:20:17','注销操作',1),
(90,'用户登录','2020-01-11 11:21:16','登录操作',1),
(91,'用户注销','2020-01-11 11:24:44','注销操作',1),
(92,'用户登录','2020-01-11 11:24:59','登录操作',1),
(93,'用户注销','2020-01-11 11:25:09','注销操作',1),
(94,'用户登录','2020-01-11 11:26:52','登录操作',1),
(95,'用户注销','2020-01-11 11:30:31','注销操作',1),
(96,'用户登录','2020-01-11 11:30:44','登录操作',1),
(97,'用户注销','2020-01-11 11:30:52','注销操作',1),
(98,'用户登录','2020-01-11 11:33:13','登录操作',1),
(99,'用户注销','2020-01-11 11:33:15','注销操作',1),
(100,'用户登录','2020-01-11 11:33:42','登录操作',1),
(101,'用户注销','2020-01-11 11:33:45','注销操作',1),
(102,'用户登录','2020-01-11 11:34:30','登录操作',1),
(103,'用户登录','2020-01-11 11:38:08','登录操作',1),
(104,'用户注销','2020-01-11 11:38:11','注销操作',1),
(105,'用户登录','2020-01-11 11:38:43','登录操作',1),
(106,'用户注销','2020-01-11 11:38:46','注销操作',1),
(107,'用户登录','2020-01-11 11:39:44','登录操作',1),
(108,'用户注销','2020-01-11 11:39:47','注销操作',1),
(109,'用户登录','2020-01-11 11:40:44','登录操作',1),
(110,'用户注销','2020-01-11 11:40:50','注销操作',1),
(111,'用户登录','2020-01-11 11:43:12','登录操作',1),
(112,'用户注销','2020-01-11 11:43:15','注销操作',1),
(113,'用户登录','2020-01-11 12:11:42','登录操作',1),
(114,'用户注销','2020-01-11 12:39:56','注销操作',1),
(115,'用户登录','2020-01-11 14:23:28','登录操作',1),
(116,'查询供应商信息','2020-01-11 14:23:32','查询操作',1),
(117,'查询供应商信息','2020-01-11 14:23:35','查询操作',1),
(118,'查询供应商信息','2020-01-11 14:23:36','查询操作',1),
(119,'查询供应商信息','2020-01-11 14:26:18','查询操作',1),
(120,'查询供应商信息','2020-01-11 14:26:44','查询操作',1),
(121,'查询供应商信息','2020-01-11 14:27:51','查询操作',1),
(122,'查询用户信息','2020-01-11 14:28:35','查询操作',1),
(123,'查询用户信息','2020-01-11 14:28:35','查询操作',1),
(124,'查询供应商信息','2020-01-11 14:28:40','查询操作',1),
(125,'添加供应商信息Supplier(id=null, name=wqeq, contact=ewq, number=3131, address=awedq, remarks=eqweq)','2020-01-11 14:28:58','添加操作',1),
(126,'查询供应商信息','2020-01-11 14:28:59','查询操作',1),
(127,'查询供应商信息','2020-01-11 14:29:00','查询操作',1),
(128,'添加供应商信息Supplier(id=null, name=wqeq, contact=ewq1, number=31312, address=awedq1, remarks=eqweq1)','2020-01-11 14:29:25','添加操作',1),
(129,'查询供应商信息','2020-01-11 14:29:25','查询操作',1),
(130,'查询供应商信息','2020-01-11 14:32:36','查询操作',1),
(131,'查询供应商信息','2020-01-11 14:32:39','查询操作',1),
(132,'删除供应商信息Supplier(id=20, name=wqeq, contact=ewq1, number=31312, address=awedq1, remarks=eqweq1)','2020-01-11 14:32:42','删除操作',1),
(133,'查询供应商信息','2020-01-11 14:32:42','查询操作',1),
(134,'查询供应商信息','2020-01-11 14:33:21','查询操作',1),
(135,'查询供应商信息','2020-01-11 14:33:23','查询操作',1),
(136,'更新供应商信息Supplier(id=19, name=wqeq, contact=ewq312, number=3131312, address=awedq31, remarks=eqweq231)','2020-01-11 14:33:29','更新操作',1),
(137,'查询供应商信息','2020-01-11 14:33:29','查询操作',1),
(138,'添加供应商信息Supplier(id=null, name=1231, contact=3123, number=3123, address=1231, remarks=312)','2020-01-11 14:33:54','添加操作',1),
(139,'查询供应商信息','2020-01-11 14:33:55','查询操作',1),
(140,'删除供应商信息Supplier(id=19, name=wqeq, contact=ewq312, number=3131312, address=awedq31, remarks=eqweq231)','2020-01-11 14:33:58','删除操作',1),
(141,'删除供应商信息Supplier(id=21, name=1231, contact=3123, number=3123, address=1231, remarks=312)','2020-01-11 14:33:58','删除操作',1),
(142,'查询供应商信息','2020-01-11 14:33:58','查询操作',1),
(143,'用户登录','2020-01-11 15:21:13','登录操作',1),
(144,'查询客户信息','2020-01-11 15:21:18','查询操作',1),
(145,'查询客户信息','2020-01-11 15:21:18','查询操作',1),
(146,'查询客户信息','2020-01-11 15:21:36','查询操作',1),
(147,'查询客户信息','2020-01-11 15:21:38','查询操作',1),
(148,'添加客户信息Customer(id=null, name=1而且, contact=耳温枪, number=eqeq, address=ewq, remarks=eqweq)','2020-01-11 15:21:47','添加操作',1),
(149,'查询客户信息','2020-01-11 15:21:47','查询操作',1),
(150,'查询用户信息','2020-01-11 15:25:34','查询操作',1),
(151,'查询用户信息','2020-01-11 15:25:34','查询操作',1),
(152,'查询客户信息','2020-01-11 15:25:41','查询操作',1),
(153,'查询客户信息','2020-01-11 15:25:41','查询操作',1),
(154,'更新客户信息Customer(id=7, name=1而且eqw, contact=耳温枪eqe, number=eqeqeq, address=ewqeq, remarks=eqweqeqw)','2020-01-11 15:25:49','更新操作',1),
(155,'查询客户信息','2020-01-11 15:25:49','查询操作',1),
(156,'添加客户信息Customer(id=null, name=31, contact=3123, number=3131312, address=31, remarks=31)','2020-01-11 15:26:34','添加操作',1),
(157,'查询客户信息','2020-01-11 15:26:35','查询操作',1),
(158,'删除客户信息Customer(id=7, name=1而且eqw, contact=耳温枪eqe, number=eqeqeq, address=ewqeq, remarks=eqweqeqw)','2020-01-11 15:26:47','删除操作',1),
(159,'删除客户信息Customer(id=8, name=31, contact=3123, number=3131312, address=31, remarks=31)','2020-01-11 15:26:47','删除操作',1),
(160,'查询客户信息','2020-01-11 15:26:47','查询操作',1),
(161,'查询供应商信息','2020-01-11 15:26:49','查询操作',1),
(162,'查询供应商信息','2020-01-11 15:26:49','查询操作',1),
(163,'查询客户信息','2020-01-11 15:26:56','查询操作',1),
(164,'查询客户信息','2020-01-11 15:28:08','查询操作',1),
(165,'查询客户信息','2020-01-11 15:28:08','查询操作',1),
(166,'添加客户信息Customer{id=null, name=\'3131\', contact=\'3123\', number=\'3123\'}','2020-01-11 15:28:18','添加操作',1),
(167,'查询客户信息','2020-01-11 15:28:18','查询操作',1),
(168,'删除客户信息Customer{id=9, name=\'3131\', contact=\'3123\', number=\'3123\'}','2020-01-11 15:28:44','删除操作',1),
(169,'查询客户信息','2020-01-11 15:28:44','查询操作',1),
(170,'查询客户信息','2020-01-11 15:35:51','查询操作',1),
(171,'查询客户信息','2020-01-11 15:35:51','查询操作',1),
(172,'查询用户信息','2020-01-11 15:35:54','查询操作',1),
(173,'查询用户信息','2020-01-11 15:35:54','查询操作',1),
(174,'查询供应商信息','2020-01-11 15:35:58','查询操作',1),
(175,'查询供应商信息','2020-01-11 15:35:58','查询操作',1),
(176,'添加供应商信息供应商{编号=null, 名称=\'31\', 联系人=\'3123\', 联系电话=\'3123\'}','2020-01-11 15:36:08','添加操作',1),
(177,'查询供应商信息','2020-01-11 15:36:08','查询操作',1),
(178,'查询供应商信息','2020-01-11 15:36:43','查询操作',1),
(179,'查询供应商信息','2020-01-11 15:36:43','查询操作',1),
(180,'查询供应商信息','2020-01-11 15:36:45','查询操作',1),
(181,'更新供应商信息--供应商{编号=22, 名称=\'3131\', 联系人=\'312331\', 联系电话=\'3123312\'}','2020-01-11 15:36:51','更新操作',1),
(182,'查询供应商信息','2020-01-11 15:36:52','查询操作',1),
(183,'查询客户信息','2020-01-11 15:37:22','查询操作',1),
(184,'查询客户信息','2020-01-11 15:37:22','查询操作',1),
(185,'删除供应商信息--供应商{编号=22, 名称=\'3131\', 联系人=\'312331\', 联系电话=\'3123312\'}','2020-01-11 15:37:30','删除操作',1),
(186,'查询供应商信息','2020-01-11 15:37:30','查询操作',1),
(187,'查询客户信息','2020-01-11 15:38:11','查询操作',1),
(188,'查询客户信息','2020-01-11 15:38:11','查询操作',1),
(189,'添加客户信息--{编号=null, 名称=\'桂林电子科技大学\', 联系人=\'覃雄洁\', 联系电话=\'1366565146\'}','2020-01-11 15:38:38','添加操作',1),
(190,'查询客户信息','2020-01-11 15:38:38','查询操作',1),
(191,'删除客户信息--{编号=10, 名称=\'桂林电子科技大学\', 联系人=\'覃雄洁\', 联系电话=\'1366565146\'}','2020-01-11 15:38:53','删除操作',1),
(192,'查询客户信息','2020-01-11 15:38:53','查询操作',1),
(193,'用户登录','2020-01-12 03:12:37','登录操作',1),
(194,'查询所有商品类别信息','2020-01-12 03:12:41','查询操作',1),
(195,'查询所有商品类别信息','2020-01-12 03:13:30','查询操作',1),
(196,'查询所有商品类别信息','2020-01-12 03:17:56','查询操作',1),
(197,'查询所有商品类别信息','2020-01-12 03:19:01','查询操作',1),
(198,'查询所有商品类别信息','2020-01-12 03:19:52','查询操作',1),
(199,'查询所有商品类别信息','2020-01-12 03:20:04','查询操作',1),
(200,'查询所有商品类别信息','2020-01-12 03:21:18','查询操作',1),
(201,'查询用户信息','2020-01-12 03:22:51','查询操作',1),
(202,'查询用户信息','2020-01-12 03:22:51','查询操作',1),
(203,'查询所有商品类别信息','2020-01-12 03:22:53','查询操作',1),
(204,'查询所有商品类别信息','2020-01-12 03:23:27','查询操作',1),
(205,'查询所有商品类别信息','2020-01-12 03:25:32','查询操作',1),
(206,'查询所有商品类别信息','2020-01-12 03:34:24','查询操作',1),
(207,'查询所有商品类别信息','2020-01-12 03:39:34','查询操作',1),
(208,'查询所有商品类别信息','2020-01-12 03:43:41','查询操作',1),
(209,'查询所有商品类别信息','2020-01-12 03:44:02','查询操作',1),
(210,'查询所有商品类别信息','2020-01-12 04:01:34','查询操作',1),
(211,'用户登录','2020-01-12 04:38:02','登录操作',1),
(212,'查询所有商品类别信息','2020-01-12 04:38:04','查询操作',1),
(213,'添加商品类别信息','2020-01-12 04:38:20','添加操作',1),
(214,'查询所有商品类别信息','2020-01-12 04:38:20','查询操作',1),
(215,'添加商品类别信息','2020-01-12 04:38:31','添加操作',1),
(216,'查询所有商品类别信息','2020-01-12 04:38:31','查询操作',1),
(217,'添加商品类别信息','2020-01-12 04:38:41','添加操作',1),
(218,'查询所有商品类别信息','2020-01-12 04:38:41','查询操作',1),
(219,'添加商品类别信息','2020-01-12 04:38:50','添加操作',1),
(220,'查询所有商品类别信息','2020-01-12 04:38:50','查询操作',1),
(221,'查询所有商品类别信息','2020-01-12 04:40:25','查询操作',1),
(222,'添加商品类别信息','2020-01-12 04:41:06','添加操作',1),
(223,'查询所有商品类别信息','2020-01-12 04:41:06','查询操作',1),
(224,'添加商品类别信息','2020-01-12 04:41:33','添加操作',1),
(225,'查询所有商品类别信息','2020-01-12 04:41:33','查询操作',1),
(226,'添加商品类别信息','2020-01-12 04:41:36','添加操作',1),
(227,'查询所有商品类别信息','2020-01-12 04:41:36','查询操作',1),
(228,'查询所有商品类别信息','2020-01-12 04:42:05','查询操作',1),
(229,'删除商品类别信息--{编号=24, 商品列表名称=\'恶气呃\', 类别节点类型=0, 图标=\'icon-folder\', 父菜单Id=1}','2020-01-12 04:42:24','删除操作',1),
(230,'查询所有商品类别信息','2020-01-12 04:42:24','查询操作',1),
(231,'删除商品类别信息--{编号=23, 商品列表名称=\'而且\', 类别节点类型=0, 图标=\'icon-folder\', 父菜单Id=1}','2020-01-12 04:42:26','删除操作',1),
(232,'查询所有商品类别信息','2020-01-12 04:42:26','查询操作',1),
(233,'删除商品类别信息--{编号=22, 商品列表名称=\'宠物猪\', 类别节点类型=0, 图标=\'icon-folder\', 父菜单Id=1}','2020-01-12 04:42:28','删除操作',1),
(234,'查询所有商品类别信息','2020-01-12 04:42:28','查询操作',1),
(235,'添加商品类别信息','2020-01-12 04:42:33','添加操作',1),
(236,'查询所有商品类别信息','2020-01-12 04:42:33','查询操作',1),
(237,'添加商品类别信息','2020-01-12 04:42:39','添加操作',1),
(238,'查询所有商品类别信息','2020-01-12 04:42:39','查询操作',1),
(239,'添加商品类别信息','2020-01-12 04:42:44','添加操作',1),
(240,'查询所有商品类别信息','2020-01-12 04:42:44','查询操作',1),
(241,'添加商品类别信息','2020-01-12 04:43:56','添加操作',1),
(242,'查询所有商品类别信息','2020-01-12 04:43:56','查询操作',1),
(243,'添加商品类别信息','2020-01-12 04:44:00','添加操作',1),
(244,'查询所有商品类别信息','2020-01-12 04:44:00','查询操作',1),
(245,'查询所有商品类别信息','2020-01-12 04:44:29','查询操作',1),
(246,'删除商品类别信息--{编号=29, 商品列表名称=\'11\', 类别节点类型=0, 图标=\'icon-folder\', 父菜单Id=1}','2020-01-12 04:44:31','删除操作',1),
(247,'查询所有商品类别信息','2020-01-12 04:44:31','查询操作',1),
(248,'删除商品类别信息--{编号=28, 商品列表名称=\'1\', 类别节点类型=0, 图标=\'icon-folder\', 父菜单Id=27}','2020-01-12 04:44:33','删除操作',1),
(249,'查询所有商品类别信息','2020-01-12 04:44:33','查询操作',1),
(250,'查询所有商品类别信息','2020-01-12 04:44:33','查询操作',1),
(251,'查询所有商品类别信息','2020-01-12 04:44:34','查询操作',1),
(252,'查询所有商品类别信息','2020-01-12 04:44:34','查询操作',1),
(253,'查询所有商品类别信息','2020-01-12 04:44:34','查询操作',1),
(254,'查询所有商品类别信息','2020-01-12 04:44:35','查询操作',1),
(255,'查询所有商品类别信息','2020-01-12 04:44:35','查询操作',1),
(256,'查询所有商品类别信息','2020-01-12 04:44:35','查询操作',1),
(257,'查询所有商品类别信息','2020-01-12 04:44:36','查询操作',1),
(258,'查询所有商品类别信息','2020-01-12 04:44:36','查询操作',1),
(259,'查询所有商品类别信息','2020-01-12 04:44:36','查询操作',1),
(260,'查询所有商品类别信息','2020-01-12 04:44:36','查询操作',1),
(261,'查询所有商品类别信息','2020-01-12 04:44:36','查询操作',1),
(262,'查询所有商品类别信息','2020-01-12 04:44:36','查询操作',1),
(263,'查询所有商品类别信息','2020-01-12 04:44:36','查询操作',1),
(264,'查询所有商品类别信息','2020-01-12 04:44:36','查询操作',1),
(265,'查询所有商品类别信息','2020-01-12 04:44:36','查询操作',1),
(266,'查询所有商品类别信息','2020-01-12 04:44:36','查询操作',1),
(267,'查询所有商品类别信息','2020-01-12 04:44:36','查询操作',1),
(268,'查询所有商品类别信息','2020-01-12 04:44:36','查询操作',1),
(269,'查询所有商品类别信息','2020-01-12 04:44:36','查询操作',1),
(270,'查询所有商品类别信息','2020-01-12 04:44:36','查询操作',1),
(271,'查询所有商品类别信息','2020-01-12 04:44:37','查询操作',1),
(272,'查询所有商品类别信息','2020-01-12 04:44:37','查询操作',1),
(273,'查询所有商品类别信息','2020-01-12 04:44:37','查询操作',1),
(274,'查询所有商品类别信息','2020-01-12 04:44:37','查询操作',1),
(275,'查询所有商品类别信息','2020-01-12 04:44:37','查询操作',1),
(276,'查询所有商品类别信息','2020-01-12 04:44:37','查询操作',1),
(277,'查询所有商品类别信息','2020-01-12 04:44:37','查询操作',1),
(278,'查询所有商品类别信息','2020-01-12 04:44:37','查询操作',1),
(279,'查询所有商品类别信息','2020-01-12 04:44:38','查询操作',1),
(280,'查询所有商品类别信息','2020-01-12 04:44:38','查询操作',1),
(281,'查询所有商品类别信息','2020-01-12 04:44:38','查询操作',1),
(282,'查询所有商品类别信息','2020-01-12 04:44:38','查询操作',1),
(283,'查询所有商品类别信息','2020-01-12 04:44:38','查询操作',1),
(284,'查询所有商品类别信息','2020-01-12 04:44:39','查询操作',1),
(285,'查询所有商品类别信息','2020-01-12 04:44:39','查询操作',1),
(286,'查询所有商品类别信息','2020-01-12 04:44:39','查询操作',1),
(287,'查询所有商品类别信息','2020-01-12 04:44:40','查询操作',1),
(288,'查询所有商品类别信息','2020-01-12 04:44:40','查询操作',1),
(289,'查询所有商品类别信息','2020-01-12 04:44:41','查询操作',1),
(290,'查询所有商品类别信息','2020-01-12 04:44:41','查询操作',1),
(291,'查询所有商品类别信息','2020-01-12 04:44:41','查询操作',1),
(292,'查询所有商品类别信息','2020-01-12 04:44:42','查询操作',1),
(293,'查询所有商品类别信息','2020-01-12 04:44:42','查询操作',1),
(294,'查询所有商品类别信息','2020-01-12 04:44:42','查询操作',1),
(295,'查询所有商品类别信息','2020-01-12 04:44:43','查询操作',1),
(296,'查询所有商品类别信息','2020-01-12 04:44:43','查询操作',1),
(297,'查询所有商品类别信息','2020-01-12 04:44:44','查询操作',1),
(298,'查询所有商品类别信息','2020-01-12 04:44:46','查询操作',1),
(299,'查询所有商品类别信息','2020-01-12 04:44:47','查询操作',1),
(300,'查询所有商品类别信息','2020-01-12 04:44:47','查询操作',1),
(301,'查询所有商品类别信息','2020-01-12 04:44:48','查询操作',1),
(302,'查询所有商品类别信息','2020-01-12 04:44:48','查询操作',1),
(303,'查询所有商品类别信息','2020-01-12 04:44:49','查询操作',1),
(304,'查询所有商品类别信息','2020-01-12 04:44:49','查询操作',1),
(305,'查询所有商品类别信息','2020-01-12 04:44:50','查询操作',1),
(306,'查询所有商品类别信息','2020-01-12 04:44:51','查询操作',1),
(307,'查询所有商品类别信息','2020-01-12 04:44:53','查询操作',1),
(308,'查询所有商品类别信息','2020-01-12 04:44:54','查询操作',1),
(309,'查询所有商品类别信息','2020-01-12 04:44:55','查询操作',1),
(310,'查询所有商品类别信息','2020-01-12 04:44:55','查询操作',1),
(311,'查询所有商品类别信息','2020-01-12 04:44:56','查询操作',1),
(312,'查询所有商品类别信息','2020-01-12 04:44:57','查询操作',1),
(313,'查询所有商品类别信息','2020-01-12 04:44:58','查询操作',1),
(314,'查询所有商品类别信息','2020-01-12 04:44:58','查询操作',1),
(315,'查询所有商品类别信息','2020-01-12 04:44:59','查询操作',1),
(316,'查询所有商品类别信息','2020-01-12 04:45:00','查询操作',1),
(317,'查询所有商品类别信息','2020-01-12 04:45:01','查询操作',1),
(318,'查询所有商品类别信息','2020-01-12 04:45:02','查询操作',1),
(319,'查询所有商品类别信息','2020-01-12 04:45:03','查询操作',1),
(320,'查询所有商品类别信息','2020-01-12 04:45:04','查询操作',1),
(321,'查询所有商品类别信息','2020-01-12 04:45:05','查询操作',1),
(322,'查询所有商品类别信息','2020-01-12 04:45:06','查询操作',1),
(323,'查询所有商品类别信息','2020-01-12 04:45:07','查询操作',1),
(324,'查询所有商品类别信息','2020-01-12 04:45:08','查询操作',1),
(325,'查询所有商品类别信息','2020-01-12 04:45:09','查询操作',1),
(326,'查询所有商品类别信息','2020-01-12 04:45:11','查询操作',1),
(327,'查询所有商品类别信息','2020-01-12 04:45:12','查询操作',1),
(328,'查询所有商品类别信息','2020-01-12 04:45:13','查询操作',1),
(329,'查询所有商品类别信息','2020-01-12 04:45:46','查询操作',1),
(330,'查询所有商品类别信息','2020-01-12 04:45:46','查询操作',1),
(331,'查询所有商品类别信息','2020-01-12 04:45:46','查询操作',1),
(332,'查询所有商品类别信息','2020-01-12 04:45:46','查询操作',1),
(333,'查询所有商品类别信息','2020-01-12 04:45:46','查询操作',1),
(334,'查询所有商品类别信息','2020-01-12 04:45:46','查询操作',1),
(335,'查询所有商品类别信息','2020-01-12 04:45:46','查询操作',1),
(336,'查询所有商品类别信息','2020-01-12 04:45:46','查询操作',1),
(337,'查询所有商品类别信息','2020-01-12 04:45:46','查询操作',1),
(338,'查询所有商品类别信息','2020-01-12 04:45:46','查询操作',1),
(339,'查询所有商品类别信息','2020-01-12 04:45:47','查询操作',1),
(340,'查询所有商品类别信息','2020-01-12 04:45:47','查询操作',1),
(341,'查询所有商品类别信息','2020-01-12 04:45:47','查询操作',1),
(342,'查询所有商品类别信息','2020-01-12 04:45:47','查询操作',1),
(343,'查询所有商品类别信息','2020-01-12 04:45:47','查询操作',1),
(344,'查询所有商品类别信息','2020-01-12 04:45:47','查询操作',1),
(345,'查询所有商品类别信息','2020-01-12 04:45:47','查询操作',1),
(346,'查询所有商品类别信息','2020-01-12 04:45:47','查询操作',1),
(347,'查询所有商品类别信息','2020-01-12 04:45:47','查询操作',1),
(348,'查询所有商品类别信息','2020-01-12 04:45:47','查询操作',1),
(349,'查询所有商品类别信息','2020-01-12 04:45:47','查询操作',1),
(350,'查询所有商品类别信息','2020-01-12 04:45:47','查询操作',1),
(351,'查询所有商品类别信息','2020-01-12 04:45:47','查询操作',1),
(352,'查询所有商品类别信息','2020-01-12 04:45:48','查询操作',1),
(353,'查询所有商品类别信息','2020-01-12 04:45:48','查询操作',1),
(354,'查询所有商品类别信息','2020-01-12 04:45:48','查询操作',1),
(355,'查询所有商品类别信息','2020-01-12 04:45:48','查询操作',1),
(356,'查询所有商品类别信息','2020-01-12 04:45:48','查询操作',1),
(357,'查询所有商品类别信息','2020-01-12 04:45:48','查询操作',1),
(358,'查询所有商品类别信息','2020-01-12 04:45:48','查询操作',1),
(359,'查询所有商品类别信息','2020-01-12 04:45:49','查询操作',1),
(360,'查询所有商品类别信息','2020-01-12 04:45:49','查询操作',1),
(361,'查询所有商品类别信息','2020-01-12 04:45:49','查询操作',1),
(362,'查询所有商品类别信息','2020-01-12 04:45:49','查询操作',1),
(363,'查询所有商品类别信息','2020-01-12 04:45:49','查询操作',1),
(364,'查询所有商品类别信息','2020-01-12 04:45:50','查询操作',1),
(365,'查询所有商品类别信息','2020-01-12 04:45:50','查询操作',1),
(366,'查询所有商品类别信息','2020-01-12 04:45:50','查询操作',1),
(367,'查询所有商品类别信息','2020-01-12 04:45:50','查询操作',1),
(368,'查询所有商品类别信息','2020-01-12 04:45:51','查询操作',1),
(369,'查询所有商品类别信息','2020-01-12 04:45:51','查询操作',1),
(370,'查询所有商品类别信息','2020-01-12 04:45:51','查询操作',1),
(371,'查询所有商品类别信息','2020-01-12 04:45:52','查询操作',1),
(372,'查询所有商品类别信息','2020-01-12 04:45:52','查询操作',1),
(373,'查询所有商品类别信息','2020-01-12 04:45:53','查询操作',1),
(374,'查询所有商品类别信息','2020-01-12 04:45:53','查询操作',1),
(375,'查询所有商品类别信息','2020-01-12 04:45:53','查询操作',1),
(376,'查询所有商品类别信息','2020-01-12 04:45:54','查询操作',1),
(377,'查询所有商品类别信息','2020-01-12 04:45:54','查询操作',1),
(378,'查询所有商品类别信息','2020-01-12 04:45:55','查询操作',1),
(379,'查询所有商品类别信息','2020-01-12 04:45:55','查询操作',1),
(380,'查询所有商品类别信息','2020-01-12 04:45:56','查询操作',1),
(381,'查询所有商品类别信息','2020-01-12 04:46:35','查询操作',1),
(382,'删除商品类别信息--{编号=26, 商品列表名称=\'3131\', 类别节点类型=0, 图标=\'icon-folder\', 父菜单Id=18}','2020-01-12 04:46:42','删除操作',1),
(383,'查询所有商品类别信息','2020-01-12 04:46:42','查询操作',1),
(384,'删除商品类别信息--{编号=25, 商品列表名称=\'13\', 类别节点类型=0, 图标=\'icon-folder\', 父菜单Id=18}','2020-01-12 04:46:44','删除操作',1),
(385,'查询所有商品类别信息','2020-01-12 04:46:44','查询操作',1),
(386,'删除商品类别信息--{编号=21, 商品列表名称=\'鹦鹉\', 类别节点类型=0, 图标=\'icon-folder\', 父菜单Id=18}','2020-01-12 04:46:46','删除操作',1),
(387,'查询所有商品类别信息','2020-01-12 04:46:46','查询操作',1),
(388,'删除商品类别信息--{编号=20, 商品列表名称=\'宠物猫\', 类别节点类型=0, 图标=\'icon-folder\', 父菜单Id=18}','2020-01-12 04:46:48','删除操作',1),
(389,'查询所有商品类别信息','2020-01-12 04:46:48','查询操作',1),
(390,'查询客户信息','2020-01-12 04:46:59','查询操作',1),
(391,'查询客户信息','2020-01-12 04:46:59','查询操作',1),
(392,'查询所有商品类别信息','2020-01-12 04:47:00','查询操作',1),
(393,'删除商品类别信息--{编号=19, 商品列表名称=\'宠物狗\', 类别节点类型=0, 图标=\'icon-folder\', 父菜单Id=18}','2020-01-12 04:47:01','删除操作',1),
(394,'查询所有商品类别信息','2020-01-12 04:47:01','查询操作',1),
(395,'查询所有商品类别信息','2020-01-12 04:47:02','查询操作',1),
(396,'查询所有商品类别信息','2020-01-12 04:47:02','查询操作',1),
(397,'查询所有商品类别信息','2020-01-12 04:47:02','查询操作',1),
(398,'查询所有商品类别信息','2020-01-12 04:47:02','查询操作',1),
(399,'查询所有商品类别信息','2020-01-12 04:47:02','查询操作',1),
(400,'查询所有商品类别信息','2020-01-12 04:47:02','查询操作',1),
(401,'查询所有商品类别信息','2020-01-12 04:47:02','查询操作',1),
(402,'查询所有商品类别信息','2020-01-12 04:47:02','查询操作',1),
(403,'查询所有商品类别信息','2020-01-12 04:47:02','查询操作',1),
(404,'查询所有商品类别信息','2020-01-12 04:47:02','查询操作',1),
(405,'查询所有商品类别信息','2020-01-12 04:47:02','查询操作',1),
(406,'查询所有商品类别信息','2020-01-12 04:47:02','查询操作',1),
(407,'查询所有商品类别信息','2020-01-12 04:47:02','查询操作',1),
(408,'查询所有商品类别信息','2020-01-12 04:47:02','查询操作',1),
(409,'查询所有商品类别信息','2020-01-12 04:47:02','查询操作',1),
(410,'查询所有商品类别信息','2020-01-12 04:47:02','查询操作',1),
(411,'查询所有商品类别信息','2020-01-12 04:47:02','查询操作',1),
(412,'查询所有商品类别信息','2020-01-12 04:47:02','查询操作',1),
(413,'查询所有商品类别信息','2020-01-12 04:47:03','查询操作',1),
(414,'查询所有商品类别信息','2020-01-12 04:47:03','查询操作',1),
(415,'查询所有商品类别信息','2020-01-12 04:47:03','查询操作',1),
(416,'查询所有商品类别信息','2020-01-12 04:47:03','查询操作',1),
(417,'查询所有商品类别信息','2020-01-12 04:47:03','查询操作',1),
(418,'查询所有商品类别信息','2020-01-12 04:47:03','查询操作',1),
(419,'查询所有商品类别信息','2020-01-12 04:47:03','查询操作',1),
(420,'查询所有商品类别信息','2020-01-12 04:47:03','查询操作',1),
(421,'查询所有商品类别信息','2020-01-12 04:47:03','查询操作',1),
(422,'查询所有商品类别信息','2020-01-12 04:47:03','查询操作',1),
(423,'查询所有商品类别信息','2020-01-12 04:47:03','查询操作',1),
(424,'查询所有商品类别信息','2020-01-12 04:47:03','查询操作',1),
(425,'查询所有商品类别信息','2020-01-12 04:47:04','查询操作',1),
(426,'查询所有商品类别信息','2020-01-12 04:47:04','查询操作',1),
(427,'查询所有商品类别信息','2020-01-12 04:47:04','查询操作',1),
(428,'查询所有商品类别信息','2020-01-12 04:47:04','查询操作',1),
(429,'查询所有商品类别信息','2020-01-12 04:47:04','查询操作',1),
(430,'查询所有商品类别信息','2020-01-12 04:47:04','查询操作',1),
(431,'查询所有商品类别信息','2020-01-12 04:47:04','查询操作',1),
(432,'查询所有商品类别信息','2020-01-12 04:47:04','查询操作',1),
(433,'查询所有商品类别信息','2020-01-12 04:47:05','查询操作',1),
(434,'查询所有商品类别信息','2020-01-12 04:47:05','查询操作',1),
(435,'查询所有商品类别信息','2020-01-12 04:47:05','查询操作',1),
(436,'查询所有商品类别信息','2020-01-12 04:47:05','查询操作',1),
(437,'查询所有商品类别信息','2020-01-12 04:47:05','查询操作',1),
(438,'查询所有商品类别信息','2020-01-12 04:47:05','查询操作',1),
(439,'查询所有商品类别信息','2020-01-12 04:47:06','查询操作',1),
(440,'查询所有商品类别信息','2020-01-12 04:47:06','查询操作',1),
(441,'查询所有商品类别信息','2020-01-12 04:47:06','查询操作',1),
(442,'查询所有商品类别信息','2020-01-12 04:47:06','查询操作',1),
(443,'查询所有商品类别信息','2020-01-12 04:47:06','查询操作',1),
(444,'查询所有商品类别信息','2020-01-12 04:47:07','查询操作',1),
(445,'查询所有商品类别信息','2020-01-12 04:47:07','查询操作',1),
(446,'查询所有商品类别信息','2020-01-12 04:47:07','查询操作',1),
(447,'查询所有商品类别信息','2020-01-12 04:47:07','查询操作',1),
(448,'查询所有商品类别信息','2020-01-12 04:47:08','查询操作',1),
(449,'查询所有商品类别信息','2020-01-12 04:47:08','查询操作',1),
(450,'查询所有商品类别信息','2020-01-12 04:47:08','查询操作',1),
(451,'查询所有商品类别信息','2020-01-12 04:47:09','查询操作',1),
(452,'查询所有商品类别信息','2020-01-12 04:47:09','查询操作',1),
(453,'查询所有商品类别信息','2020-01-12 04:47:09','查询操作',1),
(454,'查询所有商品类别信息','2020-01-12 04:47:48','查询操作',1),
(455,'查询所有商品类别信息','2020-01-12 04:47:48','查询操作',1),
(456,'查询所有商品类别信息','2020-01-12 04:47:48','查询操作',1),
(457,'查询所有商品类别信息','2020-01-12 04:47:48','查询操作',1),
(458,'查询所有商品类别信息','2020-01-12 04:47:48','查询操作',1),
(459,'查询所有商品类别信息','2020-01-12 04:47:48','查询操作',1),
(460,'查询所有商品类别信息','2020-01-12 04:47:48','查询操作',1),
(461,'查询所有商品类别信息','2020-01-12 04:47:48','查询操作',1),
(462,'查询所有商品类别信息','2020-01-12 04:47:48','查询操作',1),
(463,'查询所有商品类别信息','2020-01-12 04:47:48','查询操作',1),
(464,'查询所有商品类别信息','2020-01-12 04:47:48','查询操作',1),
(465,'查询所有商品类别信息','2020-01-12 04:47:48','查询操作',1),
(466,'查询所有商品类别信息','2020-01-12 04:47:49','查询操作',1),
(467,'查询所有商品类别信息','2020-01-12 04:47:49','查询操作',1),
(468,'查询所有商品类别信息','2020-01-12 04:47:49','查询操作',1),
(469,'查询所有商品类别信息','2020-01-12 04:47:49','查询操作',1),
(470,'查询所有商品类别信息','2020-01-12 04:47:49','查询操作',1),
(471,'查询所有商品类别信息','2020-01-12 04:47:49','查询操作',1),
(472,'查询所有商品类别信息','2020-01-12 04:47:49','查询操作',1),
(473,'查询所有商品类别信息','2020-01-12 04:47:49','查询操作',1),
(474,'查询所有商品类别信息','2020-01-12 04:47:49','查询操作',1),
(475,'查询所有商品类别信息','2020-01-12 04:47:49','查询操作',1),
(476,'查询所有商品类别信息','2020-01-12 04:47:49','查询操作',1),
(477,'查询所有商品类别信息','2020-01-12 04:47:49','查询操作',1),
(478,'查询所有商品类别信息','2020-01-12 04:47:49','查询操作',1),
(479,'查询所有商品类别信息','2020-01-12 04:47:49','查询操作',1),
(480,'查询所有商品类别信息','2020-01-12 04:47:49','查询操作',1),
(481,'查询所有商品类别信息','2020-01-12 04:47:49','查询操作',1),
(482,'查询所有商品类别信息','2020-01-12 04:47:50','查询操作',1),
(483,'查询所有商品类别信息','2020-01-12 04:47:50','查询操作',1),
(484,'查询所有商品类别信息','2020-01-12 04:47:50','查询操作',1),
(485,'查询所有商品类别信息','2020-01-12 04:47:50','查询操作',1),
(486,'查询所有商品类别信息','2020-01-12 04:47:50','查询操作',1),
(487,'查询所有商品类别信息','2020-01-12 04:47:50','查询操作',1),
(488,'查询所有商品类别信息','2020-01-12 04:47:50','查询操作',1),
(489,'查询所有商品类别信息','2020-01-12 04:48:29','查询操作',1),
(490,'添加商品类别信息','2020-01-12 04:51:15','添加操作',1),
(491,'查询所有商品类别信息','2020-01-12 04:51:15','查询操作',1),
(492,'删除商品类别信息--{编号=30, 商品列表名称=\'狗\', 类别节点类型=0, 图标=\'icon-folder\', 父菜单Id=18}','2020-01-12 04:51:20','删除操作',1),
(493,'查询所有商品类别信息','2020-01-12 04:51:20','查询操作',1),
(494,'查询所有商品类别信息','2020-01-12 04:51:20','查询操作',1),
(495,'查询所有商品类别信息','2020-01-12 04:51:20','查询操作',1),
(496,'查询所有商品类别信息','2020-01-12 04:51:20','查询操作',1),
(497,'查询所有商品类别信息','2020-01-12 04:51:20','查询操作',1),
(498,'查询所有商品类别信息','2020-01-12 04:51:20','查询操作',1),
(499,'查询所有商品类别信息','2020-01-12 04:51:20','查询操作',1),
(500,'查询所有商品类别信息','2020-01-12 04:51:20','查询操作',1),
(501,'查询所有商品类别信息','2020-01-12 04:51:20','查询操作',1),
(502,'查询所有商品类别信息','2020-01-12 04:51:20','查询操作',1),
(503,'查询所有商品类别信息','2020-01-12 04:51:20','查询操作',1),
(504,'查询所有商品类别信息','2020-01-12 04:51:20','查询操作',1),
(505,'查询所有商品类别信息','2020-01-12 04:51:20','查询操作',1),
(506,'查询所有商品类别信息','2020-01-12 04:51:20','查询操作',1),
(507,'查询所有商品类别信息','2020-01-12 04:51:20','查询操作',1),
(508,'查询所有商品类别信息','2020-01-12 04:51:21','查询操作',1),
(509,'查询所有商品类别信息','2020-01-12 04:51:21','查询操作',1),
(510,'查询所有商品类别信息','2020-01-12 04:51:21','查询操作',1),
(511,'查询所有商品类别信息','2020-01-12 04:51:21','查询操作',1),
(512,'查询所有商品类别信息','2020-01-12 04:51:21','查询操作',1),
(513,'查询所有商品类别信息','2020-01-12 04:51:21','查询操作',1),
(514,'查询所有商品类别信息','2020-01-12 04:51:21','查询操作',1),
(515,'查询所有商品类别信息','2020-01-12 04:51:21','查询操作',1),
(516,'查询所有商品类别信息','2020-01-12 04:51:21','查询操作',1),
(517,'查询所有商品类别信息','2020-01-12 04:51:21','查询操作',1),
(518,'查询所有商品类别信息','2020-01-12 04:51:21','查询操作',1),
(519,'查询所有商品类别信息','2020-01-12 04:51:21','查询操作',1),
(520,'查询所有商品类别信息','2020-01-12 04:51:21','查询操作',1),
(521,'查询所有商品类别信息','2020-01-12 04:51:21','查询操作',1),
(522,'查询所有商品类别信息','2020-01-12 04:51:21','查询操作',1),
(523,'查询所有商品类别信息','2020-01-12 04:51:22','查询操作',1),
(524,'查询所有商品类别信息','2020-01-12 04:51:22','查询操作',1),
(525,'查询所有商品类别信息','2020-01-12 04:51:22','查询操作',1),
(526,'查询所有商品类别信息','2020-01-12 04:51:36','查询操作',1),
(527,'添加商品类别信息','2020-01-12 04:51:42','添加操作',1),
(528,'查询所有商品类别信息','2020-01-12 04:51:42','查询操作',1),
(529,'删除商品类别信息--{编号=31, 商品列表名称=\'猫\', 类别节点类型=0, 图标=\'icon-folder\', 父菜单Id=18}','2020-01-12 04:56:19','删除操作',1),
(530,'查询所有商品类别信息','2020-01-12 04:56:20','查询操作',1),
(531,'查询所有商品类别信息','2020-01-12 04:56:20','查询操作',1),
(532,'查询所有商品类别信息','2020-01-12 04:56:20','查询操作',1),
(533,'查询所有商品类别信息','2020-01-12 04:56:20','查询操作',1),
(534,'查询所有商品类别信息','2020-01-12 04:56:20','查询操作',1),
(535,'查询所有商品类别信息','2020-01-12 04:56:20','查询操作',1),
(536,'查询所有商品类别信息','2020-01-12 04:56:20','查询操作',1),
(537,'查询所有商品类别信息','2020-01-12 04:56:20','查询操作',1),
(538,'查询所有商品类别信息','2020-01-12 04:56:20','查询操作',1),
(539,'查询所有商品类别信息','2020-01-12 04:56:20','查询操作',1),
(540,'查询所有商品类别信息','2020-01-12 04:56:20','查询操作',1),
(541,'查询所有商品类别信息','2020-01-12 04:56:20','查询操作',1),
(542,'查询所有商品类别信息','2020-01-12 04:56:20','查询操作',1),
(543,'查询所有商品类别信息','2020-01-12 04:56:20','查询操作',1),
(544,'查询所有商品类别信息','2020-01-12 04:56:20','查询操作',1),
(545,'查询所有商品类别信息','2020-01-12 04:56:20','查询操作',1),
(546,'查询所有商品类别信息','2020-01-12 04:56:20','查询操作',1),
(547,'查询所有商品类别信息','2020-01-12 04:56:20','查询操作',1),
(548,'查询所有商品类别信息','2020-01-12 04:56:21','查询操作',1),
(549,'查询所有商品类别信息','2020-01-12 04:56:21','查询操作',1),
(550,'查询所有商品类别信息','2020-01-12 04:56:21','查询操作',1),
(551,'查询所有商品类别信息','2020-01-12 04:56:21','查询操作',1),
(552,'查询所有商品类别信息','2020-01-12 04:56:21','查询操作',1),
(553,'查询所有商品类别信息','2020-01-12 04:56:21','查询操作',1),
(554,'查询所有商品类别信息','2020-01-12 04:56:21','查询操作',1),
(555,'查询所有商品类别信息','2020-01-12 04:56:21','查询操作',1),
(556,'查询所有商品类别信息','2020-01-12 04:56:21','查询操作',1),
(557,'查询所有商品类别信息','2020-01-12 04:56:21','查询操作',1),
(558,'查询所有商品类别信息','2020-01-12 04:56:21','查询操作',1),
(559,'查询所有商品类别信息','2020-01-12 04:56:26','查询操作',1),
(560,'查询所有商品类别信息','2020-01-12 04:56:26','查询操作',1),
(561,'查询所有商品类别信息','2020-01-12 04:56:26','查询操作',1),
(562,'查询所有商品类别信息','2020-01-12 04:56:26','查询操作',1),
(563,'查询所有商品类别信息','2020-01-12 04:56:26','查询操作',1),
(564,'查询所有商品类别信息','2020-01-12 04:56:26','查询操作',1),
(565,'查询所有商品类别信息','2020-01-12 04:56:26','查询操作',1),
(566,'查询所有商品类别信息','2020-01-12 04:56:26','查询操作',1),
(567,'查询所有商品类别信息','2020-01-12 04:56:26','查询操作',1),
(568,'查询所有商品类别信息','2020-01-12 04:56:26','查询操作',1),
(569,'查询所有商品类别信息','2020-01-12 04:56:26','查询操作',1),
(570,'查询所有商品类别信息','2020-01-12 04:56:27','查询操作',1),
(571,'查询所有商品类别信息','2020-01-12 04:56:27','查询操作',1),
(572,'查询所有商品类别信息','2020-01-12 04:56:27','查询操作',1),
(573,'查询所有商品类别信息','2020-01-12 04:56:27','查询操作',1),
(574,'查询所有商品类别信息','2020-01-12 04:56:27','查询操作',1),
(575,'查询所有商品类别信息','2020-01-12 04:56:27','查询操作',1),
(576,'查询所有商品类别信息','2020-01-12 04:56:27','查询操作',1),
(577,'查询所有商品类别信息','2020-01-12 04:56:27','查询操作',1),
(578,'查询所有商品类别信息','2020-01-12 04:56:27','查询操作',1),
(579,'查询所有商品类别信息','2020-01-12 04:56:27','查询操作',1),
(580,'查询所有商品类别信息','2020-01-12 04:56:27','查询操作',1),
(581,'查询所有商品类别信息','2020-01-12 04:56:27','查询操作',1),
(582,'查询所有商品类别信息','2020-01-12 04:56:27','查询操作',1),
(583,'查询所有商品类别信息','2020-01-12 04:56:27','查询操作',1),
(584,'查询所有商品类别信息','2020-01-12 04:56:27','查询操作',1),
(585,'查询所有商品类别信息','2020-01-12 04:56:27','查询操作',1),
(586,'查询所有商品类别信息','2020-01-12 04:56:28','查询操作',1),
(587,'查询所有商品类别信息','2020-01-12 04:56:28','查询操作',1),
(588,'查询所有商品类别信息','2020-01-12 04:56:28','查询操作',1),
(589,'查询所有商品类别信息','2020-01-12 04:56:28','查询操作',1),
(590,'查询所有商品类别信息','2020-01-12 04:56:28','查询操作',1),
(591,'查询所有商品类别信息','2020-01-12 04:56:28','查询操作',1),
(592,'查询所有商品类别信息','2020-01-12 04:56:28','查询操作',1),
(593,'查询所有商品类别信息','2020-01-12 04:56:28','查询操作',1),
(594,'查询所有商品类别信息','2020-01-12 04:56:29','查询操作',1),
(595,'查询所有商品类别信息','2020-01-12 04:56:29','查询操作',1),
(596,'查询所有商品类别信息','2020-01-12 04:56:29','查询操作',1),
(597,'查询所有商品类别信息','2020-01-12 04:56:29','查询操作',1),
(598,'查询所有商品类别信息','2020-01-12 04:56:29','查询操作',1),
(599,'查询所有商品类别信息','2020-01-12 04:56:29','查询操作',1),
(600,'查询所有商品类别信息','2020-01-12 04:56:30','查询操作',1),
(601,'查询所有商品类别信息','2020-01-12 04:56:30','查询操作',1),
(602,'查询所有商品类别信息','2020-01-12 04:56:30','查询操作',1),
(603,'查询所有商品类别信息','2020-01-12 04:56:51','查询操作',1),
(604,'添加商品类别信息','2020-01-12 04:56:58','添加操作',1),
(605,'查询所有商品类别信息','2020-01-12 04:56:58','查询操作',1),
(606,'删除商品类别信息--{编号=32, 商品列表名称=\'猫\', 类别节点类型=0, 图标=\'icon-folder\', 父菜单Id=18}','2020-01-12 04:57:11','删除操作',1),
(607,'删除商品类别信息--{编号=32, 商品列表名称=\'猫\', 类别节点类型=0, 图标=\'icon-folder\', 父菜单Id=18}','2020-01-12 04:57:11','删除操作',1),
(608,'删除商品类别信息--{编号=32, 商品列表名称=\'猫\', 类别节点类型=0, 图标=\'icon-folder\', 父菜单Id=18}','2020-01-12 04:57:11','删除操作',1),
(609,'查询所有商品类别信息','2020-01-12 04:57:11','查询操作',1),
(610,'查询所有商品类别信息','2020-01-12 04:57:11','查询操作',1),
(611,'查询所有商品类别信息','2020-01-12 04:57:11','查询操作',1),
(612,'查询所有商品类别信息','2020-01-12 04:57:11','查询操作',1),
(613,'查询所有商品类别信息','2020-01-12 04:57:11','查询操作',1),
(614,'查询所有商品类别信息','2020-01-12 04:57:11','查询操作',1),
(615,'查询所有商品类别信息','2020-01-12 04:57:11','查询操作',1),
(616,'查询所有商品类别信息','2020-01-12 04:57:12','查询操作',1),
(617,'查询所有商品类别信息','2020-01-12 04:57:12','查询操作',1),
(618,'查询所有商品类别信息','2020-01-12 04:57:12','查询操作',1),
(619,'查询所有商品类别信息','2020-01-12 04:57:12','查询操作',1),
(620,'查询所有商品类别信息','2020-01-12 04:57:12','查询操作',1),
(621,'查询所有商品类别信息','2020-01-12 04:57:12','查询操作',1),
(622,'查询所有商品类别信息','2020-01-12 04:57:12','查询操作',1),
(623,'查询所有商品类别信息','2020-01-12 04:57:12','查询操作',1),
(624,'查询所有商品类别信息','2020-01-12 04:57:12','查询操作',1),
(625,'查询所有商品类别信息','2020-01-12 04:57:12','查询操作',1),
(626,'查询所有商品类别信息','2020-01-12 04:57:12','查询操作',1),
(627,'查询所有商品类别信息','2020-01-12 04:57:12','查询操作',1),
(628,'查询所有商品类别信息','2020-01-12 04:57:12','查询操作',1),
(629,'查询所有商品类别信息','2020-01-12 04:57:12','查询操作',1),
(630,'查询所有商品类别信息','2020-01-12 04:57:12','查询操作',1),
(631,'查询所有商品类别信息','2020-01-12 04:57:12','查询操作',1),
(632,'查询所有商品类别信息','2020-01-12 04:57:12','查询操作',1),
(633,'查询所有商品类别信息','2020-01-12 04:57:12','查询操作',1),
(634,'查询所有商品类别信息','2020-01-12 04:57:12','查询操作',1),
(635,'查询所有商品类别信息','2020-01-12 04:57:12','查询操作',1),
(636,'查询所有商品类别信息','2020-01-12 04:57:13','查询操作',1),
(637,'查询所有商品类别信息','2020-01-12 04:57:13','查询操作',1),
(638,'查询所有商品类别信息','2020-01-12 04:57:13','查询操作',1),
(639,'查询所有商品类别信息','2020-01-12 04:57:13','查询操作',1),
(640,'查询所有商品类别信息','2020-01-12 04:57:13','查询操作',1),
(641,'查询所有商品类别信息','2020-01-12 04:57:13','查询操作',1),
(642,'查询所有商品类别信息','2020-01-12 04:57:13','查询操作',1),
(643,'查询所有商品类别信息','2020-01-12 04:57:13','查询操作',1),
(644,'查询所有商品类别信息','2020-01-12 04:57:14','查询操作',1),
(645,'查询所有商品类别信息','2020-01-12 04:57:14','查询操作',1),
(646,'查询所有商品类别信息','2020-01-12 04:57:14','查询操作',1),
(647,'查询所有商品类别信息','2020-01-12 04:57:14','查询操作',1),
(648,'查询所有商品类别信息','2020-01-12 04:57:15','查询操作',1),
(649,'查询所有商品类别信息','2020-01-12 04:57:15','查询操作',1),
(650,'查询所有商品类别信息','2020-01-12 04:57:15','查询操作',1),
(651,'查询所有商品类别信息','2020-01-12 04:57:15','查询操作',1),
(652,'查询所有商品类别信息','2020-01-12 04:57:15','查询操作',1),
(653,'查询所有商品类别信息','2020-01-12 04:57:15','查询操作',1),
(654,'查询所有商品类别信息','2020-01-12 04:57:16','查询操作',1),
(655,'查询所有商品类别信息','2020-01-12 04:57:16','查询操作',1),
(656,'查询所有商品类别信息','2020-01-12 04:57:16','查询操作',1),
(657,'查询所有商品类别信息','2020-01-12 04:57:16','查询操作',1),
(658,'查询所有商品类别信息','2020-01-12 04:57:16','查询操作',1),
(659,'查询所有商品类别信息','2020-01-12 04:57:17','查询操作',1),
(660,'查询所有商品类别信息','2020-01-12 04:57:17','查询操作',1),
(661,'查询所有商品类别信息','2020-01-12 04:57:17','查询操作',1),
(662,'查询所有商品类别信息','2020-01-12 04:57:18','查询操作',1),
(663,'查询所有商品类别信息','2020-01-12 04:57:18','查询操作',1),
(664,'查询所有商品类别信息','2020-01-12 04:57:18','查询操作',1),
(665,'查询所有商品类别信息','2020-01-12 04:57:18','查询操作',1),
(666,'查询所有商品类别信息','2020-01-12 04:57:19','查询操作',1),
(667,'查询所有商品类别信息','2020-01-12 04:58:51','查询操作',1),
(668,'添加商品类别信息','2020-01-12 04:58:57','添加操作',1),
(669,'查询所有商品类别信息','2020-01-12 04:58:57','查询操作',1),
(670,'删除商品类别信息--{编号=33, 商品列表名称=\'猫\', 类别节点类型=0, 图标=\'icon-folder\', 父菜单Id=18}','2020-01-12 05:06:54','删除操作',1),
(671,'查询所有商品类别信息','2020-01-12 05:06:54','查询操作',1),
(672,'查询所有商品类别信息','2020-01-12 05:06:54','查询操作',1),
(673,'查询所有商品类别信息','2020-01-12 05:06:54','查询操作',1),
(674,'查询所有商品类别信息','2020-01-12 05:06:54','查询操作',1),
(675,'查询所有商品类别信息','2020-01-12 05:06:54','查询操作',1),
(676,'查询所有商品类别信息','2020-01-12 05:06:54','查询操作',1),
(677,'查询所有商品类别信息','2020-01-12 05:06:54','查询操作',1),
(678,'查询所有商品类别信息','2020-01-12 05:06:54','查询操作',1),
(679,'查询所有商品类别信息','2020-01-12 05:06:54','查询操作',1),
(680,'查询所有商品类别信息','2020-01-12 05:06:54','查询操作',1),
(681,'查询所有商品类别信息','2020-01-12 05:06:54','查询操作',1),
(682,'查询所有商品类别信息','2020-01-12 05:06:54','查询操作',1),
(683,'查询所有商品类别信息','2020-01-12 05:06:55','查询操作',1),
(684,'查询所有商品类别信息','2020-01-12 05:06:55','查询操作',1),
(685,'查询用户信息','2020-01-12 05:07:03','查询操作',1),
(686,'查询用户信息','2020-01-12 05:07:03','查询操作',1),
(687,'查询所有商品类别信息','2020-01-12 05:07:05','查询操作',1),
(688,'查询所有商品类别信息','2020-01-12 05:07:05','查询操作',1),
(689,'查询所有商品类别信息','2020-01-12 05:07:05','查询操作',1),
(690,'查询所有商品类别信息','2020-01-12 05:07:05','查询操作',1),
(691,'查询所有商品类别信息','2020-01-12 05:07:05','查询操作',1),
(692,'查询所有商品类别信息','2020-01-12 05:07:05','查询操作',1),
(693,'查询所有商品类别信息','2020-01-12 05:07:05','查询操作',1),
(694,'查询所有商品类别信息','2020-01-12 05:07:06','查询操作',1),
(695,'查询所有商品类别信息','2020-01-12 05:07:06','查询操作',1),
(696,'查询所有商品类别信息','2020-01-12 05:07:06','查询操作',1),
(697,'查询所有商品类别信息','2020-01-12 05:07:06','查询操作',1),
(698,'查询所有商品类别信息','2020-01-12 05:07:06','查询操作',1),
(699,'查询所有商品类别信息','2020-01-12 05:07:06','查询操作',1),
(700,'查询所有商品类别信息','2020-01-12 05:07:06','查询操作',1),
(701,'查询所有商品类别信息','2020-01-12 05:07:06','查询操作',1),
(702,'查询所有商品类别信息','2020-01-12 05:07:06','查询操作',1),
(703,'查询所有商品类别信息','2020-01-12 05:07:06','查询操作',1),
(704,'查询所有商品类别信息','2020-01-12 05:07:06','查询操作',1),
(705,'查询所有商品类别信息','2020-01-12 05:07:06','查询操作',1),
(706,'查询所有商品类别信息','2020-01-12 05:07:06','查询操作',1),
(707,'查询所有商品类别信息','2020-01-12 05:07:06','查询操作',1),
(708,'查询所有商品类别信息','2020-01-12 05:07:06','查询操作',1),
(709,'查询所有商品类别信息','2020-01-12 05:07:06','查询操作',1),
(710,'查询所有商品类别信息','2020-01-12 05:07:06','查询操作',1),
(711,'查询所有商品类别信息','2020-01-12 05:07:06','查询操作',1),
(712,'查询所有商品类别信息','2020-01-12 05:07:07','查询操作',1),
(713,'查询所有商品类别信息','2020-01-12 05:07:07','查询操作',1),
(714,'查询所有商品类别信息','2020-01-12 05:07:07','查询操作',1),
(715,'查询所有商品类别信息','2020-01-12 05:07:07','查询操作',1),
(716,'查询所有商品类别信息','2020-01-12 05:07:07','查询操作',1),
(717,'查询所有商品类别信息','2020-01-12 05:07:07','查询操作',1),
(718,'查询所有商品类别信息','2020-01-12 05:07:07','查询操作',1),
(719,'查询所有商品类别信息','2020-01-12 05:07:07','查询操作',1),
(720,'查询所有商品类别信息','2020-01-12 05:07:07','查询操作',1),
(721,'查询所有商品类别信息','2020-01-12 05:07:07','查询操作',1),
(722,'查询所有商品类别信息','2020-01-12 05:07:08','查询操作',1),
(723,'查询所有商品类别信息','2020-01-12 05:07:08','查询操作',1),
(724,'查询所有商品类别信息','2020-01-12 05:07:08','查询操作',1),
(725,'查询所有商品类别信息','2020-01-12 05:07:08','查询操作',1),
(726,'查询所有商品类别信息','2020-01-12 05:07:08','查询操作',1),
(727,'查询所有商品类别信息','2020-01-12 05:07:08','查询操作',1),
(728,'查询所有商品类别信息','2020-01-12 05:23:43','查询操作',1),
(729,'添加商品类别信息','2020-01-12 05:23:49','添加操作',1),
(730,'查询所有商品类别信息','2020-01-12 05:23:49','查询操作',1),
(731,'删除商品类别信息--{编号=34, 商品列表名称=\'狗\', 类别节点类型=0, 图标=\'icon-folder\', 父菜单Id=18}','2020-01-12 05:23:55','删除操作',1),
(732,'查询所有商品类别信息','2020-01-12 05:23:55','查询操作',1),
(733,'添加商品类别信息','2020-01-12 05:25:53','添加操作',1),
(734,'查询所有商品类别信息','2020-01-12 05:25:53','查询操作',1),
(735,'添加商品类别信息','2020-01-12 05:25:56','添加操作',1),
(736,'查询所有商品类别信息','2020-01-12 05:25:56','查询操作',1),
(737,'添加商品类别信息','2020-01-12 05:26:05','添加操作',1),
(738,'查询所有商品类别信息','2020-01-12 05:26:05','查询操作',1),
(739,'查询所有商品类别信息','2020-01-12 05:26:39','查询操作',1),
(740,'删除商品类别信息--{编号=37, 商品列表名称=\'333\', 类别节点类型=0, 图标=\'icon-folder\', 父菜单Id=18}','2020-01-12 05:26:41','删除操作',1),
(741,'查询所有商品类别信息','2020-01-12 05:26:41','查询操作',1),
(742,'删除商品类别信息--{编号=36, 商品列表名称=\'22\', 类别节点类型=0, 图标=\'icon-folder\', 父菜单Id=18}','2020-01-12 05:26:42','删除操作',1),
(743,'查询所有商品类别信息','2020-01-12 05:26:42','查询操作',1),
(744,'删除商品类别信息--{编号=35, 商品列表名称=\'11\', 类别节点类型=0, 图标=\'icon-folder\', 父菜单Id=18}','2020-01-12 05:26:45','删除操作',1),
(745,'查询所有商品类别信息','2020-01-12 05:26:45','查询操作',1),
(746,'删除商品类别信息--{编号=18, 商品列表名称=\'宠物\', 类别节点类型=0, 图标=\'icon-folder\', 父菜单Id=1}','2020-01-12 05:26:47','删除操作',1),
(747,'查询所有商品类别信息','2020-01-12 05:26:47','查询操作',1),
(748,'查询所有商品类别信息','2020-01-12 05:27:20','查询操作',1),
(749,'添加商品类别信息','2020-01-12 05:27:32','添加操作',1),
(750,'查询所有商品类别信息','2020-01-12 05:27:32','查询操作',1),
(751,'添加商品类别信息','2020-01-12 05:27:35','添加操作',1),
(752,'查询所有商品类别信息','2020-01-12 05:27:35','查询操作',1),
(753,'删除商品类别信息--{编号=39, 商品列表名称=\'1\', 类别节点类型=0, 图标=\'icon-folder\', 父菜单Id=38}','2020-01-12 05:27:36','删除操作',1),
(754,'查询所有商品类别信息','2020-01-12 05:27:37','查询操作',1),
(755,'删除商品类别信息--{编号=38, 商品列表名称=\'宠物\', 类别节点类型=0, 图标=\'icon-folder\', 父菜单Id=1}','2020-01-12 05:27:38','删除操作',1),
(756,'查询所有商品类别信息','2020-01-12 05:27:38','查询操作',1),
(757,'添加商品类别信息','2020-01-12 05:28:15','添加操作',1),
(758,'查询所有商品类别信息','2020-01-12 05:28:15','查询操作',1),
(759,'查询所有商品类别信息','2020-01-12 05:28:20','查询操作',1),
(760,'删除商品类别信息--{编号=40, 商品列表名称=\'11\', 类别节点类型=0, 图标=\'icon-folder\', 父菜单Id=5}','2020-01-12 05:28:22','删除操作',1),
(761,'查询所有商品类别信息','2020-01-12 05:28:22','查询操作',1),
(762,'添加商品类别信息','2020-01-12 05:29:23','添加操作',1),
(763,'查询所有商品类别信息','2020-01-12 05:29:23','查询操作',1),
(764,'查询所有商品类别信息','2020-01-12 05:29:30','查询操作',1),
(765,'删除商品类别信息--{编号=41, 商品列表名称=\'1\', 类别节点类型=0, 图标=\'icon-folder\', 父菜单Id=5}','2020-01-12 05:29:31','删除操作',1),
(766,'查询所有商品类别信息','2020-01-12 05:29:31','查询操作',1),
(767,'查询所有商品类别信息','2020-01-12 05:30:32','查询操作',1),
(768,'添加商品类别信息','2020-01-12 05:30:35','添加操作',1),
(769,'查询所有商品类别信息','2020-01-12 05:30:35','查询操作',1),
(770,'查询所有商品类别信息','2020-01-12 05:30:52','查询操作',1),
(771,'删除商品类别信息--{编号=42, 商品列表名称=\'11\', 类别节点类型=0, 图标=\'icon-folder\', 父菜单Id=5}','2020-01-12 05:30:54','删除操作',1),
(772,'查询所有商品类别信息','2020-01-12 05:30:54','查询操作',1),
(773,'查询所有商品类别信息','2020-01-12 05:30:54','查询操作',1),
(774,'添加商品类别信息','2020-01-12 05:31:02','添加操作',1),
(775,'查询所有商品类别信息','2020-01-12 05:31:02','查询操作',1),
(776,'删除商品类别信息--{编号=43, 商品列表名称=\'11\', 类别节点类型=0, 图标=\'icon-folder\', 父菜单Id=5}','2020-01-12 05:31:03','删除操作',1),
(777,'查询所有商品类别信息','2020-01-12 05:31:03','查询操作',1),
(778,'查询所有商品类别信息','2020-01-12 05:31:03','查询操作',1),
(779,'查询所有商品类别信息','2020-01-12 05:31:26','查询操作',1),
(780,'添加商品类别信息','2020-01-12 05:31:30','添加操作',1),
(781,'查询所有商品类别信息','2020-01-12 05:31:31','查询操作',1),
(782,'删除商品类别信息--{编号=44, 商品列表名称=\'11\', 类别节点类型=0, 图标=\'icon-folder\', 父菜单Id=5}','2020-01-12 05:31:32','删除操作',1),
(783,'查询所有商品类别信息','2020-01-12 05:31:32','查询操作',1),
(784,'查询所有商品类别信息','2020-01-12 05:31:51','查询操作',1),
(785,'添加商品类别信息','2020-01-12 05:31:56','添加操作',1),
(786,'查询所有商品类别信息','2020-01-12 05:31:56','查询操作',1),
(787,'删除商品类别信息--{编号=45, 商品列表名称=\'11\', 类别节点类型=0, 图标=\'icon-folder\', 父菜单Id=5}','2020-01-12 05:31:58','删除操作',1),
(788,'查询所有商品类别信息','2020-01-12 05:31:59','查询操作',1),
(789,'添加商品类别信息','2020-01-12 05:32:27','添加操作',1),
(790,'查询所有商品类别信息','2020-01-12 05:32:27','查询操作',1),
(791,'删除商品类别信息--{编号=46, 商品列表名称=\'11\', 类别节点类型=0, 图标=\'icon-folder\', 父菜单Id=5}','2020-01-12 05:32:28','删除操作',1),
(792,'查询所有商品类别信息','2020-01-12 05:32:28','查询操作',1),
(793,'查询所有商品类别信息','2020-01-12 05:32:46','查询操作',1),
(794,'添加商品类别信息','2020-01-12 05:32:50','添加操作',1),
(795,'查询所有商品类别信息','2020-01-12 05:32:51','查询操作',1),
(796,'删除商品类别信息--{编号=47, 商品列表名称=\'11\', 类别节点类型=0, 图标=\'icon-folder\', 父菜单Id=5}','2020-01-12 05:32:52','删除操作',1),
(797,'查询所有商品类别信息','2020-01-12 05:32:54','查询操作',1),
(798,'添加商品类别信息','2020-01-12 05:33:12','添加操作',1),
(799,'查询所有商品类别信息','2020-01-12 05:33:12','查询操作',1),
(800,'删除商品类别信息--{编号=48, 商品列表名称=\'11\', 类别节点类型=0, 图标=\'icon-folder\', 父菜单Id=5}','2020-01-12 05:33:14','删除操作',1),
(801,'查询所有商品类别信息','2020-01-12 05:33:14','查询操作',1),
(802,'查询所有商品类别信息','2020-01-12 05:33:37','查询操作',1),
(803,'添加商品类别信息','2020-01-12 05:33:41','添加操作',1),
(804,'查询所有商品类别信息','2020-01-12 05:33:41','查询操作',1),
(805,'添加商品类别信息','2020-01-12 05:33:45','添加操作',1),
(806,'查询所有商品类别信息','2020-01-12 05:33:45','查询操作',1),
(807,'添加商品类别信息','2020-01-12 05:33:50','添加操作',1),
(808,'查询所有商品类别信息','2020-01-12 05:33:50','查询操作',1),
(809,'添加商品类别信息','2020-01-12 05:33:55','添加操作',1),
(810,'查询所有商品类别信息','2020-01-12 05:33:55','查询操作',1),
(811,'添加商品类别信息','2020-01-12 05:34:00','添加操作',1),
(812,'查询所有商品类别信息','2020-01-12 05:34:00','查询操作',1),
(813,'删除商品类别信息--{编号=53, 商品列表名称=\'11\', 类别节点类型=0, 图标=\'icon-folder\', 父菜单Id=1}','2020-01-12 05:34:03','删除操作',1),
(814,'查询所有商品类别信息','2020-01-12 05:34:03','查询操作',1),
(815,'添加商品类别信息','2020-01-12 05:34:07','添加操作',1),
(816,'查询所有商品类别信息','2020-01-12 05:34:07','查询操作',1),
(817,'添加商品类别信息','2020-01-12 05:34:11','添加操作',1),
(818,'查询所有商品类别信息','2020-01-12 05:34:12','查询操作',1),
(819,'查询所有商品类别信息','2020-01-12 05:34:24','查询操作',1),
(820,'删除商品类别信息--{编号=55, 商品列表名称=\'11\', 类别节点类型=0, 图标=\'icon-folder\', 父菜单Id=54}','2020-01-12 05:34:26','删除操作',1),
(821,'查询所有商品类别信息','2020-01-12 05:34:26','查询操作',1),
(822,'删除商品类别信息--{编号=54, 商品列表名称=\'11\', 类别节点类型=0, 图标=\'icon-folder\', 父菜单Id=52}','2020-01-12 05:34:28','删除操作',1),
(823,'查询所有商品类别信息','2020-01-12 05:34:28','查询操作',1),
(824,'删除商品类别信息--{编号=52, 商品列表名称=\'11\', 类别节点类型=0, 图标=\'icon-folder\', 父菜单Id=51}','2020-01-12 05:34:29','删除操作',1),
(825,'查询所有商品类别信息','2020-01-12 05:34:29','查询操作',1),
(826,'删除商品类别信息--{编号=51, 商品列表名称=\'11\', 类别节点类型=0, 图标=\'icon-folder\', 父菜单Id=50}','2020-01-12 05:34:30','删除操作',1),
(827,'查询所有商品类别信息','2020-01-12 05:34:31','查询操作',1),
(828,'删除商品类别信息--{编号=50, 商品列表名称=\'11\', 类别节点类型=0, 图标=\'icon-folder\', 父菜单Id=49}','2020-01-12 05:34:32','删除操作',1),
(829,'查询所有商品类别信息','2020-01-12 05:34:32','查询操作',1),
(830,'删除商品类别信息--{编号=49, 商品列表名称=\'1\', 类别节点类型=0, 图标=\'icon-folder\', 父菜单Id=1}','2020-01-12 05:34:34','删除操作',1),
(831,'查询所有商品类别信息','2020-01-12 05:34:34','查询操作',1),
(832,'查询所有商品类别信息','2020-01-12 05:36:17','查询操作',1),
(833,'添加商品类别信息','2020-01-12 05:36:25','添加操作',1),
(834,'查询所有商品类别信息','2020-01-12 05:36:25','查询操作',1),
(835,'删除商品类别信息--{编号=56, 商品列表名称=\'11\', 类别节点类型=0, 图标=\'icon-folder\', 父菜单Id=1}','2020-01-12 05:36:26','删除操作',1),
(836,'查询所有商品类别信息','2020-01-12 05:36:27','查询操作',1),
(837,'添加商品类别信息','2020-01-12 05:36:35','添加操作',1),
(838,'查询所有商品类别信息','2020-01-12 05:36:36','查询操作',1),
(839,'添加商品类别信息','2020-01-12 05:36:38','添加操作',1),
(840,'查询所有商品类别信息','2020-01-12 05:36:39','查询操作',1),
(841,'删除商品类别信息--{编号=58, 商品列表名称=\'1\', 类别节点类型=0, 图标=\'icon-folder\', 父菜单Id=57}','2020-01-12 05:36:40','删除操作',1),
(842,'查询所有商品类别信息','2020-01-12 05:36:40','查询操作',1),
(843,'删除商品类别信息--{编号=57, 商品列表名称=\'21\', 类别节点类型=0, 图标=\'icon-folder\', 父菜单Id=1}','2020-01-12 05:36:43','删除操作',1),
(844,'查询所有商品类别信息','2020-01-12 05:36:43','查询操作',1),
(845,'查询所有商品类别信息','2020-01-12 06:06:08','查询操作',1),
(846,'查询商品信息','2020-01-12 06:06:08','查询操作',1),
(847,'查询商品信息','2020-01-12 06:07:10','查询操作',1),
(848,'查询所有商品类别信息','2020-01-12 06:07:10','查询操作',1),
(849,'查询商品信息','2020-01-12 06:08:32','查询操作',1),
(850,'查询所有商品类别信息','2020-01-12 06:08:32','查询操作',1),
(851,'查询商品信息','2020-01-12 06:08:59','查询操作',1),
(852,'查询所有商品类别信息','2020-01-12 06:08:59','查询操作',1),
(853,'查询商品信息','2020-01-12 06:09:18','查询操作',1),
(854,'查询商品信息','2020-01-12 06:09:20','查询操作',1),
(855,'查询商品信息','2020-01-12 06:10:01','查询操作',1),
(856,'查询商品信息','2020-01-12 06:10:03','查询操作',1),
(857,'查询商品信息','2020-01-12 06:10:05','查询操作',1),
(858,'查询商品信息','2020-01-12 06:10:07','查询操作',1),
(859,'查询商品信息','2020-01-12 06:10:11','查询操作',1),
(860,'查询商品信息','2020-01-12 06:10:15','查询操作',1),
(861,'查询商品信息','2020-01-12 06:10:21','查询操作',1),
(862,'查询商品信息','2020-01-12 06:10:23','查询操作',1),
(863,'查询商品信息','2020-01-12 06:10:27','查询操作',1),
(864,'查询商品信息','2020-01-12 06:10:32','查询操作',1),
(865,'查询商品信息','2020-01-12 06:11:01','查询操作',1),
(866,'查询商品信息','2020-01-12 06:14:10','查询操作',1),
(867,'查询所有商品类别信息','2020-01-12 06:14:10','查询操作',1),
(868,'查询商品信息','2020-01-12 06:14:12','查询操作',1),
(869,'查询商品信息','2020-01-12 06:14:13','查询操作',1),
(870,'查询商品信息','2020-01-12 06:14:15','查询操作',1),
(871,'查询商品信息','2020-01-12 06:14:16','查询操作',1),
(872,'查询商品信息','2020-01-12 06:14:17','查询操作',1),
(873,'查询商品信息','2020-01-12 06:14:18','查询操作',1),
(874,'查询商品信息','2020-01-12 06:14:19','查询操作',1),
(875,'查询商品信息','2020-01-12 06:14:19','查询操作',1),
(876,'查询商品信息','2020-01-12 06:14:20','查询操作',1),
(877,'查询商品信息','2020-01-12 06:14:21','查询操作',1),
(878,'查询商品信息','2020-01-12 06:14:22','查询操作',1),
(879,'查询商品信息','2020-01-12 06:14:22','查询操作',1),
(880,'查询商品信息','2020-01-12 06:14:23','查询操作',1),
(881,'查询商品信息','2020-01-12 06:14:24','查询操作',1),
(882,'查询商品信息','2020-01-12 06:14:24','查询操作',1),
(883,'查询商品信息','2020-01-12 06:14:38','查询操作',1),
(884,'查询商品信息','2020-01-12 06:14:39','查询操作',1),
(885,'查询商品信息','2020-01-12 06:14:39','查询操作',1),
(886,'查询商品信息','2020-01-12 06:14:40','查询操作',1),
(887,'查询商品信息','2020-01-12 06:14:40','查询操作',1),
(888,'查询商品信息','2020-01-12 06:14:41','查询操作',1),
(889,'查询商品信息','2020-01-12 06:14:42','查询操作',1),
(890,'查询商品信息','2020-01-12 06:14:43','查询操作',1),
(891,'查询商品信息','2020-01-12 06:14:44','查询操作',1),
(892,'查询商品信息','2020-01-12 06:14:44','查询操作',1),
(893,'查询商品信息','2020-01-12 06:14:48','查询操作',1),
(894,'查询商品信息','2020-01-12 06:14:50','查询操作',1),
(895,'查询商品信息','2020-01-12 06:14:52','查询操作',1),
(896,'查询商品信息','2020-01-12 06:14:54','查询操作',1),
(897,'查询商品信息','2020-01-12 06:14:55','查询操作',1),
(898,'查询商品信息','2020-01-12 06:14:55','查询操作',1),
(899,'查询商品信息','2020-01-12 06:14:56','查询操作',1),
(900,'查询商品信息','2020-01-12 06:14:57','查询操作',1),
(901,'查询商品信息','2020-01-12 06:14:58','查询操作',1),
(902,'查询商品信息','2020-01-12 06:14:59','查询操作',1),
(903,'查询商品信息','2020-01-12 06:14:59','查询操作',1),
(904,'查询商品信息','2020-01-12 06:15:00','查询操作',1),
(905,'查询商品信息','2020-01-12 06:15:01','查询操作',1),
(906,'查询商品信息','2020-01-12 06:15:01','查询操作',1),
(907,'查询商品信息','2020-01-12 06:15:03','查询操作',1),
(908,'查询商品信息','2020-01-12 06:15:03','查询操作',1),
(909,'查询商品信息','2020-01-12 06:15:04','查询操作',1),
(910,'查询商品信息','2020-01-12 06:15:13','查询操作',1),
(911,'查询商品信息','2020-01-12 06:15:21','查询操作',1),
(912,'查询商品信息','2020-01-12 06:15:25','查询操作',1),
(913,'查询所有商品类别信息','2020-01-12 06:15:25','查询操作',1),
(914,'查询商品信息','2020-01-12 06:15:32','查询操作',1),
(915,'查询商品信息','2020-01-12 06:15:33','查询操作',1),
(916,'查询商品信息','2020-01-12 06:15:34','查询操作',1),
(917,'查询商品信息','2020-01-12 06:15:35','查询操作',1),
(918,'查询商品信息','2020-01-12 06:16:14','查询操作',1),
(919,'查询商品信息','2020-01-12 06:16:15','查询操作',1),
(920,'查询商品信息','2020-01-12 06:16:16','查询操作',1),
(921,'查询商品信息','2020-01-12 06:16:17','查询操作',1),
(922,'查询商品信息','2020-01-12 06:16:17','查询操作',1),
(923,'查询商品信息','2020-01-12 06:16:18','查询操作',1),
(924,'查询商品信息','2020-01-12 06:16:18','查询操作',1),
(925,'查询商品信息','2020-01-12 06:16:19','查询操作',1),
(926,'查询商品信息','2020-01-12 06:16:19','查询操作',1),
(927,'查询商品信息','2020-01-12 06:16:20','查询操作',1),
(928,'查询商品信息','2020-01-12 06:16:20','查询操作',1),
(929,'查询商品信息','2020-01-12 06:16:21','查询操作',1),
(930,'查询商品信息','2020-01-12 06:18:41','查询操作',1),
(931,'查询所有商品类别信息','2020-01-12 06:18:41','查询操作',1),
(932,'查询商品信息','2020-01-12 06:18:44','查询操作',1),
(933,'查询商品信息','2020-01-12 06:18:47','查询操作',1),
(934,'查询商品信息','2020-01-12 06:18:49','查询操作',1),
(935,'查询商品信息','2020-01-12 06:18:51','查询操作',1),
(936,'查询商品信息','2020-01-12 06:18:53','查询操作',1),
(937,'查询商品信息','2020-01-12 06:18:58','查询操作',1),
(938,'查询商品信息','2020-01-12 06:19:00','查询操作',1),
(939,'查询所有商品类别信息','2020-01-12 06:23:41','查询操作',1),
(940,'查询商品信息','2020-01-12 06:23:41','查询操作',1),
(941,'查询商品信息','2020-01-12 06:23:43','查询操作',1),
(942,'查询商品信息','2020-01-12 06:23:43','查询操作',1),
(943,'查询商品信息','2020-01-12 06:23:44','查询操作',1),
(944,'查询所有商品类别信息','2020-01-12 06:25:47','查询操作',1),
(945,'查询商品信息','2020-01-12 06:25:47','查询操作',1),
(946,'查询商品信息','2020-01-12 06:25:49','查询操作',1),
(947,'查询商品信息','2020-01-12 06:25:49','查询操作',1),
(948,'查询商品信息','2020-01-12 06:25:51','查询操作',1),
(949,'查询商品信息','2020-01-12 06:25:51','查询操作',1),
(950,'查询商品信息','2020-01-12 06:25:52','查询操作',1),
(951,'查询商品信息','2020-01-12 06:25:53','查询操作',1),
(952,'查询商品信息','2020-01-12 06:25:54','查询操作',1),
(953,'查询商品信息','2020-01-12 06:25:54','查询操作',1),
(954,'查询商品信息','2020-01-12 06:25:55','查询操作',1),
(955,'查询商品信息','2020-01-12 06:25:56','查询操作',1),
(956,'查询商品信息','2020-01-12 06:25:56','查询操作',1),
(957,'查询商品信息','2020-01-12 06:25:57','查询操作',1),
(958,'查询商品信息','2020-01-12 06:25:58','查询操作',1),
(959,'查询商品信息','2020-01-12 06:25:59','查询操作',1),
(960,'查询商品信息','2020-01-12 06:26:00','查询操作',1),
(961,'查询商品信息','2020-01-12 06:26:01','查询操作',1),
(962,'查询商品信息','2020-01-12 06:26:01','查询操作',1),
(963,'查询商品信息','2020-01-12 06:26:02','查询操作',1),
(964,'查询商品信息','2020-01-12 06:26:05','查询操作',1),
(965,'查询商品信息','2020-01-12 06:26:05','查询操作',1),
(966,'查询商品信息','2020-01-12 06:26:05','查询操作',1),
(967,'查询商品信息','2020-01-12 06:26:06','查询操作',1),
(968,'查询商品信息','2020-01-12 06:26:07','查询操作',1),
(969,'查询商品信息','2020-01-12 06:26:10','查询操作',1),
(970,'查询商品信息','2020-01-12 06:26:11','查询操作',1),
(971,'查询商品信息','2020-01-12 06:26:11','查询操作',1),
(972,'查询商品信息','2020-01-12 06:26:18','查询操作',1),
(973,'查询商品信息','2020-01-12 06:26:41','查询操作',1),
(974,'查询商品信息','2020-01-12 06:26:42','查询操作',1),
(975,'查询商品信息','2020-01-12 06:26:43','查询操作',1),
(976,'查询商品信息','2020-01-12 06:26:44','查询操作',1),
(977,'查询商品信息','2020-01-12 06:26:44','查询操作',1),
(978,'查询商品信息','2020-01-12 06:26:46','查询操作',1),
(979,'查询商品信息','2020-01-12 06:26:47','查询操作',1),
(980,'查询商品信息','2020-01-12 06:26:47','查询操作',1),
(981,'查询商品信息','2020-01-12 06:26:48','查询操作',1),
(982,'查询商品信息','2020-01-12 06:26:48','查询操作',1),
(983,'查询商品信息','2020-01-12 06:26:49','查询操作',1),
(984,'查询商品信息','2020-01-12 06:26:49','查询操作',1),
(985,'查询商品信息','2020-01-12 06:26:53','查询操作',1),
(986,'查询商品信息','2020-01-12 06:27:09','查询操作',1),
(987,'查询所有商品类别信息','2020-01-12 06:27:09','查询操作',1),
(988,'查询商品信息','2020-01-12 06:29:49','查询操作',1),
(989,'查询商品信息','2020-01-12 06:29:50','查询操作',1),
(990,'查询商品信息','2020-01-12 06:29:52','查询操作',1),
(991,'查询商品信息','2020-01-12 06:29:52','查询操作',1),
(992,'用户登录','2020-01-12 10:49:08','登录操作',1),
(993,'查询所有商品类别信息','2020-01-12 10:49:12','查询操作',1),
(994,'查询商品信息','2020-01-12 10:49:12','查询操作',1),
(995,'查询商品信息','2020-01-12 10:49:43','查询操作',1),
(996,'查询所有商品类别信息','2020-01-12 10:49:43','查询操作',1),
(997,'查询商品信息','2020-01-12 10:50:25','查询操作',1),
(998,'查询所有商品类别信息','2020-01-12 10:50:25','查询操作',1),
(999,'查询商品信息','2020-01-12 10:50:42','查询操作',1),
(1000,'查询所有商品类别信息','2020-01-12 10:50:42','查询操作',1),
(1001,'查询商品信息','2020-01-12 10:50:44','查询操作',1),
(1002,'查询商品信息','2020-01-12 10:51:09','查询操作',1),
(1003,'查询所有商品类别信息','2020-01-12 10:51:09','查询操作',1),
(1004,'查询商品信息','2020-01-12 10:51:21','查询操作',1),
(1005,'查询所有商品类别信息','2020-01-12 10:51:21','查询操作',1),
(1006,'查询商品信息','2020-01-12 10:51:29','查询操作',1),
(1007,'查询所有商品类别信息','2020-01-12 10:51:29','查询操作',1),
(1008,'查询商品信息','2020-01-12 10:51:39','查询操作',1),
(1009,'查询所有商品类别信息','2020-01-12 10:51:39','查询操作',1),
(1010,'查询商品信息','2020-01-12 10:51:51','查询操作',1),
(1011,'查询所有商品类别信息','2020-01-12 10:51:51','查询操作',1),
(1012,'查询商品信息','2020-01-12 10:53:39','查询操作',1),
(1013,'查询所有商品类别信息','2020-01-12 10:53:39','查询操作',1),
(1014,'查询商品信息','2020-01-12 10:53:47','查询操作',1),
(1015,'查询所有商品类别信息','2020-01-12 10:53:48','查询操作',1),
(1016,'查询商品信息','2020-01-12 10:53:57','查询操作',1),
(1017,'查询所有商品类别信息','2020-01-12 10:53:58','查询操作',1),
(1018,'查询商品信息','2020-01-12 10:54:11','查询操作',1),
(1019,'查询商品信息','2020-01-12 10:54:20','查询操作',1),
(1020,'查询商品信息','2020-01-12 10:54:21','查询操作',1),
(1021,'查询商品信息','2020-01-12 10:54:22','查询操作',1),
(1022,'查询商品信息','2020-01-12 10:54:22','查询操作',1),
(1023,'查询商品信息','2020-01-12 10:54:22','查询操作',1),
(1024,'查询商品信息','2020-01-12 10:54:25','查询操作',1),
(1025,'查询商品信息','2020-01-12 10:54:26','查询操作',1),
(1026,'查询商品信息','2020-01-12 10:54:26','查询操作',1),
(1027,'查询商品信息','2020-01-12 10:54:27','查询操作',1),
(1028,'查询商品信息','2020-01-12 10:54:28','查询操作',1),
(1029,'查询商品信息','2020-01-12 10:54:28','查询操作',1),
(1030,'查询商品信息','2020-01-12 10:54:29','查询操作',1),
(1031,'查询商品信息','2020-01-12 10:54:30','查询操作',1),
(1032,'查询商品信息','2020-01-12 10:54:30','查询操作',1),
(1033,'查询商品信息','2020-01-12 10:55:32','查询操作',1),
(1034,'添加商品类别信息','2020-01-12 10:55:36','添加操作',1),
(1035,'查询商品信息','2020-01-12 10:55:37','查询操作',1),
(1036,'查询所有商品类别信息','2020-01-12 10:55:37','查询操作',1),
(1037,'查询商品信息','2020-01-12 10:55:38','查询操作',1),
(1038,'删除商品类别信息--{编号=59, 商品列表名称=\'1\', 类别节点类型=0, 图标=\'icon-folder\', 父菜单Id=5}','2020-01-12 10:55:40','删除操作',1),
(1039,'查询所有商品类别信息','2020-01-12 10:55:40','查询操作',1),
(1040,'查询商品信息','2020-01-12 10:55:44','查询操作',1),
(1041,'查询商品信息','2020-01-12 10:55:44','查询操作',1),
(1042,'查询商品信息','2020-01-12 10:55:45','查询操作',1),
(1043,'查询商品信息','2020-01-12 10:55:47','查询操作',1),
(1044,'查询商品信息','2020-01-12 10:55:49','查询操作',1),
(1045,'查询商品信息','2020-01-12 10:55:50','查询操作',1),
(1046,'查询商品信息','2020-01-12 10:55:50','查询操作',1),
(1047,'查询商品信息','2020-01-12 10:55:50','查询操作',1),
(1048,'查询商品信息','2020-01-12 10:55:58','查询操作',1),
(1049,'查询商品信息','2020-01-12 10:55:59','查询操作',1),
(1050,'查询商品信息','2020-01-12 10:56:00','查询操作',1),
(1051,'查询商品信息','2020-01-12 10:56:04','查询操作',1),
(1052,'添加商品类别信息','2020-01-12 10:56:07','添加操作',1),
(1053,'查询商品信息','2020-01-12 10:56:07','查询操作',1),
(1054,'查询所有商品类别信息','2020-01-12 10:56:07','查询操作',1),
(1055,'查询商品信息','2020-01-12 10:56:08','查询操作',1),
(1056,'查询商品信息','2020-01-12 10:56:10','查询操作',1),
(1057,'查询商品信息','2020-01-12 10:56:11','查询操作',1),
(1058,'删除商品类别信息--{编号=60, 商品列表名称=\'1\', 类别节点类型=0, 图标=\'icon-folder\', 父菜单Id=17}','2020-01-12 10:56:13','删除操作',1),
(1059,'查询所有商品类别信息','2020-01-12 10:56:13','查询操作',1),
(1060,'查询商品信息','2020-01-12 10:56:19','查询操作',1),
(1061,'查询商品信息','2020-01-12 10:56:20','查询操作',1),
(1062,'查询商品信息','2020-01-12 10:56:20','查询操作',1),
(1063,'查询商品信息','2020-01-12 10:56:48','查询操作',1),
(1064,'查询商品信息','2020-01-12 10:56:50','查询操作',1),
(1065,'查询商品信息','2020-01-12 10:57:28','查询操作',1),
(1066,'查询商品信息','2020-01-12 10:57:29','查询操作',1),
(1067,'查询商品信息','2020-01-12 10:57:30','查询操作',1),
(1068,'查询商品信息','2020-01-12 10:57:30','查询操作',1),
(1069,'查询商品信息','2020-01-12 10:57:30','查询操作',1),
(1070,'查询商品信息','2020-01-12 10:57:30','查询操作',1),
(1071,'查询商品信息','2020-01-12 11:03:14','查询操作',1),
(1072,'查询所有商品类别信息','2020-01-12 11:03:14','查询操作',1),
(1073,'查询商品信息','2020-01-12 11:05:45','查询操作',1),
(1074,'查询所有商品类别信息','2020-01-12 11:05:45','查询操作',1),
(1075,'查询商品单位信息','2020-01-12 11:31:27','查询操作',1),
(1076,'查询商品信息','2020-01-12 11:31:27','查询操作',1),
(1077,'查询所有商品类别信息','2020-01-12 11:31:27','查询操作',1),
(1078,'查询商品单位信息','2020-01-12 11:31:27','查询操作',1),
(1079,'查询所有商品类别信息','2020-01-12 11:31:31','查询操作',1),
(1080,'查询所有商品类别信息','2020-01-12 11:31:39','查询操作',1),
(1081,'添加商品单位信息','2020-01-12 11:31:55','添加操作',1),
(1082,'查询商品单位信息','2020-01-12 11:31:55','查询操作',1),
(1083,'删除商品单位信息','2020-01-12 11:32:02','删除操作',1),
(1084,'查询商品单位信息','2020-01-12 11:32:02','查询操作',1),
(1085,'查询所有商品类别信息','2020-01-12 11:32:29','查询操作',1),
(1086,'查询商品信息','2020-01-12 11:33:33','查询操作',1),
(1087,'添加商品类别信息','2020-01-12 11:33:43','添加操作',1),
(1088,'查询商品信息','2020-01-12 11:33:43','查询操作',1),
(1089,'查询商品单位信息','2020-01-12 11:33:43','查询操作',1),
(1090,'查询所有商品类别信息','2020-01-12 11:33:43','查询操作',1),
(1091,'查询商品单位信息','2020-01-12 11:33:43','查询操作',1),
(1092,'查询商品信息','2020-01-12 11:33:44','查询操作',1),
(1093,'删除商品类别信息--{编号=61, 商品列表名称=\'1\', 类别节点类型=0, 图标=\'icon-folder\', 父菜单Id=17}','2020-01-12 11:33:46','删除操作',1),
(1094,'查询所有商品类别信息','2020-01-12 11:33:46','查询操作',1),
(1095,'查询商品信息','2020-01-12 11:34:55','查询操作',1),
(1096,'查询商品信息','2020-01-12 11:34:55','查询操作',1),
(1097,'查询商品信息','2020-01-12 11:35:02','查询操作',1),
(1098,'查询商品信息','2020-01-12 11:35:43','查询操作',1),
(1099,'查询商品信息','2020-01-12 11:35:50','查询操作',1),
(1100,'查询商品信息','2020-01-12 11:35:53','查询操作',1),
(1101,'查询商品信息','2020-01-12 11:37:41','查询操作',1),
(1102,'查询商品信息','2020-01-12 11:39:09','查询操作',1),
(1103,'查询商品单位信息','2020-01-12 11:39:09','查询操作',1),
(1104,'查询所有商品类别信息','2020-01-12 11:39:09','查询操作',1),
(1105,'查询商品单位信息','2020-01-12 11:39:09','查询操作',1),
(1106,'查询商品信息','2020-01-12 11:39:39','查询操作',1),
(1107,'查询商品单位信息','2020-01-12 11:39:40','查询操作',1),
(1108,'查询所有商品类别信息','2020-01-12 11:39:40','查询操作',1),
(1109,'查询商品单位信息','2020-01-12 11:39:40','查询操作',1),
(1110,'查询商品信息','2020-01-12 11:40:08','查询操作',1),
(1111,'查询商品单位信息','2020-01-12 11:40:08','查询操作',1),
(1112,'查询所有商品类别信息','2020-01-12 11:40:08','查询操作',1),
(1113,'查询商品单位信息','2020-01-12 11:40:09','查询操作',1),
(1114,'查询商品信息','2020-01-12 11:40:22','查询操作',1),
(1115,'查询商品单位信息','2020-01-12 11:40:22','查询操作',1),
(1116,'查询所有商品类别信息','2020-01-12 11:40:22','查询操作',1),
(1117,'查询商品单位信息','2020-01-12 11:40:22','查询操作',1),
(1118,'查询商品信息','2020-01-12 11:40:33','查询操作',1),
(1119,'查询商品信息','2020-01-12 11:40:43','查询操作',1),
(1120,'查询商品单位信息','2020-01-12 11:40:43','查询操作',1),
(1121,'查询所有商品类别信息','2020-01-12 11:40:43','查询操作',1),
(1122,'查询商品单位信息','2020-01-12 11:40:43','查询操作',1),
(1123,'查询商品信息','2020-01-12 11:40:47','查询操作',1),
(1124,'查询商品信息','2020-01-12 11:40:53','查询操作',1),
(1125,'查询所有商品类别信息','2020-01-12 11:45:22','查询操作',1),
(1126,'查询客户信息','2020-01-12 11:49:55','查询操作',1),
(1127,'查询客户信息','2020-01-12 11:49:55','查询操作',1),
(1128,'查询商品信息','2020-01-12 11:49:56','查询操作',1),
(1129,'查询商品单位信息','2020-01-12 11:49:56','查询操作',1),
(1130,'查询所有商品类别信息','2020-01-12 11:49:56','查询操作',1),
(1131,'查询商品单位信息','2020-01-12 11:49:56','查询操作',1),
(1132,'查询所有商品类别信息','2020-01-12 11:50:00','查询操作',1),
(1133,'查询商品信息','2020-01-12 11:51:18','查询操作',1),
(1134,'查询商品单位信息','2020-01-12 11:51:18','查询操作',1),
(1135,'查询所有商品类别信息','2020-01-12 11:51:18','查询操作',1),
(1136,'查询商品单位信息','2020-01-12 11:51:18','查询操作',1),
(1137,'查询所有商品类别信息','2020-01-12 11:51:28','查询操作',1),
(1138,'查询商品信息','2020-01-12 11:53:22','查询操作',1),
(1139,'查询商品单位信息','2020-01-12 11:53:22','查询操作',1),
(1140,'查询所有商品类别信息','2020-01-12 11:53:22','查询操作',1),
(1141,'查询商品单位信息','2020-01-12 11:53:22','查询操作',1),
(1142,'查询所有商品类别信息','2020-01-12 11:53:38','查询操作',1),
(1143,'查询所有商品类别信息','2020-01-12 11:53:40','查询操作',1),
(1144,'查询商品信息','2020-01-12 11:53:51','查询操作',1),
(1145,'查询商品信息','2020-01-12 11:53:55','查询操作',1),
(1146,'查询商品信息','2020-01-12 11:53:59','查询操作',1),
(1147,'查询商品信息','2020-01-12 12:11:16','查询操作',1),
(1148,'查询商品信息','2020-01-12 12:11:18','查询操作',1),
(1149,'查询商品信息','2020-01-12 12:11:20','查询操作',1),
(1150,'查询商品信息','2020-01-12 12:11:24','查询操作',1),
(1151,'查询商品信息','2020-01-12 12:11:24','查询操作',1),
(1152,'查询商品信息','2020-01-12 12:11:25','查询操作',1),
(1153,'查询商品信息','2020-01-12 12:11:26','查询操作',1),
(1154,'查询商品信息','2020-01-12 12:11:26','查询操作',1),
(1155,'查询商品信息','2020-01-12 12:11:28','查询操作',1),
(1156,'查询商品信息','2020-01-12 12:11:28','查询操作',1),
(1157,'查询商品信息','2020-01-12 12:11:29','查询操作',1),
(1158,'查询商品信息','2020-01-12 12:11:30','查询操作',1),
(1159,'查询商品信息','2020-01-12 12:11:30','查询操作',1),
(1160,'查询商品信息','2020-01-12 12:11:31','查询操作',1),
(1161,'查询商品信息','2020-01-12 12:11:31','查询操作',1),
(1162,'查询商品信息','2020-01-12 12:11:38','查询操作',1),
(1163,'查询商品信息','2020-01-12 12:11:39','查询操作',1),
(1164,'查询商品信息','2020-01-12 12:11:39','查询操作',1),
(1165,'查询商品信息','2020-01-12 12:11:39','查询操作',1),
(1166,'查询商品信息','2020-01-12 12:11:42','查询操作',1),
(1167,'查询用户信息','2020-01-12 12:11:47','查询操作',1),
(1168,'查询用户信息','2020-01-12 12:11:47','查询操作',1),
(1169,'用户登录','2020-01-12 12:49:12','登录操作',1),
(1170,'查询商品单位信息','2020-01-12 12:49:15','查询操作',1),
(1171,'查询商品信息','2020-01-12 12:49:15','查询操作',1),
(1172,'查询所有商品类别信息','2020-01-12 12:49:15','查询操作',1),
(1173,'查询商品单位信息','2020-01-12 12:49:15','查询操作',1),
(1174,'查询商品信息','2020-01-12 12:49:15','查询操作',1),
(1175,'查询商品信息','2020-01-12 12:50:17','查询操作',1),
(1176,'查询商品单位信息','2020-01-12 12:50:17','查询操作',1),
(1177,'查询所有商品类别信息','2020-01-12 12:50:17','查询操作',1),
(1178,'查询商品单位信息','2020-01-12 12:50:17','查询操作',1),
(1179,'查询商品信息','2020-01-12 12:50:17','查询操作',1),
(1180,'查询商品单位信息','2020-01-12 12:55:50','查询操作',1),
(1181,'查询商品信息','2020-01-12 12:55:50','查询操作',1),
(1182,'查询所有商品类别信息','2020-01-12 12:55:50','查询操作',1),
(1183,'查询商品单位信息','2020-01-12 12:55:50','查询操作',1),
(1184,'查询商品信息','2020-01-12 12:55:50','查询操作',1),
(1185,'查询所有商品类别信息','2020-01-12 12:56:21','查询操作',1),
(1186,'查询所有商品类别信息','2020-01-12 12:59:11','查询操作',1),
(1187,'查询商品信息','2020-01-12 13:01:44','查询操作',1),
(1188,'查询商品单位信息','2020-01-12 13:01:44','查询操作',1),
(1189,'查询所有商品类别信息','2020-01-12 13:01:44','查询操作',1),
(1190,'查询商品单位信息','2020-01-12 13:01:44','查询操作',1),
(1191,'查询商品信息','2020-01-12 13:01:44','查询操作',1),
(1192,'查询所有商品类别信息','2020-01-12 13:01:48','查询操作',1),
(1193,'添加商品信息--{id=null, 编号=\'0029\', 商品名称=\'111\', 商品类别=--{编号=6, 商品列表名称=\'null\', 类别节点类型=null, 图标=\'null\', 父菜单Id=null}, 采购价格=1.0, 出售价格=1.0, 生产厂商=1}','2020-01-12 13:02:00','添加操作',1),
(1194,'查询商品信息','2020-01-12 13:03:03','查询操作',1),
(1195,'查询商品单位信息','2020-01-12 13:03:03','查询操作',1),
(1196,'查询所有商品类别信息','2020-01-12 13:03:03','查询操作',1),
(1197,'查询商品单位信息','2020-01-12 13:03:03','查询操作',1),
(1198,'查询商品信息','2020-01-12 13:03:03','查询操作',1),
(1199,'查询所有商品类别信息','2020-01-12 13:03:08','查询操作',1),
(1200,'添加商品信息--{id=null, 编号=\'0029\', 商品名称=\'1\', 商品类别=--{编号=6, 商品列表名称=\'null\', 类别节点类型=null, 图标=\'null\', 父菜单Id=null}, 采购价格=1.0, 出售价格=1.0, 生产厂商=1}','2020-01-12 13:03:19','添加操作',1),
(1201,'添加商品信息--{id=null, 编号=\'0029\', 商品名称=\'1\', 商品类别=--{编号=6, 商品列表名称=\'null\', 类别节点类型=null, 图标=\'null\', 父菜单Id=null}, 采购价格=1.0, 出售价格=1.0, 生产厂商=1}','2020-01-12 13:03:25','添加操作',1),
(1202,'查询商品信息','2020-01-12 13:08:21','查询操作',1),
(1203,'查询商品单位信息','2020-01-12 13:08:21','查询操作',1),
(1204,'查询所有商品类别信息','2020-01-12 13:08:21','查询操作',1),
(1205,'查询商品单位信息','2020-01-12 13:08:21','查询操作',1),
(1206,'查询商品信息','2020-01-12 13:08:21','查询操作',1),
(1207,'查询商品单位信息','2020-01-12 13:10:08','查询操作',1),
(1208,'查询商品信息','2020-01-12 13:10:08','查询操作',1),
(1209,'查询所有商品类别信息','2020-01-12 13:10:08','查询操作',1),
(1210,'查询商品单位信息','2020-01-12 13:10:08','查询操作',1),
(1211,'查询商品信息','2020-01-12 13:10:08','查询操作',1),
(1212,'查询商品信息','2020-01-12 13:10:42','查询操作',1),
(1213,'查询商品单位信息','2020-01-12 13:10:42','查询操作',1),
(1214,'查询所有商品类别信息','2020-01-12 13:10:42','查询操作',1),
(1215,'查询商品单位信息','2020-01-12 13:10:42','查询操作',1),
(1216,'查询商品信息','2020-01-12 13:10:43','查询操作',1),
(1217,'查询商品信息','2020-01-12 13:11:05','查询操作',1),
(1218,'查询商品单位信息','2020-01-12 13:11:05','查询操作',1),
(1219,'查询所有商品类别信息','2020-01-12 13:11:05','查询操作',1),
(1220,'查询商品单位信息','2020-01-12 13:11:05','查询操作',1),
(1221,'查询商品信息','2020-01-12 13:11:05','查询操作',1),
(1222,'查询商品信息','2020-01-12 13:11:19','查询操作',1),
(1223,'查询商品单位信息','2020-01-12 13:11:19','查询操作',1),
(1224,'查询所有商品类别信息','2020-01-12 13:11:19','查询操作',1),
(1225,'查询商品单位信息','2020-01-12 13:11:19','查询操作',1),
(1226,'查询商品信息','2020-01-12 13:11:19','查询操作',1),
(1227,'查询商品信息','2020-01-12 13:11:50','查询操作',1),
(1228,'查询商品单位信息','2020-01-12 13:11:50','查询操作',1),
(1229,'查询所有商品类别信息','2020-01-12 13:11:50','查询操作',1),
(1230,'查询商品单位信息','2020-01-12 13:11:50','查询操作',1),
(1231,'查询商品信息','2020-01-12 13:11:50','查询操作',1),
(1232,'查询商品信息','2020-01-12 13:12:11','查询操作',1),
(1233,'查询商品单位信息','2020-01-12 13:12:11','查询操作',1),
(1234,'查询所有商品类别信息','2020-01-12 13:12:11','查询操作',1),
(1235,'查询商品单位信息','2020-01-12 13:12:11','查询操作',1),
(1236,'查询商品信息','2020-01-12 13:12:11','查询操作',1),
(1237,'查询商品信息','2020-01-12 13:12:56','查询操作',1),
(1238,'查询商品单位信息','2020-01-12 13:12:56','查询操作',1),
(1239,'查询所有商品类别信息','2020-01-12 13:12:56','查询操作',1),
(1240,'查询商品单位信息','2020-01-12 13:12:56','查询操作',1),
(1241,'查询商品信息','2020-01-12 13:12:56','查询操作',1),
(1242,'查询商品信息','2020-01-12 13:13:38','查询操作',1),
(1243,'查询商品单位信息','2020-01-12 13:13:38','查询操作',1),
(1244,'查询所有商品类别信息','2020-01-12 13:13:38','查询操作',1),
(1245,'查询商品单位信息','2020-01-12 13:13:38','查询操作',1),
(1246,'查询商品信息','2020-01-12 13:13:38','查询操作',1),
(1247,'查询商品信息','2020-01-12 13:14:44','查询操作',1),
(1248,'查询商品单位信息','2020-01-12 13:14:44','查询操作',1),
(1249,'查询所有商品类别信息','2020-01-12 13:14:44','查询操作',1),
(1250,'查询商品单位信息','2020-01-12 13:14:44','查询操作',1),
(1251,'查询商品信息','2020-01-12 13:14:44','查询操作',1),
(1252,'查询所有商品类别信息','2020-01-12 13:14:51','查询操作',1),
(1253,'添加商品信息--{id=null, 编号=\'0029\', 商品名称=\'女士连衣裙\', 商品类别=--{编号=6, 商品列表名称=\'null\', 类别节点类型=null, 图标=\'null\', 父菜单Id=null}, 采购价格=122.0, 出售价格=166.0, 生产厂商=3131}','2020-01-12 13:15:33','添加操作',1),
(1254,'添加商品信息--{id=null, 编号=\'0029\', 商品名称=\'女士连衣裙\', 商品类别=--{编号=6, 商品列表名称=\'null\', 类别节点类型=null, 图标=\'null\', 父菜单Id=null}, 采购价格=122.0, 出售价格=166.0, 生产厂商=3131}','2020-01-12 13:15:40','添加操作',1),
(1255,'查询商品信息','2020-01-12 13:16:33','查询操作',1),
(1256,'查询商品单位信息','2020-01-12 13:16:33','查询操作',1),
(1257,'查询所有商品类别信息','2020-01-12 13:16:33','查询操作',1),
(1258,'查询商品单位信息','2020-01-12 13:16:33','查询操作',1),
(1259,'查询商品信息','2020-01-12 13:16:33','查询操作',1),
(1260,'查询所有商品类别信息','2020-01-12 13:16:35','查询操作',1),
(1261,'查询商品信息','2020-01-12 13:16:41','查询操作',1),
(1262,'查询商品信息','2020-01-12 13:16:41','查询操作',1),
(1263,'添加商品信息--{id=null, 编号=\'0029\', 商品名称=\'31\', 商品类别=--{编号=6, 商品列表名称=\'null\', 类别节点类型=null, 图标=\'null\', 父菜单Id=null}, 采购价格=312.0, 出售价格=444.0, 生产厂商=231}','2020-01-12 13:17:00','添加操作',1),
(1264,'查询商品信息','2020-01-12 13:17:11','查询操作',1),
(1265,'查询商品信息','2020-01-12 13:17:12','查询操作',1),
(1266,'查询所有商品类别信息','2020-01-12 13:17:24','查询操作',1),
(1267,'更新商品信息--{id=38, 编号=\'0029\', 商品名称=\'311\', 商品类别=--{编号=7, 商品列表名称=\'null\', 类别节点类型=null, 图标=\'null\', 父菜单Id=null}, 采购价格=3121.0, 出售价格=4441.0, 生产厂商=2311}','2020-01-12 13:17:28','更新操作',1),
(1268,'查询商品信息','2020-01-12 13:17:35','查询操作',1),
(1269,'查询商品信息','2020-01-12 13:17:37','查询操作',1),
(1270,'查询商品信息','2020-01-12 13:21:16','查询操作',1),
(1271,'查询商品单位信息','2020-01-12 13:21:16','查询操作',1),
(1272,'查询所有商品类别信息','2020-01-12 13:21:16','查询操作',1),
(1273,'查询商品单位信息','2020-01-12 13:21:16','查询操作',1),
(1274,'查询商品信息','2020-01-12 13:21:16','查询操作',1),
(1275,'查询所有商品类别信息','2020-01-12 13:21:22','查询操作',1),
(1276,'查询商品信息','2020-01-12 13:21:25','查询操作',1),
(1277,'添加商品信息--{id=null, 编号=\'0030\', 商品名称=\'111\', 商品类别=--{编号=8, 商品列表名称=\'null\', 类别节点类型=null, 图标=\'null\', 父菜单Id=null}, 采购价格=11.0, 出售价格=11.0, 生产厂商=1}','2020-01-12 13:21:38','添加操作',1),
(1278,'查询商品信息','2020-01-12 13:21:39','查询操作',1),
(1279,'查询所有商品类别信息','2020-01-12 13:22:35','查询操作',1),
(1280,'更新商品信息--{id=39, 编号=\'0030\', 商品名称=\'111\', 商品类别=--{编号=15, 商品列表名称=\'null\', 类别节点类型=null, 图标=\'null\', 父菜单Id=null}, 采购价格=11.0, 出售价格=11.0, 生产厂商=1}','2020-01-12 13:22:40','更新操作',1),
(1281,'查询商品信息','2020-01-12 13:22:40','查询操作',1),
(1282,'查询商品信息','2020-01-12 13:22:43','查询操作',1),
(1283,'删除商品信息--{id=39, 编号=\'0030\', 商品名称=\'111\', 商品类别=--{编号=15, 商品列表名称=\'相机\', 类别节点类型=0, 图标=\'icon-folder\', 父菜单Id=5}, 采购价格=11.0, 出售价格=11.0, 生产厂商=1}','2020-01-12 13:22:49','删除操作',1),
(1284,'查询商品信息','2020-01-12 13:22:49','查询操作',1),
(1285,'查询商品信息','2020-01-12 13:24:41','查询操作',1),
(1286,'查询商品单位信息','2020-01-12 13:24:41','查询操作',1),
(1287,'查询所有商品类别信息','2020-01-12 13:24:41','查询操作',1),
(1288,'查询商品单位信息','2020-01-12 13:24:41','查询操作',1),
(1289,'查询商品信息','2020-01-12 13:24:41','查询操作',1),
(1290,'查询商品信息','2020-01-12 13:24:42','查询操作',1),
(1291,'删除商品信息--{id=38, 编号=\'0029\', 商品名称=\'311\', 商品类别=--{编号=7, 商品列表名称=\'男士西装\', 类别节点类型=0, 图标=\'icon-folder\', 父菜单Id=2}, 采购价格=3121.0, 出售价格=4441.0, 生产厂商=2311}','2020-01-12 13:24:45','删除操作',1),
(1292,'查询商品信息','2020-01-12 13:24:46','查询操作',1),
(1293,'查询商品信息','2020-01-12 13:25:50','查询操作',1),
(1294,'查询商品单位信息','2020-01-12 13:25:50','查询操作',1),
(1295,'查询商品单位信息','2020-01-12 13:25:50','查询操作',1),
(1296,'查询所有商品类别信息','2020-01-12 13:25:50','查询操作',1),
(1297,'查询商品信息','2020-01-12 13:25:50','查询操作',1),
(1298,'查询商品信息','2020-01-12 13:25:51','查询操作',1),
(1299,'删除商品信息--{id=37, 编号=\'0028\', 商品名称=\'ddfas\', 采购价格=1.0, 出售价格=3.0, 生产厂商=22}','2020-01-12 13:25:54','删除操作',1),
(1300,'查询商品信息','2020-01-12 13:25:54','查询操作',1),
(1301,'用户登录','2020-01-12 14:10:14','登录操作',1),
(1302,'查询商品单位信息','2020-01-12 14:10:31','查询操作',1),
(1303,'查询商品信息','2020-01-12 14:10:31','查询操作',1),
(1304,'查询所有商品类别信息','2020-01-12 14:10:31','查询操作',1),
(1305,'查询商品单位信息','2020-01-12 14:10:32','查询操作',1),
(1306,'查询商品信息','2020-01-12 14:10:32','查询操作',1),
(1307,'查询所有商品类别信息','2020-01-12 14:10:59','查询操作',1),
(1308,'查询所有商品类别信息','2020-01-12 14:11:42','查询操作',1),
(1309,'添加商品信息--{id=null, 编号=\'0027\', 商品名称=\'加绒加厚牛仔裤男直筒宽松带绒秋冬季冬天商务弹力修身黑色裤子男 \', 采购价格=200.0, 出售价格=269.0, 生产厂商=MUZHILEE/慕志李}','2020-01-12 14:14:13','添加操作',1),
(1310,'查询商品信息','2020-01-12 14:14:13','查询操作',1),
(1311,'查询商品信息','2020-01-12 14:14:16','查询操作',1),
(1312,'查询所有商品类别信息','2020-01-12 14:16:34','查询操作',1),
(1313,'更新商品信息--{id=40, 编号=\'0027\', 商品名称=\'加绒加厚牛仔裤男直筒宽松带绒秋冬季冬天商务弹力修身黑色裤子男 \', 采购价格=200.0, 出售价格=269.0, 生产厂商=MUZHILEE/慕志李}','2020-01-12 14:16:41','更新操作',1),
(1314,'查询商品信息','2020-01-12 14:16:41','查询操作',1),
(1315,'查询商品信息','2020-01-12 14:17:55','查询操作',1),
(1316,'查询商品信息','2020-01-12 14:20:05','查询操作',1),
(1317,'查询商品信息','2020-01-12 14:20:48','查询操作',1),
(1318,'查询商品信息','2020-01-12 14:20:49','查询操作',1),
(1319,'查询商品信息','2020-01-12 14:20:54','查询操作',1),
(1320,'查询商品信息','2020-01-12 14:20:58','查询操作',1),
(1321,'查询商品信息','2020-01-12 14:20:59','查询操作',1),
(1322,'查询商品信息','2020-01-12 14:20:59','查询操作',1),
(1323,'查询商品信息','2020-01-12 14:21:00','查询操作',1),
(1324,'查询商品信息','2020-01-12 14:21:00','查询操作',1),
(1325,'查询商品信息','2020-01-12 14:21:03','查询操作',1),
(1326,'查询商品信息','2020-01-12 14:21:04','查询操作',1),
(1327,'查询商品信息','2020-01-12 14:21:05','查询操作',1),
(1328,'查询商品信息','2020-01-12 14:21:05','查询操作',1),
(1329,'查询商品信息','2020-01-12 14:21:06','查询操作',1),
(1330,'查询商品信息','2020-01-12 14:21:11','查询操作',1),
(1331,'查询商品信息','2020-01-12 14:21:11','查询操作',1),
(1332,'查询商品信息','2020-01-12 14:21:12','查询操作',1),
(1333,'查询商品信息','2020-01-12 14:21:12','查询操作',1),
(1334,'查询商品信息','2020-01-12 14:21:15','查询操作',1),
(1335,'删除商品信息--{id=25, 编号=\'0016\', 商品名称=\'21\', 采购价格=100.0, 出售价格=120.0, 生产厂商=32}','2020-01-12 14:21:18','删除操作',1),
(1336,'查询商品信息','2020-01-12 14:21:18','查询操作',1),
(1337,'查询商品信息','2020-01-12 14:21:19','查询操作',1),
(1338,'查询商品信息','2020-01-12 14:21:30','查询操作',1),
(1339,'查询商品信息','2020-01-12 14:21:31','查询操作',1),
(1340,'查询商品信息','2020-01-12 14:21:31','查询操作',1),
(1341,'查询商品信息','2020-01-12 14:21:34','查询操作',1),
(1342,'查询商品信息','2020-01-12 14:21:35','查询操作',1),
(1343,'查询商品信息','2020-01-12 14:21:35','查询操作',1),
(1344,'查询商品信息','2020-01-12 14:28:07','查询操作',1),
(1345,'查询商品信息','2020-01-12 14:28:10','查询操作',1),
(1346,'查询商品信息','2020-01-12 14:28:13','查询操作',1),
(1347,'查询商品信息','2020-01-12 14:30:15','查询操作',1),
(1348,'查询商品信息','2020-01-12 14:32:42','查询操作',1),
(1349,'查询商品信息','2020-01-12 14:32:43','查询操作',1),
(1350,'查询商品信息','2020-01-12 14:32:43','查询操作',1),
(1351,'查询商品单位信息','2020-01-12 14:59:31','查询操作',1),
(1352,'查询商品信息','2020-01-12 14:59:31','查询操作',1),
(1353,'查询商品单位信息','2020-01-12 14:59:31','查询操作',1),
(1354,'查询所有商品类别信息','2020-01-12 14:59:31','查询操作',1),
(1355,'查询商品信息','2020-01-12 14:59:31','查询操作',1),
(1356,'查询商品信息','2020-01-12 15:01:58','查询操作',1),
(1357,'查询商品信息','2020-01-12 15:01:59','查询操作',1),
(1358,'查询商品信息','2020-01-12 15:02:00','查询操作',1),
(1359,'查询商品信息','2020-01-12 15:02:00','查询操作',1),
(1360,'查询商品信息','2020-01-12 15:02:01','查询操作',1),
(1361,'查询商品信息','2020-01-12 15:02:02','查询操作',1),
(1362,'查询商品信息','2020-01-12 15:02:33','查询操作',1),
(1363,'查询商品信息','2020-01-12 15:02:34','查询操作',1),
(1364,'查询商品信息','2020-01-12 15:02:34','查询操作',1),
(1365,'查询商品信息','2020-01-12 15:02:35','查询操作',1),
(1366,'查询商品信息','2020-01-12 15:02:36','查询操作',1),
(1367,'查询商品信息','2020-01-12 15:02:37','查询操作',1),
(1368,'查询商品单位信息','2020-01-12 15:05:05','查询操作',1),
(1369,'查询商品信息','2020-01-12 15:05:05','查询操作',1),
(1370,'查询所有商品类别信息','2020-01-12 15:05:05','查询操作',1),
(1371,'查询商品单位信息','2020-01-12 15:05:05','查询操作',1),
(1372,'查询商品信息','2020-01-12 15:05:05','查询操作',1),
(1373,'查询商品信息','2020-01-12 15:07:59','查询操作',1),
(1374,'查询商品单位信息','2020-01-12 15:07:59','查询操作',1),
(1375,'查询所有商品类别信息','2020-01-12 15:07:59','查询操作',1),
(1376,'查询商品单位信息','2020-01-12 15:07:59','查询操作',1),
(1377,'查询商品信息','2020-01-12 15:07:59','查询操作',1),
(1378,'查询商品信息','2020-01-12 15:11:51','查询操作',1),
(1379,'查询商品信息','2020-01-12 15:12:01','查询操作',1),
(1380,'查询商品信息','2020-01-12 15:12:04','查询操作',1),
(1381,'查询商品信息','2020-01-12 15:12:06','查询操作',1),
(1382,'查询商品信息','2020-01-12 15:12:08','查询操作',1),
(1383,'查询商品信息','2020-01-12 15:12:09','查询操作',1),
(1384,'查询商品信息','2020-01-12 15:12:11','查询操作',1),
(1385,'查询商品信息','2020-01-12 15:12:12','查询操作',1),
(1386,'查询商品信息','2020-01-12 15:12:13','查询操作',1),
(1387,'查询商品信息','2020-01-12 15:12:13','查询操作',1),
(1388,'查询商品信息','2020-01-12 15:12:14','查询操作',1),
(1389,'查询商品信息','2020-01-12 15:12:14','查询操作',1),
(1390,'查询商品信息','2020-01-12 15:12:14','查询操作',1),
(1391,'查询商品信息','2020-01-12 15:12:15','查询操作',1),
(1392,'查询商品信息','2020-01-12 15:12:15','查询操作',1),
(1393,'查询商品信息','2020-01-12 15:12:16','查询操作',1),
(1394,'查询商品信息','2020-01-12 15:12:16','查询操作',1),
(1395,'查询商品信息','2020-01-12 15:12:17','查询操作',1),
(1396,'查询商品信息','2020-01-12 15:12:18','查询操作',1),
(1397,'查询商品信息','2020-01-12 15:12:19','查询操作',1),
(1398,'查询商品信息','2020-01-12 15:12:22','查询操作',1),
(1399,'查询商品信息','2020-01-12 15:12:25','查询操作',1),
(1400,'查询商品信息','2020-01-12 15:12:37','查询操作',1),
(1401,'查询商品信息','2020-01-12 15:12:38','查询操作',1),
(1402,'查询商品信息','2020-01-12 15:18:48','查询操作',1),
(1403,'查询商品信息','2020-01-12 15:18:59','查询操作',1),
(1404,'查询商品信息','2020-01-12 15:19:00','查询操作',1),
(1405,'查询商品信息','2020-01-12 15:19:01','查询操作',1),
(1406,'查询商品信息','2020-01-12 15:19:06','查询操作',1),
(1407,'查询商品信息','2020-01-12 15:19:07','查询操作',1),
(1408,'查询商品信息','2020-01-12 15:19:08','查询操作',1),
(1409,'查询商品信息','2020-01-12 15:19:08','查询操作',1),
(1410,'查询商品信息','2020-01-12 15:19:18','查询操作',1),
(1411,'查询商品信息','2020-01-12 15:19:20','查询操作',1),
(1412,'查询商品信息','2020-01-12 15:19:20','查询操作',1),
(1413,'查询商品信息','2020-01-12 15:19:21','查询操作',1),
(1414,'查询商品信息','2020-01-12 15:19:22','查询操作',1),
(1415,'查询商品信息','2020-01-12 15:19:23','查询操作',1),
(1416,'查询商品单位信息','2020-01-12 15:42:10','查询操作',1),
(1417,'查询商品信息','2020-01-12 15:42:10','查询操作',1),
(1418,'查询所有商品类别信息','2020-01-12 15:42:10','查询操作',1),
(1419,'查询商品单位信息','2020-01-12 15:42:10','查询操作',1),
(1420,'查询商品信息','2020-01-12 15:42:10','查询操作',1),
(1421,'查询所有商品类别信息','2020-01-12 15:42:18','查询操作',1),
(1422,'添加商品信息--{id=null, 编号=\'0028\', 商品名称=\'3131231\', 采购价格=312.0, 出售价格=31.0, 生产厂商=312}','2020-01-12 15:42:30','添加操作',1),
(1423,'查询商品信息','2020-01-12 15:56:02','查询操作',1),
(1424,'查询商品单位信息','2020-01-12 15:56:02','查询操作',1),
(1425,'查询商品单位信息','2020-01-12 15:56:03','查询操作',1),
(1426,'查询所有商品类别信息','2020-01-12 15:56:03','查询操作',1),
(1427,'查询商品信息','2020-01-12 15:56:03','查询操作',1),
(1428,'查询所有商品类别信息','2020-01-12 15:56:06','查询操作',1),
(1429,'添加商品信息--{id=null, 编号=\'0028\', 商品名称=\'eqweq\', 采购价格=213.0, 出售价格=31.0, 生产厂商=321}','2020-01-12 15:56:19','添加操作',1),
(1430,'查询商品信息','2020-01-12 15:56:19','查询操作',1),
(1431,'查询商品信息','2020-01-12 15:56:23','查询操作',1),
(1432,'更新商品信息--{id=41, 编号=\'0028\', 商品名称=\'eqweq\', 采购价格=2131.0, 出售价格=31.0, 生产厂商=3211}','2020-01-12 15:56:29','更新操作',1),
(1433,'查询商品信息','2020-01-12 15:56:29','查询操作',1),
(1434,'查询商品信息','2020-01-12 16:03:39','查询操作',1),
(1435,'查询商品信息','2020-01-12 16:03:40','查询操作',1),
(1436,'查询所有商品类别信息','2020-01-12 16:03:45','查询操作',1),
(1437,'更新商品信息--{id=41, 编号=\'0028\', 商品名称=\'eqweq\', 采购价格=2131.0, 出售价格=31.0, 生产厂商=3211}','2020-01-12 16:03:50','更新操作',1),
(1438,'更新商品信息--{id=41, 编号=\'0028\', 商品名称=\'eqweq\', 采购价格=2131.0, 出售价格=31.0, 生产厂商=3211}','2020-01-12 16:04:03','更新操作',1),
(1439,'查询商品信息','2020-01-12 16:05:42','查询操作',1),
(1440,'查询商品单位信息','2020-01-12 16:05:42','查询操作',1),
(1441,'查询所有商品类别信息','2020-01-12 16:05:42','查询操作',1),
(1442,'查询商品单位信息','2020-01-12 16:05:42','查询操作',1),
(1443,'查询商品信息','2020-01-12 16:05:42','查询操作',1),
(1444,'查询商品信息','2020-01-12 16:05:46','查询操作',1),
(1445,'查询所有商品类别信息','2020-01-12 16:05:52','查询操作',1),
(1446,'更新商品信息--{id=41, 编号=\'0028\', 商品名称=\'eqweq\', 采购价格=2131.0, 出售价格=31.0, 生产厂商=32111}','2020-01-12 16:05:55','更新操作',1),
(1447,'更新商品信息--{id=41, 编号=\'0028\', 商品名称=\'eqweq\', 采购价格=2131.0, 出售价格=31.0, 生产厂商=32111}','2020-01-12 16:05:56','更新操作',1),
(1448,'更新商品信息--{id=41, 编号=\'0028\', 商品名称=\'eqweq\', 采购价格=2131.0, 出售价格=31.0, 生产厂商=32111}','2020-01-12 16:05:58','更新操作',1),
(1449,'更新商品信息--{id=41, 编号=\'0028\', 商品名称=\'eqweq\', 采购价格=2131.0, 出售价格=31.0, 生产厂商=32111}','2020-01-12 16:06:08','更新操作',1),
(1450,'查询商品信息','2020-01-12 16:09:02','查询操作',1),
(1451,'查询商品单位信息','2020-01-12 16:09:02','查询操作',1),
(1452,'查询所有商品类别信息','2020-01-12 16:09:02','查询操作',1),
(1453,'查询商品单位信息','2020-01-12 16:09:02','查询操作',1),
(1454,'查询商品信息','2020-01-12 16:09:03','查询操作',1),
(1455,'查询商品信息','2020-01-12 16:09:05','查询操作',1),
(1456,'查询商品信息','2020-01-12 16:09:10','查询操作',1),
(1457,'查询商品信息','2020-01-12 16:09:16','查询操作',1),
(1458,'查询商品信息','2020-01-12 16:09:18','查询操作',1),
(1459,'查询所有商品类别信息','2020-01-12 16:09:21','查询操作',1),
(1460,'更新商品信息--{id=41, 编号=\'0028\', 商品名称=\'eqweq\', 采购价格=2131.0, 出售价格=31.0, 生产厂商=3211}','2020-01-12 16:09:26','更新操作',1),
(1461,'查询商品信息','2020-01-12 16:09:26','查询操作',1),
(1462,'更新商品信息--{id=41, 编号=\'0028\', 商品名称=\'eqweq1\', 采购价格=21311.0, 出售价格=311.0, 生产厂商=32111321}','2020-01-12 16:09:36','更新操作',1),
(1463,'查询商品信息','2020-01-12 16:09:36','查询操作',1),
(1464,'更新商品信息--{id=41, 编号=\'0028\', 商品名称=\'eqweq1222\', 采购价格=2.1311222E7, 出售价格=311.0, 生产厂商=3211132122}','2020-01-12 16:09:48','更新操作',1),
(1465,'查询商品信息','2020-01-12 16:09:48','查询操作',1),
(1466,'删除商品信息--{id=41, 编号=\'0028\', 商品名称=\'eqweq1222\', 采购价格=2.13112E7, 出售价格=311.0, 生产厂商=3211132122}','2020-01-12 16:12:32','删除操作',1),
(1467,'查询商品信息','2020-01-12 16:12:32','查询操作',1),
(1468,'查询商品信息','2020-01-12 16:12:40','查询操作',1),
(1469,'查询商品单位信息','2020-01-12 16:12:40','查询操作',1),
(1470,'查询商品单位信息','2020-01-12 16:12:40','查询操作',1),
(1471,'查询所有商品类别信息','2020-01-12 16:12:40','查询操作',1),
(1472,'查询商品信息','2020-01-12 16:12:40','查询操作',1),
(1473,'查询所有商品类别信息','2020-01-12 16:12:44','查询操作',1),
(1474,'添加商品信息--{id=null, 编号=\'0028\', 商品名称=\'1\', 采购价格=1.0, 出售价格=1.0, 生产厂商=1}','2020-01-12 16:12:56','添加操作',1),
(1475,'查询商品信息','2020-01-12 16:12:56','查询操作',1),
(1476,'查询商品信息','2020-01-12 16:12:59','查询操作',1),
(1477,'更新商品信息--{id=42, 编号=\'0028\', 商品名称=\'12\', 采购价格=12.0, 出售价格=12.0, 生产厂商=32111321222}','2020-01-12 16:13:15','更新操作',1),
(1478,'查询商品信息','2020-01-12 16:13:16','查询操作',1),
(1479,'更新商品信息--{id=42, 编号=\'0028\', 商品名称=\'12\', 采购价格=12.0, 出售价格=12.0, 生产厂商=32111321222}','2020-01-12 16:15:26','更新操作',1),
(1480,'查询商品信息','2020-01-12 16:15:26','查询操作',1),
(1481,'查询商品信息','2020-01-12 16:18:19','查询操作',1),
(1482,'查询商品单位信息','2020-01-12 16:18:19','查询操作',1),
(1483,'查询所有商品类别信息','2020-01-12 16:18:20','查询操作',1),
(1484,'查询商品单位信息','2020-01-12 16:18:20','查询操作',1),
(1485,'查询商品信息','2020-01-12 16:18:20','查询操作',1),
(1486,'查询商品信息','2020-01-12 16:18:21','查询操作',1),
(1487,'更新商品信息--{id=42, 编号=\'0028\', 商品名称=\'12\', 采购价格=12.0, 出售价格=12.0, 生产厂商=32111321222}','2020-01-12 16:18:36','更新操作',1),
(1488,'查询商品信息','2020-01-12 16:18:36','查询操作',1),
(1489,'删除商品信息--{id=42, 编号=\'0028\', 商品名称=\'12\', 采购价格=12.0, 出售价格=12.0, 生产厂商=32111321222}','2020-01-12 16:19:05','删除操作',1),
(1490,'查询商品信息','2020-01-12 16:19:05','查询操作',1),
(1491,'查询商品信息','2020-01-12 16:20:32','查询操作',1),
(1492,'查询商品单位信息','2020-01-12 16:20:32','查询操作',1),
(1493,'查询所有商品类别信息','2020-01-12 16:20:32','查询操作',1),
(1494,'查询商品单位信息','2020-01-12 16:20:32','查询操作',1),
(1495,'查询商品信息','2020-01-12 16:20:32','查询操作',1),
(1496,'查询商品信息','2020-01-12 16:20:39','查询操作',1),
(1497,'查询商品信息','2020-01-12 16:20:40','查询操作',1),
(1498,'查询商品信息','2020-01-12 16:22:45','查询操作',1),
(1499,'查询商品单位信息','2020-01-12 16:22:45','查询操作',1),
(1500,'查询所有商品类别信息','2020-01-12 16:22:45','查询操作',1),
(1501,'查询商品单位信息','2020-01-12 16:22:45','查询操作',1),
(1502,'查询商品信息','2020-01-12 16:22:45','查询操作',1),
(1503,'查询商品信息','2020-01-12 16:22:55','查询操作',1),
(1504,'查询商品单位信息','2020-01-12 16:22:55','查询操作',1),
(1505,'查询所有商品类别信息','2020-01-12 16:22:55','查询操作',1),
(1506,'查询商品单位信息','2020-01-12 16:22:55','查询操作',1),
(1507,'查询商品信息','2020-01-12 16:22:55','查询操作',1),
(1508,'查询商品信息','2020-01-12 16:23:24','查询操作',1),
(1509,'查询商品单位信息','2020-01-12 16:23:24','查询操作',1),
(1510,'查询所有商品类别信息','2020-01-12 16:23:24','查询操作',1),
(1511,'查询商品单位信息','2020-01-12 16:23:24','查询操作',1),
(1512,'查询商品信息','2020-01-12 16:23:24','查询操作',1),
(1513,'查询商品信息','2020-01-12 16:24:16','查询操作',1),
(1514,'查询商品单位信息','2020-01-12 16:24:16','查询操作',1),
(1515,'查询所有商品类别信息','2020-01-12 16:24:16','查询操作',1),
(1516,'查询商品单位信息','2020-01-12 16:24:16','查询操作',1),
(1517,'查询商品信息','2020-01-12 16:24:16','查询操作',1),
(1518,'查询商品信息','2020-01-12 16:25:06','查询操作',1),
(1519,'查询商品单位信息','2020-01-12 16:25:06','查询操作',1),
(1520,'查询所有商品类别信息','2020-01-12 16:25:06','查询操作',1),
(1521,'查询商品单位信息','2020-01-12 16:25:06','查询操作',1),
(1522,'查询商品信息','2020-01-12 16:25:06','查询操作',1),
(1523,'查询商品信息','2020-01-12 16:25:21','查询操作',1),
(1524,'查询商品单位信息','2020-01-12 16:25:21','查询操作',1),
(1525,'查询所有商品类别信息','2020-01-12 16:25:21','查询操作',1),
(1526,'查询商品单位信息','2020-01-12 16:25:21','查询操作',1),
(1527,'查询商品信息','2020-01-12 16:25:21','查询操作',1),
(1528,'查询商品信息','2020-01-12 16:25:27','查询操作',1),
(1529,'查询所有商品类别信息','2020-01-12 16:25:30','查询操作',1),
(1530,'查询商品信息','2020-01-12 16:25:34','查询操作',1),
(1531,'添加商品信息--{id=null, 编号=\'0028\', 商品名称=\'1\', 采购价格=1.0, 出售价格=1.0, 生产厂商=1}','2020-01-12 16:25:59','添加操作',1),
(1532,'查询商品信息','2020-01-12 16:25:59','查询操作',1),
(1533,'更新商品信息--{id=43, 编号=\'0028\', 商品名称=\'1\', 采购价格=1.0, 出售价格=1.0, 生产厂商=1}','2020-01-12 16:26:11','更新操作',1),
(1534,'查询商品信息','2020-01-12 16:26:11','查询操作',1),
(1535,'更新商品信息--{id=43, 编号=\'0028\', 商品名称=\'1\', 采购价格=1.0, 出售价格=1.0, 生产厂商=1}','2020-01-12 16:26:26','更新操作',1),
(1536,'查询商品信息','2020-01-12 16:26:26','查询操作',1),
(1537,'查询商品信息','2020-01-12 16:26:41','查询操作',1),
(1538,'查询商品单位信息','2020-01-12 16:26:42','查询操作',1),
(1539,'查询所有商品类别信息','2020-01-12 16:26:42','查询操作',1),
(1540,'查询商品单位信息','2020-01-12 16:26:42','查询操作',1),
(1541,'查询商品信息','2020-01-12 16:26:42','查询操作',1),
(1542,'查询商品信息','2020-01-12 16:26:43','查询操作',1),
(1543,'更新商品信息--{id=43, 编号=\'0028\', 商品名称=\'1\', 采购价格=1.0, 出售价格=1.0, 生产厂商=1}','2020-01-12 16:26:49','更新操作',1),
(1544,'查询商品信息','2020-01-12 16:26:49','查询操作',1),
(1545,'更新商品信息--{id=43, 编号=\'0028\', 商品名称=\'1\', 采购价格=1.0, 出售价格=1.0, 生产厂商=1}','2020-01-12 16:27:06','更新操作',1),
(1546,'查询商品信息','2020-01-12 16:27:06','查询操作',1),
(1547,'删除商品信息--{id=43, 编号=\'0028\', 商品名称=\'1\', 采购价格=1.0, 出售价格=1.0, 生产厂商=1}','2020-01-12 16:27:23','删除操作',1),
(1548,'查询商品信息','2020-01-12 16:27:23','查询操作',1),
(1549,'查询商品信息','2020-01-12 16:28:42','查询操作',1),
(1550,'查询商品单位信息','2020-01-12 16:28:43','查询操作',1),
(1551,'查询商品单位信息','2020-01-12 16:28:43','查询操作',1),
(1552,'查询所有商品类别信息','2020-01-12 16:28:43','查询操作',1),
(1553,'查询商品信息','2020-01-12 16:28:43','查询操作',1),
(1554,'查询商品信息','2020-01-12 16:28:45','查询操作',1),
(1555,'查询商品信息','2020-01-12 16:28:45','查询操作',1),
(1556,'查询商品信息','2020-01-12 16:28:51','查询操作',1),
(1557,'添加商品信息--{id=null, 编号=\'0028\', 商品名称=\'1\', 采购价格=1.0, 出售价格=1.0, 生产厂商=1}','2020-01-12 16:28:59','添加操作',1),
(1558,'查询商品信息','2020-01-12 16:28:59','查询操作',1),
(1559,'更新商品信息--{id=44, 编号=\'0028\', 商品名称=\'11\', 采购价格=1.0, 出售价格=1.0, 生产厂商=1}','2020-01-12 16:29:10','更新操作',1),
(1560,'查询商品信息','2020-01-12 16:29:11','查询操作',1),
(1561,'删除商品信息--{id=44, 编号=\'0028\', 商品名称=\'11\', 采购价格=1.0, 出售价格=1.0, 生产厂商=1}','2020-01-12 16:29:55','删除操作',1),
(1562,'查询商品信息','2020-01-12 16:29:55','查询操作',1),
(1563,'用户登录','2020-01-13 08:43:09','登录操作',1),
(1564,'查询所有商品类别信息','2020-01-13 08:43:29','查询操作',1),
(1565,'查询商品单位信息','2020-01-13 08:43:29','查询操作',1),
(1566,'查询商品单位信息','2020-01-13 08:43:29','查询操作',1),
(1567,'查询商品信息','2020-01-13 08:43:30','查询操作',1),
(1568,'查询商品信息','2020-01-13 08:43:30','查询操作',1),
(1569,'查询所有商品类别信息','2020-01-13 08:43:35','查询操作',1),
(1570,'查询所有商品类别信息','2020-01-13 08:43:42','查询操作',1),
(1571,'查询所有商品类别信息','2020-01-13 08:43:54','查询操作',1),
(1572,'添加商品信息--{id=null, 编号=\'0028\', 商品名称=\'鲜有汇聚冰鲜三文鱼中段日料刺身拼盘新鲜生鱼片即食海鲜三文鱼肉 \', 采购价格=66.0, 出售价格=74.0, 生产厂商=MARINE HARVEST NORWAY}','2020-01-13 08:46:45','添加操作',1),
(1573,'查询商品信息','2020-01-13 08:46:45','查询操作',1),
(1574,'查询商品信息','2020-01-13 08:46:53','查询操作',1),
(1575,'更新商品信息--{id=45, 编号=\'0028\', 商品名称=\'鲜有汇聚冰鲜三文鱼中段日料刺身拼盘新鲜生鱼片即食海鲜三文鱼肉 \', 采购价格=66.0, 出售价格=74.0, 生产厂商=MARINE HARVEST NORWAY}','2020-01-13 08:49:31','更新操作',1),
(1576,'查询商品信息','2020-01-13 08:49:32','查询操作',1),
(1577,'查询商品信息','2020-01-13 08:50:06','查询操作',1),
(1578,'查询商品信息','2020-01-13 08:50:07','查询操作',1),
(1579,'查询商品信息','2020-01-13 08:52:06','查询操作',1),
(1580,'查询商品信息','2020-01-13 08:52:09','查询操作',1),
(1581,'查询商品信息','2020-01-13 08:52:10','查询操作',1),
(1582,'查询商品信息','2020-01-13 08:52:11','查询操作',1),
(1583,'查询商品信息','2020-01-13 08:52:12','查询操作',1),
(1584,'查询商品信息','2020-01-13 08:52:38','查询操作',1),
(1585,'查询商品信息','2020-01-13 08:52:39','查询操作',1),
(1586,'查询商品信息','2020-01-13 08:52:40','查询操作',1),
(1587,'查询商品信息','2020-01-13 08:52:41','查询操作',1),
(1588,'查询商品信息','2020-01-13 09:12:23','查询操作',1),
(1589,'查询商品信息','2020-01-13 09:12:24','查询操作',1),
(1590,'用户登录','2020-01-13 11:46:29','登录操作',1),
(1591,'用户登录','2020-01-13 11:47:10','登录操作',1),
(1592,'查询商品信息(无库存)','2020-01-13 11:47:14','查询操作',1),
(1593,'查询商品信息(无库存)','2020-01-13 11:47:14','查询操作',1),
(1594,'查询商品信息(有库存)','2020-01-13 11:47:14','查询操作',1),
(1595,'查询商品信息(有库存)','2020-01-13 11:47:14','查询操作',1),
(1596,'查询商品信息(无库存)','2020-01-13 11:47:36','查询操作',1),
(1597,'查询商品信息(有库存)','2020-01-13 11:47:36','查询操作',1),
(1598,'查询商品信息(无库存)','2020-01-13 11:47:36','查询操作',1),
(1599,'查询商品信息(有库存)','2020-01-13 11:47:36','查询操作',1),
(1600,'查询商品信息(无库存)','2020-01-13 11:48:23','查询操作',1),
(1601,'查询商品信息(有库存)','2020-01-13 11:49:24','查询操作',1),
(1602,'查询商品信息(无库存)','2020-01-13 11:51:21','查询操作',1),
(1603,'查询商品信息(有库存)','2020-01-13 11:51:21','查询操作',1),
(1604,'查询商品信息(有库存)','2020-01-13 11:51:21','查询操作',1),
(1605,'查询商品信息(无库存)','2020-01-13 11:51:21','查询操作',1),
(1606,'查询商品信息(无库存)','2020-01-13 11:52:10','查询操作',1),
(1607,'查询商品信息(有库存)','2020-01-13 11:52:10','查询操作',1),
(1608,'查询商品信息(有库存)','2020-01-13 11:52:10','查询操作',1),
(1609,'查询商品信息(无库存)','2020-01-13 11:52:10','查询操作',1),
(1610,'查询商品信息(无库存)','2020-01-13 11:53:38','查询操作',1),
(1611,'查询商品信息(有库存)','2020-01-13 11:53:38','查询操作',1),
(1612,'查询商品信息(无库存)','2020-01-13 11:53:38','查询操作',1),
(1613,'查询商品信息(有库存)','2020-01-13 11:53:38','查询操作',1),
(1614,'查询商品信息(无库存)','2020-01-13 11:55:14','查询操作',1),
(1615,'查询商品信息(有库存)','2020-01-13 11:55:14','查询操作',1),
(1616,'查询商品信息(有库存)','2020-01-13 11:55:14','查询操作',1),
(1617,'查询商品信息(无库存)','2020-01-13 11:55:14','查询操作',1),
(1618,'查询商品单位信息','2020-01-13 11:55:16','查询操作',1),
(1619,'查询商品信息','2020-01-13 11:55:16','查询操作',1),
(1620,'查询所有商品类别信息','2020-01-13 11:55:16','查询操作',1),
(1621,'查询商品单位信息','2020-01-13 11:55:16','查询操作',1),
(1622,'查询商品信息','2020-01-13 11:55:16','查询操作',1),
(1623,'查询商品信息','2020-01-13 11:55:26','查询操作',1),
(1624,'查询商品信息(有库存)','2020-01-13 11:55:31','查询操作',1),
(1625,'查询商品信息(无库存)','2020-01-13 11:55:31','查询操作',1),
(1626,'查询商品信息(无库存)','2020-01-13 11:55:31','查询操作',1),
(1627,'查询商品信息(有库存)','2020-01-13 11:55:31','查询操作',1),
(1628,'查询商品信息(无库存)','2020-01-13 11:56:52','查询操作',1),
(1629,'查询商品信息(有库存)','2020-01-13 11:56:52','查询操作',1),
(1630,'查询商品信息(无库存)','2020-01-13 11:56:52','查询操作',1),
(1631,'查询商品信息(有库存)','2020-01-13 11:56:52','查询操作',1),
(1632,'查询商品信息(无库存)','2020-01-13 11:59:11','查询操作',1),
(1633,'查询商品信息(无库存)','2020-01-13 11:59:11','查询操作',1),
(1634,'查询商品信息(有库存)','2020-01-13 11:59:11','查询操作',1),
(1635,'查询商品信息(有库存)','2020-01-13 11:59:11','查询操作',1),
(1636,'查询客户信息','2020-01-13 11:59:25','查询操作',1),
(1637,'查询客户信息','2020-01-13 11:59:25','查询操作',1),
(1638,'查询商品信息(无库存)','2020-01-13 11:59:56','查询操作',1),
(1639,'查询商品信息(有库存)','2020-01-13 11:59:56','查询操作',1),
(1640,'查询商品信息(有库存)','2020-01-13 12:00:13','查询操作',1),
(1641,'查询商品信息(有库存)','2020-01-13 12:00:14','查询操作',1),
(1642,'查询商品信息(有库存)','2020-01-13 12:00:18','查询操作',1),
(1643,'查询商品信息(有库存)','2020-01-13 12:00:22','查询操作',1),
(1644,'查询商品信息(无库存)','2020-01-13 12:03:11','查询操作',1),
(1645,'查询商品信息(无库存)','2020-01-13 12:03:12','查询操作',1),
(1646,'查询商品信息(无库存)','2020-01-13 12:03:13','查询操作',1),
(1647,'查询商品信息(无库存)','2020-01-13 12:03:13','查询操作',1),
(1648,'查询商品信息(有库存)','2020-01-13 12:03:14','查询操作',1),
(1649,'查询商品信息(有库存)','2020-01-13 12:03:15','查询操作',1),
(1650,'查询商品信息(有库存)','2020-01-13 12:03:15','查询操作',1),
(1651,'查询商品信息(有库存)','2020-01-13 12:03:16','查询操作',1),
(1652,'查询商品信息(有库存)','2020-01-13 12:03:16','查询操作',1),
(1653,'查询商品信息(有库存)','2020-01-13 12:03:21','查询操作',1),
(1654,'查询商品单位信息','2020-01-13 12:03:51','查询操作',1),
(1655,'查询商品信息','2020-01-13 12:03:51','查询操作',1),
(1656,'查询所有商品类别信息','2020-01-13 12:03:51','查询操作',1),
(1657,'查询商品单位信息','2020-01-13 12:03:51','查询操作',1),
(1658,'查询商品信息','2020-01-13 12:03:51','查询操作',1),
(1659,'查询商品信息','2020-01-13 12:03:57','查询操作',1),
(1660,'查询商品信息','2020-01-13 12:04:07','查询操作',1),
(1661,'查询商品信息','2020-01-13 12:04:08','查询操作',1),
(1662,'查询商品信息','2020-01-13 12:04:17','查询操作',1),
(1663,'添加商品类别信息','2020-01-13 12:04:20','添加操作',1),
(1664,'查询所有商品类别信息','2020-01-13 12:04:20','查询操作',1),
(1665,'查询商品信息','2020-01-13 12:04:21','查询操作',1),
(1666,'添加商品类别信息','2020-01-13 12:04:23','添加操作',1),
(1667,'查询所有商品类别信息','2020-01-13 12:04:23','查询操作',1),
(1668,'添加商品类别信息','2020-01-13 12:04:25','添加操作',1),
(1669,'查询所有商品类别信息','2020-01-13 12:04:25','查询操作',1),
(1670,'查询商品信息','2020-01-13 12:04:30','查询操作',1),
(1671,'查询商品信息','2020-01-13 12:04:35','查询操作',1),
(1672,'查询商品单位信息','2020-01-13 12:04:35','查询操作',1),
(1673,'查询所有商品类别信息','2020-01-13 12:04:35','查询操作',1),
(1674,'查询商品单位信息','2020-01-13 12:04:35','查询操作',1),
(1675,'查询商品信息','2020-01-13 12:04:35','查询操作',1),
(1676,'查询商品信息','2020-01-13 12:04:37','查询操作',1),
(1677,'删除商品类别信息--{编号=64, 商品列表名称=\'1\', 类别节点类型=0, 图标=\'icon-folder\', 父菜单Id=1}','2020-01-13 12:04:38','删除操作',1),
(1678,'查询所有商品类别信息','2020-01-13 12:04:38','查询操作',1),
(1679,'查询商品信息','2020-01-13 12:04:39','查询操作',1),
(1680,'添加商品类别信息','2020-01-13 12:04:43','添加操作',1),
(1681,'查询所有商品类别信息','2020-01-13 12:04:43','查询操作',1),
(1682,'添加商品类别信息','2020-01-13 12:04:47','添加操作',1),
(1683,'查询所有商品类别信息','2020-01-13 12:04:47','查询操作',1),
(1684,'查询商品信息','2020-01-13 12:05:57','查询操作',1),
(1685,'查询商品单位信息','2020-01-13 12:05:57','查询操作',1),
(1686,'查询所有商品类别信息','2020-01-13 12:05:58','查询操作',1),
(1687,'查询商品单位信息','2020-01-13 12:05:58','查询操作',1),
(1688,'查询商品信息','2020-01-13 12:05:58','查询操作',1),
(1689,'查询商品信息','2020-01-13 12:06:24','查询操作',1),
(1690,'查询商品单位信息','2020-01-13 12:06:24','查询操作',1),
(1691,'查询所有商品类别信息','2020-01-13 12:06:24','查询操作',1),
(1692,'查询商品单位信息','2020-01-13 12:06:24','查询操作',1),
(1693,'查询商品信息','2020-01-13 12:06:24','查询操作',1),
(1694,'查询商品信息','2020-01-13 12:06:27','查询操作',1),
(1695,'查询商品信息','2020-01-13 12:06:29','查询操作',1),
(1696,'查询商品信息','2020-01-13 12:06:30','查询操作',1),
(1697,'查询商品信息','2020-01-13 12:06:33','查询操作',1),
(1698,'查询商品信息','2020-01-13 12:06:40','查询操作',1),
(1699,'查询商品信息','2020-01-13 12:06:41','查询操作',1),
(1700,'查询商品单位信息','2020-01-13 12:06:59','查询操作',1),
(1701,'查询商品信息','2020-01-13 12:06:59','查询操作',1),
(1702,'查询所有商品类别信息','2020-01-13 12:06:59','查询操作',1),
(1703,'查询商品单位信息','2020-01-13 12:06:59','查询操作',1),
(1704,'查询商品信息','2020-01-13 12:06:59','查询操作',1),
(1705,'查询商品信息','2020-01-13 12:07:14','查询操作',1),
(1706,'查询商品单位信息','2020-01-13 12:07:14','查询操作',1),
(1707,'查询所有商品类别信息','2020-01-13 12:07:14','查询操作',1),
(1708,'查询商品单位信息','2020-01-13 12:07:14','查询操作',1),
(1709,'查询商品信息','2020-01-13 12:07:14','查询操作',1),
(1710,'查询商品信息(无库存)','2020-01-13 12:07:31','查询操作',1),
(1711,'查询商品信息(有库存)','2020-01-13 12:07:31','查询操作',1),
(1712,'查询商品单位信息','2020-01-13 12:07:32','查询操作',1),
(1713,'查询商品信息','2020-01-13 12:07:32','查询操作',1),
(1714,'查询所有商品类别信息','2020-01-13 12:07:32','查询操作',1),
(1715,'查询商品单位信息','2020-01-13 12:07:32','查询操作',1),
(1716,'查询商品信息','2020-01-13 12:07:32','查询操作',1),
(1717,'查询商品信息','2020-01-13 12:07:56','查询操作',1),
(1718,'查询商品单位信息','2020-01-13 12:07:56','查询操作',1),
(1719,'查询所有商品类别信息','2020-01-13 12:07:57','查询操作',1),
(1720,'查询商品单位信息','2020-01-13 12:07:57','查询操作',1),
(1721,'查询商品信息','2020-01-13 12:07:57','查询操作',1),
(1722,'查询商品单位信息','2020-01-13 12:08:35','查询操作',1),
(1723,'查询商品信息','2020-01-13 12:08:35','查询操作',1),
(1724,'查询所有商品类别信息','2020-01-13 12:08:35','查询操作',1),
(1725,'查询商品单位信息','2020-01-13 12:08:35','查询操作',1),
(1726,'查询商品信息','2020-01-13 12:08:35','查询操作',1),
(1727,'查询商品信息','2020-01-13 12:08:50','查询操作',1),
(1728,'查询商品单位信息','2020-01-13 12:08:50','查询操作',1),
(1729,'查询所有商品类别信息','2020-01-13 12:08:51','查询操作',1),
(1730,'查询商品单位信息','2020-01-13 12:08:51','查询操作',1),
(1731,'查询商品信息','2020-01-13 12:08:51','查询操作',1),
(1732,'查询商品信息','2020-01-13 12:09:28','查询操作',1),
(1733,'查询商品单位信息','2020-01-13 12:09:28','查询操作',1),
(1734,'查询所有商品类别信息','2020-01-13 12:09:28','查询操作',1),
(1735,'查询商品单位信息','2020-01-13 12:09:28','查询操作',1),
(1736,'查询商品信息','2020-01-13 12:09:28','查询操作',1),
(1737,'查询商品信息','2020-01-13 12:09:40','查询操作',1),
(1738,'查询商品单位信息','2020-01-13 12:09:40','查询操作',1),
(1739,'查询所有商品类别信息','2020-01-13 12:09:40','查询操作',1),
(1740,'查询商品单位信息','2020-01-13 12:09:41','查询操作',1),
(1741,'查询商品信息','2020-01-13 12:09:41','查询操作',1),
(1742,'查询商品信息','2020-01-13 12:10:00','查询操作',1),
(1743,'查询商品单位信息','2020-01-13 12:10:00','查询操作',1),
(1744,'查询所有商品类别信息','2020-01-13 12:10:01','查询操作',1),
(1745,'查询商品单位信息','2020-01-13 12:10:01','查询操作',1),
(1746,'查询商品信息','2020-01-13 12:10:01','查询操作',1),
(1747,'查询商品信息','2020-01-13 12:10:15','查询操作',1),
(1748,'删除商品类别信息--{编号=66, 商品列表名称=\'1\', 类别节点类型=0, 图标=\'icon-folder\', 父菜单Id=1}','2020-01-13 12:10:16','删除操作',1),
(1749,'查询所有商品类别信息','2020-01-13 12:10:16','查询操作',1),
(1750,'查询商品信息','2020-01-13 12:10:20','查询操作',1),
(1751,'删除商品类别信息--{编号=63, 商品列表名称=\'1\', 类别节点类型=0, 图标=\'icon-folder\', 父菜单Id=5}','2020-01-13 12:10:20','删除操作',1),
(1752,'查询所有商品类别信息','2020-01-13 12:10:20','查询操作',1),
(1753,'查询商品信息','2020-01-13 12:10:21','查询操作',1),
(1754,'删除商品类别信息--{编号=65, 商品列表名称=\'1\', 类别节点类型=0, 图标=\'icon-folder\', 父菜单Id=5}','2020-01-13 12:10:22','删除操作',1),
(1755,'查询所有商品类别信息','2020-01-13 12:10:22','查询操作',1),
(1756,'查询商品信息','2020-01-13 12:10:22','查询操作',1),
(1757,'删除商品类别信息--{编号=62, 商品列表名称=\'1\', 类别节点类型=0, 图标=\'icon-folder\', 父菜单Id=5}','2020-01-13 12:10:23','删除操作',1),
(1758,'查询所有商品类别信息','2020-01-13 12:10:23','查询操作',1),
(1759,'查询商品信息','2020-01-13 12:11:06','查询操作',1),
(1760,'查询商品单位信息','2020-01-13 12:11:06','查询操作',1),
(1761,'查询所有商品类别信息','2020-01-13 12:11:06','查询操作',1),
(1762,'查询商品单位信息','2020-01-13 12:11:06','查询操作',1),
(1763,'查询商品信息','2020-01-13 12:11:06','查询操作',1),
(1764,'查询商品信息','2020-01-13 12:11:15','查询操作',1),
(1765,'添加商品类别信息','2020-01-13 12:11:19','添加操作',1),
(1766,'查询所有商品类别信息','2020-01-13 12:11:19','查询操作',1),
(1767,'查询商品信息','2020-01-13 12:11:20','查询操作',1),
(1768,'添加商品类别信息','2020-01-13 12:11:22','添加操作',1),
(1769,'查询所有商品类别信息','2020-01-13 12:11:22','查询操作',1),
(1770,'查询商品信息','2020-01-13 12:11:23','查询操作',1),
(1771,'添加商品类别信息','2020-01-13 12:11:25','添加操作',1),
(1772,'查询所有商品类别信息','2020-01-13 12:11:25','查询操作',1),
(1773,'查询商品单位信息','2020-01-13 12:12:23','查询操作',1),
(1774,'查询商品信息','2020-01-13 12:12:23','查询操作',1),
(1775,'查询所有商品类别信息','2020-01-13 12:12:23','查询操作',1),
(1776,'查询商品单位信息','2020-01-13 12:12:23','查询操作',1),
(1777,'查询商品信息','2020-01-13 12:12:23','查询操作',1),
(1778,'查询商品信息','2020-01-13 12:12:35','查询操作',1),
(1779,'删除商品类别信息--{编号=67, 商品列表名称=\'1\', 类别节点类型=0, 图标=\'icon-folder\', 父菜单Id=5}','2020-01-13 12:12:37','删除操作',1),
(1780,'查询所有商品类别信息','2020-01-13 12:12:37','查询操作',1),
(1781,'查询商品信息','2020-01-13 12:12:38','查询操作',1),
(1782,'删除商品类别信息--{编号=69, 商品列表名称=\'1\', 类别节点类型=0, 图标=\'icon-folder\', 父菜单Id=5}','2020-01-13 12:12:38','删除操作',1),
(1783,'查询所有商品类别信息','2020-01-13 12:12:38','查询操作',1),
(1784,'查询商品信息','2020-01-13 12:12:39','查询操作',1),
(1785,'删除商品类别信息--{编号=68, 商品列表名称=\'1\', 类别节点类型=0, 图标=\'icon-folder\', 父菜单Id=5}','2020-01-13 12:12:39','删除操作',1),
(1786,'查询所有商品类别信息','2020-01-13 12:12:39','查询操作',1),
(1787,'查询商品信息','2020-01-13 12:12:41','查询操作',1),
(1788,'查询商品信息','2020-01-13 12:12:46','查询操作',1),
(1789,'查询商品信息','2020-01-13 12:12:46','查询操作',1),
(1790,'查询商品信息','2020-01-13 12:12:48','查询操作',1),
(1791,'查询商品信息','2020-01-13 12:12:48','查询操作',1),
(1792,'查询商品信息','2020-01-13 12:12:48','查询操作',1),
(1793,'查询商品信息','2020-01-13 12:12:49','查询操作',1),
(1794,'查询商品信息','2020-01-13 12:12:49','查询操作',1),
(1795,'查询商品信息','2020-01-13 12:12:50','查询操作',1),
(1796,'查询商品信息','2020-01-13 12:12:50','查询操作',1),
(1797,'查询商品信息','2020-01-13 12:12:51','查询操作',1),
(1798,'查询商品信息','2020-01-13 12:12:51','查询操作',1),
(1799,'查询商品信息','2020-01-13 12:12:53','查询操作',1),
(1800,'查询商品信息','2020-01-13 12:13:11','查询操作',1),
(1801,'查询商品信息','2020-01-13 12:14:10','查询操作',1),
(1802,'查询商品单位信息','2020-01-13 12:14:10','查询操作',1),
(1803,'查询所有商品类别信息','2020-01-13 12:14:10','查询操作',1),
(1804,'查询商品单位信息','2020-01-13 12:14:10','查询操作',1),
(1805,'查询商品信息','2020-01-13 12:14:10','查询操作',1),
(1806,'查询商品信息','2020-01-13 12:14:31','查询操作',1),
(1807,'查询商品信息','2020-01-13 12:14:32','查询操作',1),
(1808,'查询商品信息','2020-01-13 12:14:34','查询操作',1),
(1809,'查询商品信息','2020-01-13 12:14:34','查询操作',1),
(1810,'查询商品信息','2020-01-13 12:19:28','查询操作',1),
(1811,'添加商品类别信息','2020-01-13 12:19:31','添加操作',1),
(1812,'查询所有商品类别信息','2020-01-13 12:19:31','查询操作',1),
(1813,'查询商品信息','2020-01-13 12:19:33','查询操作',1),
(1814,'添加商品类别信息','2020-01-13 12:19:36','添加操作',1),
(1815,'查询所有商品类别信息','2020-01-13 12:19:36','查询操作',1),
(1816,'查询商品信息','2020-01-13 12:19:38','查询操作',1),
(1817,'查询商品信息','2020-01-13 12:19:39','查询操作',1),
(1818,'添加商品类别信息','2020-01-13 12:19:43','添加操作',1),
(1819,'查询所有商品类别信息','2020-01-13 12:19:43','查询操作',1),
(1820,'查询商品信息','2020-01-13 12:19:44','查询操作',1),
(1821,'添加商品类别信息','2020-01-13 12:19:45','添加操作',1),
(1822,'查询所有商品类别信息','2020-01-13 12:19:46','查询操作',1),
(1823,'查询商品信息','2020-01-13 12:19:47','查询操作',1),
(1824,'查询商品信息','2020-01-13 12:20:19','查询操作',1),
(1825,'查询商品信息','2020-01-13 12:20:22','查询操作',1),
(1826,'查询商品单位信息','2020-01-13 12:20:22','查询操作',1),
(1827,'查询所有商品类别信息','2020-01-13 12:20:22','查询操作',1),
(1828,'查询商品单位信息','2020-01-13 12:20:22','查询操作',1),
(1829,'查询商品信息','2020-01-13 12:20:22','查询操作',1),
(1830,'查询商品信息','2020-01-13 12:20:24','查询操作',1),
(1831,'删除商品类别信息--{编号=73, 商品列表名称=\'1\', 类别节点类型=0, 图标=\'icon-folder\', 父菜单Id=72}','2020-01-13 12:20:24','删除操作',1),
(1832,'查询所有商品类别信息','2020-01-13 12:20:24','查询操作',1),
(1833,'查询商品信息','2020-01-13 12:20:25','查询操作',1),
(1834,'删除商品类别信息--{编号=72, 商品列表名称=\'1\', 类别节点类型=0, 图标=\'icon-folder\', 父菜单Id=71}','2020-01-13 12:20:25','删除操作',1),
(1835,'查询所有商品类别信息','2020-01-13 12:20:25','查询操作',1),
(1836,'查询商品信息','2020-01-13 12:20:26','查询操作',1),
(1837,'删除商品类别信息--{编号=71, 商品列表名称=\'1\', 类别节点类型=0, 图标=\'icon-folder\', 父菜单Id=70}','2020-01-13 12:20:27','删除操作',1),
(1838,'查询所有商品类别信息','2020-01-13 12:20:27','查询操作',1),
(1839,'查询商品信息','2020-01-13 12:20:28','查询操作',1),
(1840,'删除商品类别信息--{编号=70, 商品列表名称=\'1\', 类别节点类型=0, 图标=\'icon-folder\', 父菜单Id=5}','2020-01-13 12:20:28','删除操作',1),
(1841,'查询所有商品类别信息','2020-01-13 12:20:28','查询操作',1),
(1842,'查询商品信息','2020-01-13 12:22:52','查询操作',1),
(1843,'查询商品信息','2020-01-13 12:40:40','查询操作',1),
(1844,'添加商品类别信息','2020-01-13 12:40:43','添加操作',1),
(1845,'查询所有商品类别信息','2020-01-13 12:40:43','查询操作',1),
(1846,'查询商品信息','2020-01-13 12:40:44','查询操作',1),
(1847,'添加商品信息--{id=null, 编号=\'0029\', 商品名称=\'1112221\', 采购价格=1.0, 出售价格=1.0, 生产厂商=1}','2020-01-13 12:40:55','添加操作',1),
(1848,'查询商品信息','2020-01-13 12:40:56','查询操作',1),
(1849,'删除商品信息--{id=46, 编号=\'0029\', 商品名称=\'1112221\', 采购价格=1.0, 出售价格=1.0, 生产厂商=1}','2020-01-13 12:41:01','删除操作',1),
(1850,'查询商品信息','2020-01-13 12:41:01','查询操作',1),
(1851,'删除商品类别信息--{编号=74, 商品列表名称=\'1\', 类别节点类型=0, 图标=\'icon-folder\', 父菜单Id=5}','2020-01-13 12:41:04','删除操作',1),
(1852,'查询所有商品类别信息','2020-01-13 12:41:04','查询操作',1),
(1853,'用户登录','2020-01-13 13:19:55','登录操作',1),
(1854,'查询商品信息(无库存)','2020-01-13 13:20:08','查询操作',1),
(1855,'查询商品信息(无库存)','2020-01-13 13:20:08','查询操作',1),
(1856,'查询商品信息(有库存)','2020-01-13 13:20:08','查询操作',1),
(1857,'查询商品信息(有库存)','2020-01-13 13:20:08','查询操作',1),
(1858,'查询商品信息(有库存)','2020-01-13 13:20:15','查询操作',1),
(1859,'查询商品信息(有库存)','2020-01-13 13:20:16','查询操作',1),
(1860,'查询商品信息(有库存)','2020-01-13 13:20:21','查询操作',1),
(1861,'查询商品信息(无库存)','2020-01-13 13:21:13','查询操作',1),
(1862,'查询商品信息','2020-01-13 13:21:31','查询操作',1),
(1863,'查询商品单位信息','2020-01-13 13:21:31','查询操作',1),
(1864,'查询所有商品类别信息','2020-01-13 13:21:31','查询操作',1),
(1865,'查询商品单位信息','2020-01-13 13:21:31','查询操作',1),
(1866,'查询商品信息','2020-01-13 13:21:32','查询操作',1),
(1867,'查询商品信息','2020-01-13 13:21:34','查询操作',1),
(1868,'查询商品信息','2020-01-13 13:21:34','查询操作',1),
(1869,'查询商品信息','2020-01-13 13:21:35','查询操作',1),
(1870,'查询商品信息','2020-01-13 13:21:35','查询操作',1),
(1871,'查询所有商品类别信息','2020-01-13 13:24:24','查询操作',1),
(1872,'添加商品信息--{id=null, 编号=\'0029\', 商品名称=\'1\', 采购价格=1.0, 出售价格=1.0, 生产厂商=1}','2020-01-13 13:24:36','添加操作',1),
(1873,'查询商品信息','2020-01-13 13:24:37','查询操作',1),
(1874,'查询商品信息(无库存)','2020-01-13 13:24:41','查询操作',1),
(1875,'查询商品信息(无库存)','2020-01-13 13:24:41','查询操作',1),
(1876,'查询商品信息(无库存)','2020-01-13 13:26:25','查询操作',1),
(1877,'查询商品信息(无库存)','2020-01-13 13:26:28','查询操作',1),
(1878,'查询商品信息(无库存)','2020-01-13 13:26:30','查询操作',1),
(1879,'查询商品信息','2020-01-13 13:27:19','查询操作',1),
(1880,'查询商品单位信息','2020-01-13 13:27:19','查询操作',1),
(1881,'查询所有商品类别信息','2020-01-13 13:27:19','查询操作',1),
(1882,'查询商品单位信息','2020-01-13 13:27:19','查询操作',1),
(1883,'查询商品信息','2020-01-13 13:27:19','查询操作',1),
(1884,'查询商品信息(无库存)','2020-01-13 13:27:21','查询操作',1),
(1885,'查询商品信息(有库存)','2020-01-13 13:27:21','查询操作',1),
(1886,'查询商品信息(无库存)','2020-01-13 13:27:21','查询操作',1),
(1887,'查询商品信息(有库存)','2020-01-13 13:27:21','查询操作',1),
(1888,'查询商品信息(有库存)','2020-01-13 13:27:32','查询操作',1),
(1889,'查询商品信息(有库存)','2020-01-13 13:27:34','查询操作',1),
(1890,'查询商品信息(有库存)','2020-01-13 13:27:36','查询操作',1),
(1891,'查询商品信息(无库存)','2020-01-13 13:29:47','查询操作',1),
(1892,'查询商品信息(有库存)','2020-01-13 13:29:47','查询操作',1),
(1893,'查询商品信息(无库存)','2020-01-13 13:29:47','查询操作',1),
(1894,'查询商品信息(有库存)','2020-01-13 13:29:47','查询操作',1),
(1895,'查询商品信息(无库存)','2020-01-13 13:29:49','查询操作',1),
(1896,'修改商品信息：--{id=47, 编号=\'0029\', 商品名称=\'1\', 采购价格=22.0, 出售价格=1.0, 生产厂商=1}，价格=22.0,库存=100','2020-01-13 13:30:00','更新操作',1),
(1897,'查询商品信息(无库存)','2020-01-13 13:30:00','查询操作',1),
(1898,'查询商品信息(有库存)','2020-01-13 13:30:00','查询操作',1),
(1899,'查询商品信息(有库存)','2020-01-13 13:30:02','查询操作',1),
(1900,'修改商品信息：--{id=47, 编号=\'0029\', 商品名称=\'1\', 采购价格=222.0, 出售价格=1.0, 生产厂商=1}，价格=222.0,库存=100','2020-01-13 13:30:09','更新操作',1),
(1901,'查询商品信息(无库存)','2020-01-13 13:30:09','查询操作',1),
(1902,'查询商品信息(有库存)','2020-01-13 13:30:09','查询操作',1),
(1903,'查询商品信息(有库存)','2020-01-13 13:30:38','查询操作',1),
(1904,'查询商品信息(无库存)','2020-01-13 13:30:38','查询操作',1),
(1905,'查询商品信息(无库存)','2020-01-13 13:30:38','查询操作',1),
(1906,'查询商品信息(有库存)','2020-01-13 13:30:38','查询操作',1),
(1907,'查询商品信息(有库存)','2020-01-13 13:31:06','查询操作',1),
(1908,'查询商品信息(无库存)','2020-01-13 13:31:47','查询操作',1),
(1909,'查询商品信息(有库存)','2020-01-13 13:31:47','查询操作',1),
(1910,'查询商品信息(无库存)','2020-01-13 13:31:47','查询操作',1),
(1911,'查询商品信息(有库存)','2020-01-13 13:31:47','查询操作',1),
(1912,'查询商品信息(有库存)','2020-01-13 13:31:49','查询操作',1),
(1913,'修改商品信息--{id=47, 编号=\'0029\', 商品名称=\'1\', 采购价格=222.0, 出售价格=1.0, 生产厂商=1}','2020-01-13 13:31:55','更新操作',1),
(1914,'查询商品信息(无库存)','2020-01-13 13:31:55','查询操作',1),
(1915,'查询商品信息(有库存)','2020-01-13 13:31:55','查询操作',1),
(1916,'查询商品信息(无库存)','2020-01-13 13:31:56','查询操作',1),
(1917,'修改商品信息：--{id=47, 编号=\'0029\', 商品名称=\'1\', 采购价格=111.0, 出售价格=1.0, 生产厂商=1}，价格=111.0,库存=111','2020-01-13 13:32:04','更新操作',1),
(1918,'查询商品信息(无库存)','2020-01-13 13:32:04','查询操作',1),
(1919,'查询商品信息(有库存)','2020-01-13 13:32:04','查询操作',1),
(1920,'修改商品信息：--{id=47, 编号=\'0029\', 商品名称=\'1\', 采购价格=1111.0, 出售价格=1.0, 生产厂商=1}，价格=1111.0,库存=111','2020-01-13 13:32:08','更新操作',1),
(1921,'查询商品信息(无库存)','2020-01-13 13:32:08','查询操作',1),
(1922,'查询商品信息(有库存)','2020-01-13 13:32:08','查询操作',1),
(1923,'修改商品信息：--{id=47, 编号=\'0029\', 商品名称=\'1\', 采购价格=1101.0, 出售价格=1.0, 生产厂商=1}，价格=1101.0,库存=111','2020-01-13 13:32:12','更新操作',1),
(1924,'查询商品信息(无库存)','2020-01-13 13:32:12','查询操作',1),
(1925,'查询商品信息(有库存)','2020-01-13 13:32:12','查询操作',1),
(1926,'修改商品信息--{id=47, 编号=\'0029\', 商品名称=\'1\', 采购价格=1101.0, 出售价格=1.0, 生产厂商=1}','2020-01-13 13:32:23','更新操作',1),
(1927,'查询商品信息(无库存)','2020-01-13 13:32:23','查询操作',1),
(1928,'查询商品信息(有库存)','2020-01-13 13:32:23','查询操作',1),
(1929,'修改商品信息：--{id=47, 编号=\'0029\', 商品名称=\'1\', 采购价格=33.0, 出售价格=1.0, 生产厂商=1}，价格=33.0,库存=100','2020-01-13 13:32:33','更新操作',1),
(1930,'查询商品信息(无库存)','2020-01-13 13:32:33','查询操作',1),
(1931,'查询商品信息(有库存)','2020-01-13 13:32:33','查询操作',1),
(1932,'查询商品信息(无库存)','2020-01-13 13:33:15','查询操作',1),
(1933,'查询商品信息(有库存)','2020-01-13 13:33:15','查询操作',1),
(1934,'查询商品信息(无库存)','2020-01-13 13:33:15','查询操作',1),
(1935,'查询商品信息(有库存)','2020-01-13 13:33:15','查询操作',1),
(1936,'查询商品信息(有库存)','2020-01-13 13:33:19','查询操作',1),
(1937,'修改商品信息--{id=47, 编号=\'0029\', 商品名称=\'1\', 采购价格=33.0, 出售价格=1.0, 生产厂商=1}','2020-01-13 13:33:25','更新操作',1),
(1938,'查询商品信息(无库存)','2020-01-13 13:33:25','查询操作',1),
(1939,'查询商品信息(有库存)','2020-01-13 13:33:25','查询操作',1),
(1940,'查询商品信息(无库存)','2020-01-13 13:33:27','查询操作',1),
(1941,'修改商品信息--{id=40, 编号=\'0027\', 商品名称=\'加绒加厚牛仔裤男直筒宽松带绒秋冬季冬天商务弹力修身黑色裤子男 \', 采购价格=200.0, 出售价格=269.0, 生产厂商=MUZHILEE/慕志李}','2020-01-13 13:33:39','更新操作',1),
(1942,'查询商品信息(无库存)','2020-01-13 13:33:39','查询操作',1),
(1943,'查询商品信息(有库存)','2020-01-13 13:33:39','查询操作',1),
(1944,'查询商品信息(无库存)','2020-01-13 13:33:41','查询操作',1),
(1945,'查询商品信息(无库存)','2020-01-13 13:33:44','查询操作',1),
(1946,'修改商品信息：--{id=35, 编号=\'0026\', 商品名称=\'加绒加厚正品AFS JEEP/战地吉普男大码长裤植绒保暖男士牛仔裤子\', 采购价格=200.0, 出售价格=89.0, 生产厂商=c}，价格=200.0,库存=500','2020-01-13 13:34:02','更新操作',1),
(1947,'查询商品信息(有库存)','2020-01-13 13:34:02','查询操作',1),
(1948,'查询商品信息(无库存)','2020-01-13 13:34:02','查询操作',1),
(1949,'修改商品信息--{id=35, 编号=\'0026\', 商品名称=\'加绒加厚正品AFS JEEP/战地吉普男大码长裤植绒保暖男士牛仔裤子\', 采购价格=200.0, 出售价格=89.0, 生产厂商=c}','2020-01-13 13:34:07','更新操作',1),
(1950,'查询商品信息(有库存)','2020-01-13 13:34:07','查询操作',1),
(1951,'查询商品信息(无库存)','2020-01-13 13:34:07','查询操作',1),
(1952,'查询商品信息(无库存)','2020-01-13 13:34:15','查询操作',1),
(1953,'查询商品信息','2020-01-13 13:34:18','查询操作',1),
(1954,'查询商品单位信息','2020-01-13 13:34:18','查询操作',1),
(1955,'查询所有商品类别信息','2020-01-13 13:34:18','查询操作',1),
(1956,'查询商品单位信息','2020-01-13 13:34:19','查询操作',1),
(1957,'查询商品信息','2020-01-13 13:34:19','查询操作',1),
(1958,'查询商品信息','2020-01-13 13:34:20','查询操作',1),
(1959,'删除商品信息--{id=47, 编号=\'0029\', 商品名称=\'1\', 采购价格=33.0, 出售价格=1.0, 生产厂商=1}','2020-01-13 13:34:34','删除操作',1),
(1960,'查询商品信息','2020-01-13 13:34:34','查询操作',1),
(1961,'查询商品信息(无库存)','2020-01-13 13:34:39','查询操作',1),
(1962,'查询商品信息(无库存)','2020-01-13 13:34:41','查询操作',1),
(1963,'查询商品信息','2020-01-13 13:39:47','查询操作',1),
(1964,'查询商品单位信息','2020-01-13 13:39:47','查询操作',1),
(1965,'查询所有商品类别信息','2020-01-13 13:39:47','查询操作',1),
(1966,'查询商品单位信息','2020-01-13 13:39:47','查询操作',1),
(1967,'查询商品信息','2020-01-13 13:39:47','查询操作',1),
(1968,'查询所有商品类别信息','2020-01-13 13:39:51','查询操作',1),
(1969,'添加商品信息--{id=null, 编号=\'0029\', 商品名称=\'1112221\', 采购价格=12.0, 出售价格=12.0, 生产厂商=12}','2020-01-13 13:40:07','添加操作',1),
(1970,'查询商品信息','2020-01-13 13:40:07','查询操作',1),
(1971,'查询商品信息(无库存)','2020-01-13 13:40:12','查询操作',1),
(1972,'查询商品信息','2020-01-13 13:40:20','查询操作',1),
(1973,'更新商品信息--{id=50, 编号=\'0029\', 商品名称=\'1112221\', 采购价格=12.0, 出售价格=12.0, 生产厂商=12}','2020-01-13 13:40:23','更新操作',1),
(1974,'查询商品信息','2020-01-13 13:40:23','查询操作',1),
(1975,'查询商品信息(无库存)','2020-01-13 13:40:27','查询操作',1),
(1976,'查询商品信息','2020-01-13 13:43:28','查询操作',1),
(1977,'更新商品信息--{id=50, 编号=\'0029\', 商品名称=\'1112221\', 采购价格=12.0, 出售价格=12.0, 生产厂商=12}','2020-01-13 13:43:34','更新操作',1),
(1978,'查询商品信息','2020-01-13 13:43:34','查询操作',1),
(1979,'查询商品信息(无库存)','2020-01-13 13:43:38','查询操作',1),
(1980,'查询商品信息(无库存)','2020-01-13 13:43:52','查询操作',1),
(1981,'查询商品信息(有库存)','2020-01-13 13:43:52','查询操作',1),
(1982,'查询商品信息(无库存)','2020-01-13 13:43:52','查询操作',1),
(1983,'查询商品信息(有库存)','2020-01-13 13:43:52','查询操作',1),
(1984,'查询商品信息(无库存)','2020-01-13 13:43:53','查询操作',1),
(1985,'查询商品信息(有库存)','2020-01-13 13:43:53','查询操作',1),
(1986,'查询商品信息(无库存)','2020-01-13 13:43:53','查询操作',1),
(1987,'查询商品信息(有库存)','2020-01-13 13:43:53','查询操作',1),
(1988,'查询商品信息','2020-01-13 13:43:54','查询操作',1),
(1989,'查询商品单位信息','2020-01-13 13:43:54','查询操作',1),
(1990,'查询所有商品类别信息','2020-01-13 13:43:55','查询操作',1),
(1991,'查询商品单位信息','2020-01-13 13:43:55','查询操作',1),
(1992,'查询商品信息','2020-01-13 13:43:55','查询操作',1),
(1993,'查询商品信息','2020-01-13 13:43:58','查询操作',1),
(1994,'更新商品信息--{id=50, 编号=\'0029\', 商品名称=\'1112221\', 采购价格=12.0, 出售价格=12.0, 生产厂商=12}','2020-01-13 13:44:03','更新操作',1),
(1995,'查询商品信息','2020-01-13 13:44:03','查询操作',1),
(1996,'查询商品信息(无库存)','2020-01-13 13:44:22','查询操作',1),
(1997,'查询商品信息(无库存)','2020-01-13 13:44:23','查询操作',1),
(1998,'查询商品信息(有库存)','2020-01-13 13:44:24','查询操作',1),
(1999,'查询商品信息(无库存)','2020-01-13 13:44:26','查询操作',1),
(2000,'查询商品信息(有库存)','2020-01-13 13:44:26','查询操作',1),
(2001,'查询商品信息(无库存)','2020-01-13 13:44:26','查询操作',1),
(2002,'查询商品信息(有库存)','2020-01-13 13:44:26','查询操作',1),
(2003,'查询商品信息(无库存)','2020-01-13 13:44:29','查询操作',1),
(2004,'更新商品信息--{id=50, 编号=\'0029\', 商品名称=\'1112221\', 采购价格=12.0, 出售价格=12.0, 生产厂商=12}','2020-01-13 13:44:43','更新操作',1),
(2005,'查询商品信息','2020-01-13 13:44:43','查询操作',1),
(2006,'查询商品信息(无库存)','2020-01-13 13:44:47','查询操作',1),
(2007,'查询商品信息','2020-01-13 13:47:32','查询操作',1),
(2008,'查询商品单位信息','2020-01-13 13:47:32','查询操作',1),
(2009,'查询所有商品类别信息','2020-01-13 13:47:32','查询操作',1),
(2010,'查询商品单位信息','2020-01-13 13:47:32','查询操作',1),
(2011,'查询商品信息','2020-01-13 13:47:32','查询操作',1),
(2012,'查询商品信息','2020-01-13 13:47:33','查询操作',1),
(2013,'更新商品信息--{id=50, 编号=\'0029\', 商品名称=\'1112221\', 采购价格=12.0, 出售价格=12.0, 生产厂商=12}','2020-01-13 13:47:42','更新操作',1),
(2014,'查询商品信息','2020-01-13 13:47:42','查询操作',1),
(2015,'查询商品信息(无库存)','2020-01-13 13:47:53','查询操作',1),
(2016,'修改商品信息--{id=50, 编号=\'0029\', 商品名称=\'1112221\', 采购价格=11.01, 出售价格=12.0, 生产厂商=12}，价格=11.01,库存=1111','2020-01-13 13:48:14','更新操作',1),
(2017,'查询商品信息(无库存)','2020-01-13 13:48:14','查询操作',1),
(2018,'查询商品信息(有库存)','2020-01-13 13:48:14','查询操作',1),
(2019,'查询商品信息(有库存)','2020-01-13 13:48:16','查询操作',1),
(2020,'修改商品信息--{id=50, 编号=\'0029\', 商品名称=\'1112221\', 采购价格=11.01, 出售价格=12.0, 生产厂商=12}','2020-01-13 13:48:20','更新操作',1),
(2021,'查询商品信息(无库存)','2020-01-13 13:48:20','查询操作',1),
(2022,'查询商品信息(有库存)','2020-01-13 13:48:20','查询操作',1),
(2023,'查询商品信息','2020-01-13 13:48:26','查询操作',1),
(2024,'删除商品信息--{id=50, 编号=\'0029\', 商品名称=\'1112221\', 采购价格=11.01, 出售价格=12.0, 生产厂商=12}','2020-01-13 13:48:29','删除操作',1),
(2025,'查询商品信息','2020-01-13 13:48:29','查询操作',1),
(2026,'查询商品信息','2020-01-13 13:50:07','查询操作',1),
(2027,'用户登录','2020-01-13 14:49:00','登录操作',1),
(2028,'用户登录','2020-01-13 16:23:30','登录操作',1),
(2029,'用户登录','2020-01-13 17:03:21','登录操作',1),
(2030,'用户登录','2020-01-14 03:48:32','登录操作',1),
(2031,'查询所有商品类别信息','2020-01-14 03:48:38','查询操作',1),
(2032,'查询所有商品类别信息','2020-01-14 03:50:25','查询操作',1),
(2033,'查询商品信息','2020-01-14 03:52:19','查询操作',1),
(2034,'查询所有商品类别信息','2020-01-14 03:52:20','查询操作',1),
(2035,'查询商品信息','2020-01-14 03:52:22','查询操作',1),
(2036,'查询商品信息','2020-01-14 03:52:24','查询操作',1),
(2037,'查询商品信息','2020-01-14 03:52:24','查询操作',1),
(2038,'查询商品信息','2020-01-14 03:52:25','查询操作',1),
(2039,'查询商品信息','2020-01-14 03:52:30','查询操作',1),
(2040,'查询商品信息','2020-01-14 03:52:32','查询操作',1),
(2041,'查询商品信息','2020-01-14 03:52:34','查询操作',1),
(2042,'查询商品信息','2020-01-14 03:52:36','查询操作',1),
(2043,'查询商品信息','2020-01-14 03:52:37','查询操作',1),
(2044,'查询商品信息','2020-01-14 03:52:37','查询操作',1),
(2045,'查询商品信息','2020-01-14 03:52:38','查询操作',1),
(2046,'查询商品信息','2020-01-14 03:52:38','查询操作',1),
(2047,'查询商品信息','2020-01-14 03:52:43','查询操作',1),
(2048,'查询商品信息','2020-01-14 03:52:44','查询操作',1),
(2049,'查询商品信息','2020-01-14 03:52:45','查询操作',1),
(2050,'查询商品信息','2020-01-14 03:52:45','查询操作',1),
(2051,'查询商品信息','2020-01-14 03:52:46','查询操作',1),
(2052,'查询所有商品类别信息','2020-01-14 03:52:52','查询操作',1),
(2053,'查询商品信息','2020-01-14 03:52:56','查询操作',1),
(2054,'查询商品信息','2020-01-14 03:53:14','查询操作',1),
(2055,'查询所有商品类别信息','2020-01-14 03:53:15','查询操作',1),
(2056,'查询商品信息','2020-01-14 03:53:46','查询操作',1),
(2057,'查询所有商品类别信息','2020-01-14 03:53:48','查询操作',1),
(2058,'查询商品信息','2020-01-14 03:54:14','查询操作',1),
(2059,'查询商品信息','2020-01-14 03:54:14','查询操作',1),
(2060,'添加商品类别信息','2020-01-14 03:54:16','添加操作',1),
(2061,'查询所有商品类别信息','2020-01-14 03:54:17','查询操作',1),
(2062,'查询商品信息','2020-01-14 03:54:19','查询操作',1),
(2063,'删除商品类别信息--{编号=75, 商品列表名称=\'1\', 类别节点类型=0, 图标=\'icon-folder\', 父菜单Id=5}','2020-01-14 03:54:19','删除操作',1),
(2064,'查询所有商品类别信息','2020-01-14 03:54:19','查询操作',1),
(2065,'查询商品信息','2020-01-14 03:54:28','查询操作',1),
(2066,'查询商品信息','2020-01-14 03:54:30','查询操作',1),
(2067,'查询所有商品类别信息','2020-01-14 03:54:31','查询操作',1),
(2068,'查询商品信息','2020-01-14 03:54:36','查询操作',1),
(2069,'查询商品信息','2020-01-14 03:54:38','查询操作',1),
(2070,'查询商品信息','2020-01-14 03:54:38','查询操作',1),
(2071,'查询商品信息','2020-01-14 03:54:39','查询操作',1),
(2072,'查询商品信息','2020-01-14 03:54:39','查询操作',1),
(2073,'查询商品信息','2020-01-14 03:59:59','查询操作',1),
(2074,'查询所有商品类别信息','2020-01-14 04:00:01','查询操作',1),
(2075,'查询商品信息','2020-01-14 04:00:04','查询操作',1),
(2076,'查询商品信息','2020-01-14 04:00:07','查询操作',1),
(2077,'查询商品信息','2020-01-14 04:00:16','查询操作',1),
(2078,'查询商品信息','2020-01-14 04:00:21','查询操作',1),
(2079,'查询商品信息','2020-01-14 04:00:33','查询操作',1),
(2080,'查询商品信息','2020-01-14 04:00:43','查询操作',1),
(2081,'查询商品信息','2020-01-14 04:00:48','查询操作',1),
(2082,'查询商品信息','2020-01-14 04:00:57','查询操作',1),
(2083,'查询商品信息','2020-01-14 04:00:58','查询操作',1),
(2084,'查询商品信息','2020-01-14 04:00:58','查询操作',1),
(2085,'查询商品信息','2020-01-14 04:00:58','查询操作',1),
(2086,'查询商品信息','2020-01-14 04:01:03','查询操作',1),
(2087,'查询商品信息','2020-01-14 04:01:14','查询操作',1),
(2088,'查询所有商品类别信息','2020-01-14 04:01:19','查询操作',1),
(2089,'查询商品信息','2020-01-14 04:01:25','查询操作',1),
(2090,'查询商品信息','2020-01-14 04:01:35','查询操作',1),
(2091,'查询所有商品类别信息','2020-01-14 04:01:37','查询操作',1),
(2092,'查询商品信息','2020-01-14 04:01:45','查询操作',1),
(2093,'查询所有商品类别信息','2020-01-14 04:01:46','查询操作',1),
(2094,'查询商品信息','2020-01-14 04:01:51','查询操作',1),
(2095,'查询商品信息','2020-01-14 04:01:52','查询操作',1),
(2096,'查询商品信息','2020-01-14 04:01:53','查询操作',1),
(2097,'查询商品信息','2020-01-14 04:01:54','查询操作',1),
(2098,'查询商品信息','2020-01-14 04:01:56','查询操作',1),
(2099,'查询商品信息','2020-01-14 04:02:02','查询操作',1),
(2100,'查询商品信息','2020-01-14 04:02:03','查询操作',1),
(2101,'查询商品信息','2020-01-14 04:02:04','查询操作',1),
(2102,'查询商品信息','2020-01-14 04:02:05','查询操作',1),
(2103,'查询商品信息','2020-01-14 04:02:06','查询操作',1),
(2104,'查询商品信息','2020-01-14 04:02:07','查询操作',1),
(2105,'查询商品信息','2020-01-14 04:02:07','查询操作',1),
(2106,'查询商品信息','2020-01-14 04:02:08','查询操作',1),
(2107,'查询商品信息','2020-01-14 04:02:09','查询操作',1),
(2108,'用户登录','2020-01-14 04:55:25','登录操作',1),
(2109,'查询商品信息','2020-01-14 04:55:28','查询操作',1),
(2110,'查询客户信息','2020-01-14 04:55:31','查询操作',1),
(2111,'查询客户信息','2020-01-14 04:55:31','查询操作',1),
(2112,'查询客户信息','2020-01-14 04:55:38','查询操作',1),
(2113,'查询商品信息','2020-01-14 04:55:55','查询操作',1),
(2114,'查询商品单位信息','2020-01-14 04:55:55','查询操作',1),
(2115,'查询所有商品类别信息','2020-01-14 04:55:55','查询操作',1),
(2116,'查询商品单位信息','2020-01-14 04:55:55','查询操作',1),
(2117,'查询商品信息','2020-01-14 04:55:55','查询操作',1),
(2118,'查询商品信息','2020-01-14 04:56:02','查询操作',1),
(2119,'查询商品信息','2020-01-14 04:56:02','查询操作',1),
(2120,'查询商品信息','2020-01-14 04:56:04','查询操作',1),
(2121,'查询商品信息(无库存)','2020-01-14 04:56:06','查询操作',1),
(2122,'查询商品信息(有库存)','2020-01-14 04:56:06','查询操作',1),
(2123,'查询商品信息(无库存)','2020-01-14 04:56:06','查询操作',1),
(2124,'查询商品信息(有库存)','2020-01-14 04:56:06','查询操作',1),
(2125,'查询用户信息','2020-01-14 04:56:09','查询操作',1),
(2126,'查询用户信息','2020-01-14 04:56:09','查询操作',1),
(2127,'查询商品信息','2020-01-14 05:12:24','查询操作',1),
(2128,'查询商品信息','2020-01-14 05:12:24','查询操作',1),
(2129,'查询所有商品类别信息','2020-01-14 05:12:27','查询操作',1),
(2130,'查询商品信息','2020-01-14 05:13:21','查询操作',1),
(2131,'查询商品信息','2020-01-14 05:13:22','查询操作',1),
(2132,'查询所有商品类别信息','2020-01-14 05:13:23','查询操作',1),
(2133,'查询商品信息','2020-01-14 05:13:37','查询操作',1),
(2134,'查询商品信息','2020-01-14 05:13:37','查询操作',1),
(2135,'查询所有商品类别信息','2020-01-14 05:13:38','查询操作',1),
(2136,'查询商品信息','2020-01-14 05:13:57','查询操作',1),
(2137,'查询商品信息','2020-01-14 05:13:57','查询操作',1),
(2138,'查询所有商品类别信息','2020-01-14 05:13:59','查询操作',1),
(2139,'查询商品信息','2020-01-14 05:14:13','查询操作',1),
(2140,'查询商品信息','2020-01-14 05:14:14','查询操作',1),
(2141,'查询所有商品类别信息','2020-01-14 05:14:14','查询操作',1),
(2142,'查询商品信息','2020-01-14 05:14:25','查询操作',1),
(2143,'查询商品信息','2020-01-14 05:14:25','查询操作',1),
(2144,'查询所有商品类别信息','2020-01-14 05:14:29','查询操作',1),
(2145,'查询商品信息','2020-01-14 05:14:37','查询操作',1),
(2146,'查询商品信息','2020-01-14 05:14:38','查询操作',1),
(2147,'查询所有商品类别信息','2020-01-14 05:14:39','查询操作',1),
(2148,'查询商品信息','2020-01-14 05:14:52','查询操作',1),
(2149,'查询商品信息','2020-01-14 05:14:53','查询操作',1),
(2150,'查询所有商品类别信息','2020-01-14 05:14:54','查询操作',1),
(2151,'查询商品信息','2020-01-14 05:16:00','查询操作',1),
(2152,'查询商品信息','2020-01-14 05:16:00','查询操作',1),
(2153,'查询所有商品类别信息','2020-01-14 05:16:01','查询操作',1),
(2154,'查询商品信息','2020-01-14 05:17:26','查询操作',1),
(2155,'查询商品信息','2020-01-14 05:17:26','查询操作',1),
(2156,'查询所有商品类别信息','2020-01-14 05:17:26','查询操作',1),
(2157,'查询所有商品类别信息','2020-01-14 05:17:43','查询操作',1),
(2158,'查询商品信息','2020-01-14 05:19:01','查询操作',1),
(2159,'查询商品信息','2020-01-14 05:19:02','查询操作',1),
(2160,'查询商品信息','2020-01-14 05:19:07','查询操作',1),
(2161,'查询商品信息','2020-01-14 05:19:08','查询操作',1),
(2162,'查询商品信息','2020-01-14 05:19:28','查询操作',1),
(2163,'查询商品信息','2020-01-14 05:19:28','查询操作',1),
(2164,'查询商品信息','2020-01-14 05:19:39','查询操作',1),
(2165,'查询商品信息','2020-01-14 05:19:39','查询操作',1),
(2166,'查询商品信息','2020-01-14 05:19:44','查询操作',1),
(2167,'查询商品信息','2020-01-14 05:19:44','查询操作',1),
(2168,'查询所有商品类别信息','2020-01-14 05:20:51','查询操作',1),
(2169,'查询商品信息','2020-01-14 05:48:18','查询操作',1),
(2170,'查询商品信息','2020-01-14 05:48:19','查询操作',1),
(2171,'查询所有商品类别信息','2020-01-14 05:48:19','查询操作',1),
(2172,'查询商品信息','2020-01-14 05:51:02','查询操作',1),
(2173,'查询商品信息','2020-01-14 05:51:02','查询操作',1),
(2174,'查询所有商品类别信息','2020-01-14 05:51:04','查询操作',1),
(2175,'用户登录','2020-01-14 06:44:58','登录操作',1),
(2176,'查询商品信息','2020-01-14 06:45:03','查询操作',1),
(2177,'查询商品信息','2020-01-14 06:45:03','查询操作',1),
(2178,'查询所有商品类别信息','2020-01-14 06:45:04','查询操作',1),
(2179,'查询商品信息','2020-01-14 06:47:27','查询操作',1),
(2180,'查询商品信息','2020-01-14 06:47:27','查询操作',1),
(2181,'查询所有商品类别信息','2020-01-14 06:47:28','查询操作',1),
(2182,'查询商品信息','2020-01-14 06:53:48','查询操作',1),
(2183,'查询商品信息','2020-01-14 06:53:48','查询操作',1),
(2184,'查询商品信息','2020-01-14 06:53:50','查询操作',1),
(2185,'查询商品信息','2020-01-14 06:53:50','查询操作',1),
(2186,'查询所有商品类别信息','2020-01-14 06:53:51','查询操作',1),
(2187,'查询商品信息','2020-01-14 06:58:07','查询操作',1),
(2188,'查询商品信息','2020-01-14 06:58:07','查询操作',1),
(2189,'查询所有商品类别信息','2020-01-14 06:58:08','查询操作',1),
(2190,'添加进货单','2020-01-14 06:58:16','添加操作',1),
(2191,'查询商品信息','2020-01-14 06:58:19','查询操作',1),
(2192,'查询商品信息','2020-01-14 06:58:19','查询操作',1),
(2193,'查询所有商品类别信息','2020-01-14 06:59:10','查询操作',1),
(2194,'查询所有商品类别信息','2020-01-14 06:59:20','查询操作',1),
(2195,'添加进货单','2020-01-14 06:59:37','添加操作',1),
(2196,'查询商品信息','2020-01-14 06:59:38','查询操作',1),
(2197,'查询商品信息','2020-01-14 06:59:38','查询操作',1),
(2198,'查询商品信息','2020-01-14 06:59:44','查询操作',1),
(2199,'查询商品单位信息','2020-01-14 06:59:44','查询操作',1),
(2200,'查询所有商品类别信息','2020-01-14 06:59:44','查询操作',1),
(2201,'查询商品单位信息','2020-01-14 06:59:44','查询操作',1),
(2202,'查询商品信息','2020-01-14 06:59:44','查询操作',1),
(2203,'查询商品信息','2020-01-14 07:00:37','查询操作',1),
(2204,'查询商品信息','2020-01-14 07:00:38','查询操作',1),
(2205,'查询商品信息','2020-01-14 07:01:44','查询操作',1),
(2206,'查询商品信息','2020-01-14 07:01:44','查询操作',1),
(2207,'查询商品信息','2020-01-14 07:04:02','查询操作',1),
(2208,'查询商品信息','2020-01-14 07:04:02','查询操作',1),
(2209,'查询所有商品类别信息','2020-01-14 07:04:07','查询操作',1),
(2210,'添加进货单','2020-01-14 07:04:23','添加操作',1),
(2211,'查询商品信息','2020-01-14 07:04:25','查询操作',1),
(2212,'查询商品信息','2020-01-14 07:04:25','查询操作',1),
(2213,'查询所有商品类别信息','2020-01-14 07:05:32','查询操作',1),
(2214,'添加进货单','2020-01-14 07:06:27','添加操作',1),
(2215,'查询商品信息','2020-01-14 07:06:59','查询操作',1),
(2216,'查询商品信息','2020-01-14 07:06:59','查询操作',1),
(2217,'查询所有商品类别信息','2020-01-14 07:07:00','查询操作',1),
(2218,'查询所有商品类别信息','2020-01-14 07:07:53','查询操作',1),
(2219,'添加进货单','2020-01-14 07:08:55','添加操作',1),
(2220,'查询商品信息','2020-01-14 07:09:13','查询操作',1),
(2221,'查询商品信息','2020-01-14 07:09:14','查询操作',1),
(2222,'查询所有商品类别信息','2020-01-14 07:09:17','查询操作',1),
(2223,'查询商品信息','2020-01-14 07:09:43','查询操作',1),
(2224,'查询商品信息','2020-01-14 07:09:43','查询操作',1),
(2225,'查询所有商品类别信息','2020-01-14 07:09:48','查询操作',1),
(2226,'查询商品信息','2020-01-14 07:10:47','查询操作',1),
(2227,'查询商品信息','2020-01-14 07:10:47','查询操作',1),
(2228,'查询所有商品类别信息','2020-01-14 07:10:49','查询操作',1),
(2229,'查询商品信息','2020-01-14 07:13:19','查询操作',1),
(2230,'查询商品信息','2020-01-14 07:13:19','查询操作',1),
(2231,'查询所有商品类别信息','2020-01-14 07:13:22','查询操作',1),
(2232,'添加进货单','2020-01-14 07:13:33','添加操作',1),
(2233,'查询商品信息','2020-01-14 07:13:34','查询操作',1),
(2234,'查询商品信息','2020-01-14 07:13:35','查询操作',1),
(2235,'查询商品信息','2020-01-14 07:19:06','查询操作',1),
(2236,'查询商品信息','2020-01-14 07:19:06','查询操作',1),
(2237,'查询所有商品类别信息','2020-01-14 07:19:07','查询操作',1),
(2238,'查询商品信息','2020-01-14 07:20:16','查询操作',1),
(2239,'查询商品信息','2020-01-14 07:20:16','查询操作',1),
(2240,'查询所有商品类别信息','2020-01-14 07:20:17','查询操作',1),
(2241,'添加进货单','2020-01-14 07:20:58','添加操作',1),
(2242,'查询商品信息','2020-01-14 07:20:59','查询操作',1),
(2243,'查询商品信息','2020-01-14 07:20:59','查询操作',1),
(2244,'查询商品信息','2020-01-14 07:22:18','查询操作',1),
(2245,'查询商品信息','2020-01-14 07:22:18','查询操作',1),
(2246,'查询商品信息','2020-01-14 07:23:18','查询操作',1),
(2247,'查询商品信息','2020-01-14 07:23:18','查询操作',1),
(2248,'查询所有商品类别信息','2020-01-14 07:23:21','查询操作',1),
(2249,'添加进货单','2020-01-14 07:23:55','添加操作',1),
(2250,'查询商品信息','2020-01-14 07:23:57','查询操作',1),
(2251,'查询商品信息','2020-01-14 07:23:57','查询操作',1),
(2252,'查询商品信息','2020-01-14 07:25:18','查询操作',1),
(2253,'查询商品信息','2020-01-14 07:25:18','查询操作',1),
(2254,'查询所有商品类别信息','2020-01-14 07:25:23','查询操作',1),
(2255,'查询商品信息','2020-01-14 07:27:15','查询操作',1),
(2256,'查询商品信息','2020-01-14 07:27:15','查询操作',1),
(2257,'查询所有商品类别信息','2020-01-14 07:27:19','查询操作',1),
(2258,'查询商品信息','2020-01-14 07:28:42','查询操作',1),
(2259,'查询商品信息','2020-01-14 07:28:43','查询操作',1),
(2260,'查询所有商品类别信息','2020-01-14 07:28:45','查询操作',1),
(2261,'添加进货单','2020-01-14 07:28:51','添加操作',1),
(2262,'查询商品信息','2020-01-14 07:28:53','查询操作',1),
(2263,'查询商品信息','2020-01-14 07:28:53','查询操作',1),
(2264,'查询所有商品类别信息','2020-01-14 07:28:59','查询操作',1),
(2265,'添加进货单','2020-01-14 07:29:08','添加操作',1),
(2266,'查询商品信息','2020-01-14 07:29:09','查询操作',1),
(2267,'查询商品信息','2020-01-14 07:29:09','查询操作',1),
(2268,'查询商品信息','2020-01-14 07:31:53','查询操作',1),
(2269,'查询商品信息','2020-01-14 07:31:53','查询操作',1),
(2270,'查询所有商品类别信息','2020-01-14 07:31:59','查询操作',1),
(2271,'添加进货单','2020-01-14 07:32:37','添加操作',1),
(2272,'查询商品信息','2020-01-14 07:32:39','查询操作',1),
(2273,'查询商品信息','2020-01-14 07:32:39','查询操作',1),
(2274,'查询所有商品类别信息','2020-01-14 07:32:40','查询操作',1),
(2275,'添加进货单','2020-01-14 07:33:01','添加操作',1),
(2276,'查询商品信息','2020-01-14 07:33:02','查询操作',1),
(2277,'查询商品信息','2020-01-14 07:33:02','查询操作',1),
(2278,'查询所有商品类别信息','2020-01-14 07:33:05','查询操作',1),
(2279,'查询商品信息','2020-01-14 07:36:07','查询操作',1),
(2280,'查询商品信息','2020-01-14 07:36:07','查询操作',1),
(2281,'查询所有商品类别信息','2020-01-14 07:36:08','查询操作',1),
(2282,'查询商品信息','2020-01-14 07:40:45','查询操作',1),
(2283,'查询商品信息','2020-01-14 07:40:45','查询操作',1),
(2284,'查询所有商品类别信息','2020-01-14 07:40:53','查询操作',1),
(2285,'查询商品信息','2020-01-14 07:41:44','查询操作',1),
(2286,'查询商品信息','2020-01-14 07:41:44','查询操作',1),
(2287,'查询所有商品类别信息','2020-01-14 07:41:47','查询操作',1),
(2288,'添加进货单','2020-01-14 07:42:47','添加操作',1),
(2289,'查询商品信息','2020-01-14 07:42:48','查询操作',1),
(2290,'查询商品信息','2020-01-14 07:42:48','查询操作',1),
(2291,'查询所有商品类别信息','2020-01-14 07:43:07','查询操作',1),
(2292,'添加进货单','2020-01-14 07:43:30','添加操作',1),
(2293,'查询商品信息','2020-01-14 07:43:31','查询操作',1),
(2294,'查询商品信息','2020-01-14 07:43:31','查询操作',1),
(2295,'查询所有商品类别信息','2020-01-14 07:43:49','查询操作',1),
(2296,'查询商品信息','2020-01-14 07:43:51','查询操作',1),
(2297,'查询商品信息(无库存)','2020-01-14 07:44:14','查询操作',1),
(2298,'查询商品信息(有库存)','2020-01-14 07:44:14','查询操作',1),
(2299,'查询商品信息(无库存)','2020-01-14 07:44:14','查询操作',1),
(2300,'查询商品信息(有库存)','2020-01-14 07:44:14','查询操作',1),
(2301,'查询商品信息(无库存)','2020-01-14 07:44:23','查询操作',1),
(2302,'查询商品信息(无库存)','2020-01-14 07:44:24','查询操作',1),
(2303,'添加进货单','2020-01-14 07:44:36','添加操作',1),
(2304,'查询商品信息','2020-01-14 07:44:37','查询操作',1),
(2305,'查询商品信息','2020-01-14 07:44:37','查询操作',1),
(2306,'查询商品信息(无库存)','2020-01-14 07:44:39','查询操作',1),
(2307,'查询商品信息(有库存)','2020-01-14 07:44:42','查询操作',1),
(2308,'查询所有商品类别信息','2020-01-14 07:51:49','查询操作',1),
(2309,'查询所有商品类别信息','2020-01-14 07:52:14','查询操作',1),
(2310,'添加进货单','2020-01-14 07:54:34','添加操作',1),
(2311,'查询商品信息','2020-01-14 07:54:36','查询操作',1),
(2312,'查询商品信息','2020-01-14 07:54:36','查询操作',1),
(2313,'查询商品信息','2020-01-14 07:55:10','查询操作',1),
(2314,'查询商品信息','2020-01-14 07:55:10','查询操作',1),
(2315,'查询所有商品类别信息','2020-01-14 07:55:16','查询操作',1),
(2316,'查询所有商品类别信息','2020-01-14 07:55:23','查询操作',1),
(2317,'添加进货单','2020-01-14 07:55:33','添加操作',1),
(2318,'查询商品信息','2020-01-14 07:55:34','查询操作',1),
(2319,'查询商品信息','2020-01-14 07:55:34','查询操作',1),
(2320,'查询所有商品类别信息','2020-01-14 07:56:10','查询操作',1),
(2321,'查询商品信息','2020-01-14 07:56:53','查询操作',1),
(2322,'查询商品信息','2020-01-14 07:56:53','查询操作',1),
(2323,'查询所有商品类别信息','2020-01-14 07:56:56','查询操作',1),
(2324,'添加进货单','2020-01-14 07:57:32','添加操作',1),
(2325,'查询商品信息','2020-01-14 07:57:34','查询操作',1),
(2326,'查询商品信息','2020-01-14 07:57:34','查询操作',1),
(2327,'查询商品信息','2020-01-14 07:57:52','查询操作',1),
(2328,'查询商品信息','2020-01-14 07:57:52','查询操作',1),
(2329,'用户登录','2020-01-14 10:21:11','登录操作',1),
(2330,'查询商品信息','2020-01-14 10:21:13','查询操作',1),
(2331,'查询商品信息','2020-01-14 10:21:13','查询操作',1),
(2332,'查询所有商品类别信息','2020-01-14 10:21:15','查询操作',1),
(2333,'查询商品信息','2020-01-14 10:24:56','查询操作',1),
(2334,'查询商品信息','2020-01-14 10:24:56','查询操作',1),
(2335,'查询所有商品类别信息','2020-01-14 10:24:57','查询操作',1),
(2336,'查询商品信息','2020-01-14 10:26:17','查询操作',1),
(2337,'查询商品信息','2020-01-14 10:26:17','查询操作',1),
(2338,'查询所有商品类别信息','2020-01-14 10:26:19','查询操作',1),
(2339,'添加进货单','2020-01-14 10:27:24','添加操作',1),
(2340,'查询商品信息','2020-01-14 10:27:25','查询操作',1),
(2341,'查询商品信息','2020-01-14 10:27:25','查询操作',1),
(2342,'查询商品信息','2020-01-14 10:33:28','查询操作',1),
(2343,'查询商品信息','2020-01-14 10:33:28','查询操作',1),
(2344,'查询所有商品类别信息','2020-01-14 10:33:31','查询操作',1),
(2345,'添加进货单','2020-01-14 10:38:04','添加操作',1),
(2346,'查询商品信息','2020-01-14 10:38:05','查询操作',1),
(2347,'查询商品信息','2020-01-14 10:38:05','查询操作',1),
(2348,'查询所有商品类别信息','2020-01-14 10:38:30','查询操作',1),
(2349,'添加进货单','2020-01-14 10:38:35','添加操作',1),
(2350,'查询商品信息','2020-01-14 10:38:37','查询操作',1),
(2351,'查询商品信息','2020-01-14 10:38:37','查询操作',1),
(2352,'用户登录','2020-01-14 12:38:03','登录操作',1),
(2353,'查询商品信息','2020-01-14 12:38:05','查询操作',1),
(2354,'查询商品信息','2020-01-14 12:38:05','查询操作',1),
(2355,'查询所有商品类别信息','2020-01-14 12:38:16','查询操作',1),
(2356,'添加退货单','2020-01-14 12:38:22','添加操作',1),
(2357,'查询商品信息','2020-01-14 12:38:23','查询操作',1),
(2358,'查询商品信息','2020-01-14 12:38:23','查询操作',1),
(2359,'查询所有商品类别信息','2020-01-14 12:38:25','查询操作',1),
(2360,'查询商品信息','2020-01-14 12:39:05','查询操作',1),
(2361,'添加商品类别信息','2020-01-14 12:39:09','添加操作',1),
(2362,'查询所有商品类别信息','2020-01-14 12:39:09','查询操作',1),
(2363,'查询商品信息','2020-01-14 12:39:10','查询操作',1),
(2364,'查询所有商品类别信息','2020-01-14 12:39:16','查询操作',1),
(2365,'查询商品信息','2020-01-14 12:39:18','查询操作',1),
(2366,'查询商品信息','2020-01-14 12:39:23','查询操作',1),
(2367,'查询商品信息','2020-01-14 12:39:23','查询操作',1),
(2368,'查询所有商品类别信息','2020-01-14 12:39:24','查询操作',1),
(2369,'查询商品信息','2020-01-14 12:39:26','查询操作',1),
(2370,'删除商品类别信息--{编号=76, 商品列表名称=\'1\', 类别节点类型=0, 图标=\'icon-folder\', 父菜单Id=5}','2020-01-14 12:39:27','删除操作',1),
(2371,'查询所有商品类别信息','2020-01-14 12:39:27','查询操作',1),
(2372,'查询商品信息','2020-01-14 12:39:34','查询操作',1),
(2373,'查询商品信息','2020-01-14 12:39:34','查询操作',1),
(2374,'查询商品信息','2020-01-14 12:39:42','查询操作',1),
(2375,'查询所有商品类别信息','2020-01-14 12:40:07','查询操作',1),
(2376,'添加退货单','2020-01-14 12:40:34','添加操作',1),
(2377,'查询商品信息','2020-01-14 12:40:35','查询操作',1),
(2378,'查询商品信息','2020-01-14 12:40:35','查询操作',1),
(2379,'查询所有商品类别信息','2020-01-14 12:41:27','查询操作',1),
(2380,'查询商品信息','2020-01-14 12:41:49','查询操作',1),
(2381,'查询商品信息','2020-01-14 12:41:49','查询操作',1),
(2382,'查询商品信息','2020-01-14 12:42:28','查询操作',1),
(2383,'查询商品信息','2020-01-14 12:42:28','查询操作',1),
(2384,'查询商品信息','2020-01-14 12:42:36','查询操作',1),
(2385,'查询商品信息','2020-01-14 12:42:36','查询操作',1),
(2386,'查询商品信息','2020-01-14 12:43:42','查询操作',1),
(2387,'查询商品信息','2020-01-14 12:43:42','查询操作',1),
(2388,'查询所有商品类别信息','2020-01-14 12:43:43','查询操作',1),
(2389,'添加退货单','2020-01-14 12:43:53','添加操作',1),
(2390,'查询商品信息','2020-01-14 12:43:54','查询操作',1),
(2391,'查询商品信息','2020-01-14 12:43:54','查询操作',1),
(2392,'用户登录','2020-01-14 14:19:54','登录操作',1),
(2393,'用户登录','2020-01-14 15:40:20','登录操作',1),
(2394,'进货单查询','2020-01-14 15:40:23','查询操作',1),
(2395,'进货单查询','2020-01-14 15:40:23','查询操作',1),
(2396,'进货单商品查询','2020-01-14 15:40:23','查询操作',1),
(2397,'进货单商品查询','2020-01-14 15:40:24','查询操作',1),
(2398,'进货单商品查询','2020-01-14 15:40:25','查询操作',1),
(2399,'进货单商品查询','2020-01-14 15:40:25','查询操作',1),
(2400,'进货单商品查询','2020-01-14 15:40:25','查询操作',1),
(2401,'进货单商品查询','2020-01-14 15:40:25','查询操作',1),
(2402,'进货单商品查询','2020-01-14 15:40:26','查询操作',1),
(2403,'进货单商品查询','2020-01-14 15:40:26','查询操作',1),
(2404,'进货单商品查询','2020-01-14 15:40:27','查询操作',1),
(2405,'进货单商品查询','2020-01-14 15:40:27','查询操作',1),
(2406,'进货单商品查询','2020-01-14 15:40:28','查询操作',1),
(2407,'进货单商品查询','2020-01-14 15:40:28','查询操作',1),
(2408,'进货单商品查询','2020-01-14 15:40:29','查询操作',1),
(2409,'进货单商品查询','2020-01-14 15:40:29','查询操作',1),
(2410,'进货单商品查询','2020-01-14 15:40:30','查询操作',1),
(2411,'进货单商品查询','2020-01-14 15:40:30','查询操作',1),
(2412,'进货单商品查询','2020-01-14 15:40:31','查询操作',1),
(2413,'进货单商品查询','2020-01-14 15:40:32','查询操作',1),
(2414,'进货单商品查询','2020-01-14 15:40:32','查询操作',1),
(2415,'进货单商品查询','2020-01-14 15:40:33','查询操作',1),
(2416,'进货单商品查询','2020-01-14 15:40:33','查询操作',1),
(2417,'进货单商品查询','2020-01-14 15:40:34','查询操作',1),
(2418,'进货单商品查询','2020-01-14 15:40:34','查询操作',1),
(2419,'进货单商品查询','2020-01-14 15:40:34','查询操作',1),
(2420,'进货单商品查询','2020-01-14 15:40:35','查询操作',1),
(2421,'进货单商品查询','2020-01-14 15:40:43','查询操作',1),
(2422,'进货单商品查询','2020-01-14 15:40:43','查询操作',1),
(2423,'进货单商品查询','2020-01-14 15:40:43','查询操作',1),
(2424,'进货单商品查询','2020-01-14 15:40:44','查询操作',1),
(2425,'进货单商品查询','2020-01-14 15:40:45','查询操作',1),
(2426,'进货单查询','2020-01-14 15:45:21','查询操作',1),
(2427,'进货单查询','2020-01-14 15:45:31','查询操作',1),
(2428,'进货单查询','2020-01-14 15:45:31','查询操作',1),
(2429,'进货单商品查询','2020-01-14 15:45:33','查询操作',1),
(2430,'进货单查询','2020-01-14 15:46:27','查询操作',1),
(2431,'进货单查询','2020-01-14 15:51:52','查询操作',1),
(2432,'进货单查询','2020-01-14 15:51:52','查询操作',1),
(2433,'进货单商品查询','2020-01-14 15:51:54','查询操作',1),
(2434,'进货单查询','2020-01-14 16:02:28','查询操作',1),
(2435,'进货单查询','2020-01-14 16:02:28','查询操作',1),
(2436,'进货单商品查询','2020-01-14 16:02:30','查询操作',1),
(2437,'删除进货单信息null','2020-01-14 16:02:32','删除操作',1),
(2438,'进货单商品查询','2020-01-14 16:02:33','查询操作',1),
(2439,'进货单查询','2020-01-14 16:02:33','查询操作',1),
(2440,'进货单查询','2020-01-14 16:03:19','查询操作',1),
(2441,'进货单查询','2020-01-14 16:03:19','查询操作',1),
(2442,'进货单商品查询','2020-01-14 16:03:20','查询操作',1),
(2443,'进货单商品查询','2020-01-14 16:03:22','查询操作',1),
(2444,'删除进货单信息null','2020-01-14 16:03:25','删除操作',1),
(2445,'进货单商品查询','2020-01-14 16:03:25','查询操作',1),
(2446,'进货单查询','2020-01-14 16:03:25','查询操作',1),
(2447,'进货单商品查询','2020-01-14 16:04:05','查询操作',1),
(2448,'删除进货单信息--{编号=19, 进货单号=\'JH202001140005\', 供应商=上海福桂食品有限公司, 应付金额=1200.0, 实付金额=1200.0}','2020-01-14 16:04:08','删除操作',1),
(2449,'进货单商品查询','2020-01-14 16:04:08','查询操作',1),
(2450,'进货单查询','2020-01-14 16:04:08','查询操作',1),
(2451,'进货单商品查询','2020-01-14 16:04:31','查询操作',1),
(2452,'进货单查询','2020-01-14 16:04:35','查询操作',1),
(2453,'进货单查询','2020-01-14 16:04:35','查询操作',1),
(2454,'进货单商品查询','2020-01-14 16:04:36','查询操作',1),
(2455,'进货单商品查询','2020-01-14 16:04:39','查询操作',1),
(2456,'进货单商品查询','2020-01-14 16:04:40','查询操作',1),
(2457,'删除进货单信息--{编号=15, 进货单号=\'JH202001140001\', 供应商=上海福桂食品有限公司, 应付金额=700.0, 实付金额=700.0}','2020-01-14 16:04:43','删除操作',1),
(2458,'进货单查询','2020-01-14 16:04:43','查询操作',1),
(2459,'进货单商品查询','2020-01-14 16:04:43','查询操作',1),
(2460,'查询商品信息','2020-01-14 16:08:41','查询操作',1),
(2461,'查询商品信息','2020-01-14 16:08:41','查询操作',1),
(2462,'查询所有商品类别信息','2020-01-14 16:08:42','查询操作',1),
(2463,'添加进货单','2020-01-14 16:09:05','添加操作',1),
(2464,'查询商品信息','2020-01-14 16:09:06','查询操作',1),
(2465,'查询商品信息','2020-01-14 16:09:06','查询操作',1),
(2466,'进货单查询','2020-01-14 16:09:09','查询操作',1),
(2467,'进货单查询','2020-01-14 16:09:15','查询操作',1),
(2468,'进货单查询','2020-01-14 16:09:15','查询操作',1),
(2469,'进货单查询','2020-01-14 16:09:16','查询操作',1),
(2470,'进货单查询','2020-01-14 16:09:17','查询操作',1),
(2471,'进货单查询','2020-01-14 16:09:17','查询操作',1),
(2472,'进货单商品查询','2020-01-14 16:09:18','查询操作',1),
(2473,'进货单商品查询','2020-01-14 16:09:18','查询操作',1),
(2474,'进货单查询','2020-01-14 16:10:07','查询操作',1),
(2475,'进货单查询','2020-01-14 16:10:10','查询操作',1),
(2476,'进货单查询','2020-01-14 16:10:12','查询操作',1),
(2477,'进货单查询','2020-01-14 16:10:14','查询操作',1),
(2478,'进货单商品查询','2020-01-14 16:10:18','查询操作',1),
(2479,'进货单商品查询','2020-01-14 16:10:21','查询操作',1),
(2480,'进货单查询','2020-01-14 16:10:26','查询操作',1),
(2481,'用户登录','2020-01-15 04:56:48','登录操作',1),
(2482,'退货单查询','2020-01-15 04:58:26','查询操作',1),
(2483,'退货单查询','2020-01-15 04:58:26','查询操作',1),
(2484,'退货单商品查询','2020-01-15 04:58:28','查询操作',1),
(2485,'退货单商品查询','2020-01-15 04:58:28','查询操作',1),
(2486,'退货单商品查询','2020-01-15 04:58:33','查询操作',1),
(2487,'退货单商品查询','2020-01-15 04:58:33','查询操作',1),
(2488,'退货单商品查询','2020-01-15 04:58:34','查询操作',1),
(2489,'退货单商品查询','2020-01-15 04:58:34','查询操作',1),
(2490,'退货单商品查询','2020-01-15 04:58:35','查询操作',1),
(2491,'退货单商品查询','2020-01-15 04:58:35','查询操作',1),
(2492,'退货单商品查询','2020-01-15 04:58:35','查询操作',1),
(2493,'退货单商品查询','2020-01-15 04:58:36','查询操作',1),
(2494,'退货单商品查询','2020-01-15 04:58:37','查询操作',1),
(2495,'退货单商品查询','2020-01-15 04:58:37','查询操作',1),
(2496,'退货单商品查询','2020-01-15 04:58:37','查询操作',1),
(2497,'退货单商品查询','2020-01-15 04:58:37','查询操作',1),
(2498,'退货单商品查询','2020-01-15 04:58:38','查询操作',1),
(2499,'退货单商品查询','2020-01-15 04:58:38','查询操作',1),
(2500,'退货单商品查询','2020-01-15 04:58:40','查询操作',1),
(2501,'退货单商品查询','2020-01-15 04:58:40','查询操作',1),
(2502,'退货单查询','2020-01-15 04:58:47','查询操作',1),
(2503,'退货单查询','2020-01-15 04:58:51','查询操作',1),
(2504,'退货单查询','2020-01-15 04:58:54','查询操作',1),
(2505,'退货单查询','2020-01-15 04:58:56','查询操作',1),
(2506,'退货单查询','2020-01-15 04:59:00','查询操作',1),
(2507,'退货单查询','2020-01-15 04:59:03','查询操作',1),
(2508,'退货单查询','2020-01-15 04:59:11','查询操作',1),
(2509,'退货单查询','2020-01-15 04:59:14','查询操作',1),
(2510,'退货单查询','2020-01-15 04:59:16','查询操作',1),
(2511,'退货单查询','2020-01-15 04:59:19','查询操作',1),
(2512,'退货单查询','2020-01-15 04:59:21','查询操作',1),
(2513,'退货单查询','2020-01-15 04:59:29','查询操作',1),
(2514,'退货单查询','2020-01-15 04:59:35','查询操作',1),
(2515,'退货单商品查询','2020-01-15 04:59:43','查询操作',1),
(2516,'删除退货单信息--{编号=3, 退货单号=\'TH202001140003\', 供应商=--{编号=1, 名称=\'上海福桂食品有限公司\', 联系人=\'小张\', 联系电话=\'0773-7217175\'}, 应付金额=222000.0, 实付金额=222000.0}','2020-01-15 04:59:46','删除操作',1),
(2517,'退货单商品查询','2020-01-15 04:59:46','查询操作',1),
(2518,'退货单查询','2020-01-15 04:59:46','查询操作',1),
(2519,'退货单查询','2020-01-15 04:59:50','查询操作',1),
(2520,'退货单查询','2020-01-15 04:59:51','查询操作',1),
(2521,'查询商品信息','2020-01-15 05:00:19','查询操作',1),
(2522,'查询商品信息','2020-01-15 05:00:19','查询操作',1),
(2523,'查询所有商品类别信息','2020-01-15 05:00:20','查询操作',1),
(2524,'查询所有商品类别信息','2020-01-15 05:00:29','查询操作',1),
(2525,'添加进货单','2020-01-15 05:00:58','添加操作',1),
(2526,'查询商品信息','2020-01-15 05:00:59','查询操作',1),
(2527,'查询商品信息','2020-01-15 05:00:59','查询操作',1),
(2528,'进货单查询','2020-01-15 05:01:16','查询操作',1),
(2529,'进货单查询','2020-01-15 05:01:16','查询操作',1),
(2530,'进货单商品查询','2020-01-15 05:01:25','查询操作',1),
(2531,'进货单商品查询','2020-01-15 05:01:25','查询操作',1),
(2532,'进货单商品查询','2020-01-15 05:01:39','查询操作',1),
(2533,'进货单商品查询','2020-01-15 05:01:39','查询操作',1),
(2534,'进货单商品查询','2020-01-15 05:01:40','查询操作',1),
(2535,'进货单商品查询','2020-01-15 05:01:41','查询操作',1),
(2536,'进货单商品查询','2020-01-15 05:01:41','查询操作',1),
(2537,'进货单商品查询','2020-01-15 05:01:42','查询操作',1),
(2538,'进货单商品查询','2020-01-15 05:01:42','查询操作',1),
(2539,'进货单商品查询','2020-01-15 05:01:43','查询操作',1),
(2540,'进货单商品查询','2020-01-15 05:01:44','查询操作',1),
(2541,'进货单商品查询','2020-01-15 05:01:44','查询操作',1),
(2542,'进货单商品查询','2020-01-15 05:01:44','查询操作',1),
(2543,'进货单查询','2020-01-15 05:01:49','查询操作',1),
(2544,'进货单查询','2020-01-15 05:01:51','查询操作',1),
(2545,'进货单查询','2020-01-15 05:01:54','查询操作',1),
(2546,'进货单查询','2020-01-15 05:01:56','查询操作',1),
(2547,'进货单查询','2020-01-15 05:02:00','查询操作',1),
(2548,'进货单查询','2020-01-15 05:02:03','查询操作',1),
(2549,'进货单查询','2020-01-15 05:02:07','查询操作',1),
(2550,'用户登录','2020-01-15 05:45:24','登录操作',1),
(2551,'查询商品信息','2020-01-15 05:45:27','查询操作',1),
(2552,'查询商品信息','2020-01-15 05:45:27','查询操作',1),
(2553,'查询所有商品类别信息','2020-01-15 05:45:35','查询操作',1),
(2554,'查询商品信息','2020-01-15 05:45:37','查询操作',1),
(2555,'添加销售单','2020-01-15 05:48:17','添加操作',1),
(2556,'查询商品信息','2020-01-15 05:48:18','查询操作',1),
(2557,'查询商品信息','2020-01-15 05:48:18','查询操作',1),
(2558,'查询所有商品类别信息','2020-01-15 05:48:21','查询操作',1),
(2559,'查询商品信息','2020-01-15 05:48:24','查询操作',1),
(2560,'查询商品信息','2020-01-15 05:49:24','查询操作',1),
(2561,'查询商品信息','2020-01-15 05:49:24','查询操作',1),
(2562,'查询商品信息','2020-01-15 05:51:18','查询操作',1),
(2563,'查询商品信息','2020-01-15 05:51:18','查询操作',1),
(2564,'查询商品信息','2020-01-15 05:51:22','查询操作',1),
(2565,'查询商品信息','2020-01-15 05:51:23','查询操作',1),
(2566,'查询商品信息','2020-01-15 05:52:03','查询操作',1),
(2567,'查询商品信息','2020-01-15 05:52:24','查询操作',1),
(2568,'查询商品信息','2020-01-15 05:52:32','查询操作',1),
(2569,'查询商品信息','2020-01-15 05:52:36','查询操作',1),
(2570,'查询商品信息','2020-01-15 05:55:59','查询操作',1),
(2571,'查询商品信息','2020-01-15 05:56:51','查询操作',1),
(2572,'查询商品信息','2020-01-15 05:56:55','查询操作',1),
(2573,'查询商品信息','2020-01-15 05:59:12','查询操作',1),
(2574,'查询商品信息','2020-01-15 05:59:19','查询操作',1),
(2575,'查询商品信息','2020-01-15 05:59:54','查询操作',1),
(2576,'查询所有商品类别信息','2020-01-15 06:00:19','查询操作',1),
(2577,'添加销售单','2020-01-15 06:00:26','添加操作',1),
(2578,'查询商品信息','2020-01-15 06:00:27','查询操作',1),
(2579,'查询所有商品类别信息','2020-01-15 06:00:34','查询操作',1),
(2580,'查询商品信息','2020-01-15 06:00:34','查询操作',1),
(2581,'查询商品信息','2020-01-15 06:02:45','查询操作',1),
(2582,'查询商品信息','2020-01-15 06:02:45','查询操作',1),
(2583,'查询商品信息','2020-01-15 06:02:47','查询操作',1),
(2584,'查询商品信息','2020-01-15 06:02:48','查询操作',1),
(2585,'销售单查询','2020-01-15 06:06:12','查询操作',1),
(2586,'销售单查询','2020-01-15 06:06:12','查询操作',1),
(2587,'销售单查询','2020-01-15 06:06:17','查询操作',1),
(2588,'销售单查询','2020-01-15 06:06:18','查询操作',1),
(2589,'销售单查询','2020-01-15 06:06:18','查询操作',1),
(2590,'查询商品信息','2020-01-15 06:06:19','查询操作',1),
(2591,'查询商品信息','2020-01-15 06:06:20','查询操作',1),
(2592,'查询所有商品类别信息','2020-01-15 06:06:24','查询操作',1),
(2593,'添加销售单','2020-01-15 06:06:37','添加操作',1),
(2594,'查询商品信息','2020-01-15 06:06:38','查询操作',1),
(2595,'查询商品信息','2020-01-15 06:06:38','查询操作',1),
(2596,'销售单查询','2020-01-15 06:06:40','查询操作',1),
(2597,'销售单商品查询','2020-01-15 06:06:42','查询操作',1),
(2598,'销售单商品查询','2020-01-15 06:06:42','查询操作',1),
(2599,'销售单查询','2020-01-15 06:07:29','查询操作',1),
(2600,'用户登录','2020-01-15 06:40:18','登录操作',1),
(2601,'查询商品信息','2020-01-15 06:40:36','查询操作',1),
(2602,'查询商品信息','2020-01-15 06:40:37','查询操作',1),
(2603,'查询所有商品类别信息','2020-01-15 06:40:44','查询操作',1),
(2604,'查询所有商品类别信息','2020-01-15 06:40:51','查询操作',1),
(2605,'添加销售单','2020-01-15 06:41:17','添加操作',1),
(2606,'查询商品信息','2020-01-15 06:41:18','查询操作',1),
(2607,'查询商品信息','2020-01-15 06:41:18','查询操作',1),
(2608,'查询所有商品类别信息','2020-01-15 06:41:19','查询操作',1),
(2609,'销售单查询','2020-01-15 06:41:25','查询操作',1),
(2610,'销售单查询','2020-01-15 06:41:25','查询操作',1),
(2611,'销售单商品查询','2020-01-15 06:41:27','查询操作',1),
(2612,'销售单商品查询','2020-01-15 06:41:27','查询操作',1),
(2613,'销售单查询','2020-01-15 06:41:35','查询操作',1),
(2614,'销售单查询','2020-01-15 06:41:35','查询操作',1),
(2615,'查询商品信息','2020-01-15 07:07:13','查询操作',1),
(2616,'查询商品信息','2020-01-15 07:07:13','查询操作',1),
(2617,'销售单查询','2020-01-15 07:07:18','查询操作',1),
(2618,'销售单查询','2020-01-15 07:07:18','查询操作',1),
(2619,'查询商品信息','2020-01-15 07:07:20','查询操作',1),
(2620,'查询商品信息','2020-01-15 07:07:20','查询操作',1),
(2621,'查询商品信息','2020-01-15 07:08:13','查询操作',1),
(2622,'查询商品信息','2020-01-15 07:08:13','查询操作',1),
(2623,'查询所有商品类别信息','2020-01-15 07:08:28','查询操作',1),
(2624,'查询商品信息','2020-01-15 07:14:56','查询操作',1),
(2625,'查询商品信息','2020-01-15 07:14:56','查询操作',1),
(2626,'查询所有商品类别信息','2020-01-15 07:15:01','查询操作',1),
(2627,'查询商品信息','2020-01-15 07:31:53','查询操作',1),
(2628,'查询商品信息','2020-01-15 07:31:53','查询操作',1),
(2629,'查询所有商品类别信息','2020-01-15 07:31:56','查询操作',1),
(2630,'添加客户退货单','2020-01-15 07:32:05','添加操作',1),
(2631,'查询商品信息','2020-01-15 07:32:06','查询操作',1),
(2632,'查询商品信息','2020-01-15 07:32:06','查询操作',1),
(2633,'查询商品信息','2020-01-15 07:35:31','查询操作',1),
(2634,'查询商品信息','2020-01-15 07:35:32','查询操作',1),
(2635,'查询所有商品类别信息','2020-01-15 07:35:38','查询操作',1),
(2636,'添加销售单','2020-01-15 07:36:06','添加操作',1),
(2637,'查询商品信息','2020-01-15 07:36:07','查询操作',1),
(2638,'查询商品信息','2020-01-15 07:36:07','查询操作',1),
(2639,'查询所有商品类别信息','2020-01-15 07:36:08','查询操作',1),
(2640,'查询所有商品类别信息','2020-01-15 07:36:26','查询操作',1),
(2641,'查询所有商品类别信息','2020-01-15 07:36:45','查询操作',1),
(2642,'查询所有商品类别信息','2020-01-15 07:36:53','查询操作',1),
(2643,'查询商品信息','2020-01-15 07:36:56','查询操作',1),
(2644,'查询商品信息','2020-01-15 07:36:59','查询操作',1),
(2645,'查询商品信息','2020-01-15 07:37:04','查询操作',1),
(2646,'查询所有商品类别信息','2020-01-15 07:37:14','查询操作',1),
(2647,'查询商品信息','2020-01-15 07:37:16','查询操作',1),
(2648,'添加客户退货单','2020-01-15 07:37:35','添加操作',1),
(2649,'查询商品信息','2020-01-15 07:37:35','查询操作',1),
(2650,'查询商品信息','2020-01-15 07:37:36','查询操作',1),
(2651,'销售单查询','2020-01-15 07:37:37','查询操作',1),
(2652,'销售单查询','2020-01-15 07:37:37','查询操作',1),
(2653,'客户退货单查询','2020-01-15 07:37:50','查询操作',1),
(2654,'客户退货单查询','2020-01-15 07:38:52','查询操作',1),
(2655,'客户退货单查询','2020-01-15 07:40:05','查询操作',1),
(2656,'查询商品信息','2020-01-15 07:40:14','查询操作',1),
(2657,'查询商品信息','2020-01-15 07:40:14','查询操作',1),
(2658,'查询商品信息','2020-01-15 07:41:02','查询操作',1),
(2659,'查询商品信息','2020-01-15 07:41:02','查询操作',1),
(2660,'查询商品信息','2020-01-15 07:41:04','查询操作',1),
(2661,'查询商品信息','2020-01-15 07:41:04','查询操作',1),
(2662,'查询所有商品类别信息','2020-01-15 07:41:38','查询操作',1),
(2663,'添加客户退货单','2020-01-15 07:41:45','添加操作',1),
(2664,'查询商品信息','2020-01-15 07:41:46','查询操作',1),
(2665,'查询商品信息','2020-01-15 07:41:46','查询操作',1),
(2666,'查询商品信息','2020-01-15 07:43:24','查询操作',1),
(2667,'查询商品信息','2020-01-15 07:43:24','查询操作',1),
(2668,'查询商品信息','2020-01-15 07:43:27','查询操作',1),
(2669,'查询商品信息','2020-01-15 07:43:27','查询操作',1),
(2670,'查询商品信息','2020-01-15 07:43:30','查询操作',1),
(2671,'查询商品信息','2020-01-15 07:43:30','查询操作',1),
(2672,'查询商品信息','2020-01-15 07:51:46','查询操作',1),
(2673,'查询商品信息','2020-01-15 07:51:46','查询操作',1),
(2674,'查询所有商品类别信息','2020-01-15 07:51:53','查询操作',1),
(2675,'添加客户退货单','2020-01-15 07:52:01','添加操作',1),
(2676,'查询商品信息','2020-01-15 07:52:01','查询操作',1),
(2677,'查询商品信息','2020-01-15 07:52:02','查询操作',1),
(2678,'查询商品信息','2020-01-15 07:52:56','查询操作',1),
(2679,'查询商品信息','2020-01-15 07:52:56','查询操作',1),
(2680,'查询所有商品类别信息','2020-01-15 07:53:01','查询操作',1),
(2681,'添加客户退货单','2020-01-15 07:53:07','添加操作',1),
(2682,'查询商品信息','2020-01-15 07:53:08','查询操作',1),
(2683,'查询商品信息','2020-01-15 07:53:08','查询操作',1),
(2684,'查询商品信息','2020-01-15 07:53:43','查询操作',1),
(2685,'查询商品信息','2020-01-15 07:53:43','查询操作',1),
(2686,'客户退货单查询','2020-01-15 07:53:48','查询操作',1),
(2687,'客户退货单查询','2020-01-15 07:54:05','查询操作',1),
(2688,'客户退货单查询','2020-01-15 07:54:07','查询操作',1),
(2689,'客户退货单查询','2020-01-15 07:54:09','查询操作',1),
(2690,'客户退货单查询','2020-01-15 07:54:13','查询操作',1),
(2691,'客户退货单查询','2020-01-15 07:54:15','查询操作',1),
(2692,'客户退货单查询','2020-01-15 07:54:18','查询操作',1),
(2693,'客户退货单查询','2020-01-15 07:54:19','查询操作',1),
(2694,'客户退货单商品查询','2020-01-15 07:54:22','查询操作',1),
(2695,'客户退货单查询','2020-01-15 07:54:36','查询操作',1),
(2696,'客户退货单商品查询','2020-01-15 07:55:09','查询操作',1),
(2697,'删除客户退货单信息：--{编号=4, 客户退货单号=\'XT202001150002\', 客户=福州艾玛超市, 应付金额=38000.0, 实付金额=38000.0}','2020-01-15 07:55:14','删除操作',1),
(2698,'客户退货单商品查询','2020-01-15 07:55:14','查询操作',1),
(2699,'客户退货单查询','2020-01-15 07:55:14','查询操作',1),
(2700,'客户退货单商品查询','2020-01-15 07:55:54','查询操作',1),
(2701,'查询商品信息','2020-01-15 07:56:34','查询操作',1),
(2702,'查询商品信息','2020-01-15 07:56:34','查询操作',1),
(2703,'查询所有商品类别信息','2020-01-15 07:56:37','查询操作',1),
(2704,'添加客户退货单','2020-01-15 07:56:43','添加操作',1),
(2705,'查询商品信息','2020-01-15 07:56:44','查询操作',1),
(2706,'查询商品信息','2020-01-15 07:56:44','查询操作',1),
(2707,'查询所有商品类别信息','2020-01-15 07:57:10','查询操作',1),
(2708,'添加客户退货单','2020-01-15 07:57:15','添加操作',1),
(2709,'查询商品信息','2020-01-15 07:57:16','查询操作',1),
(2710,'查询商品信息','2020-01-15 07:57:16','查询操作',1),
(2711,'查询商品信息','2020-01-15 07:57:42','查询操作',1),
(2712,'查询商品信息','2020-01-15 07:57:42','查询操作',1),
(2713,'客户退货单查询','2020-01-15 07:58:01','查询操作',1),
(2714,'客户退货单查询','2020-01-15 08:00:12','查询操作',1),
(2715,'客户退货单查询','2020-01-15 08:02:13','查询操作',1),
(2716,'客户退货单查询','2020-01-15 08:02:14','查询操作',1),
(2717,'客户退货单商品查询','2020-01-15 08:02:21','查询操作',1),
(2718,'客户退货单商品查询','2020-01-15 08:02:21','查询操作',1),
(2719,'客户退货单商品查询','2020-01-15 08:02:22','查询操作',1),
(2720,'客户退货单商品查询','2020-01-15 08:02:23','查询操作',1),
(2721,'客户退货单商品查询','2020-01-15 08:02:23','查询操作',1),
(2722,'查询商品信息','2020-01-15 08:04:06','查询操作',1),
(2723,'查询商品信息','2020-01-15 08:04:07','查询操作',1),
(2724,'查询所有商品类别信息','2020-01-15 08:04:10','查询操作',1),
(2725,'添加客户退货单','2020-01-15 08:04:16','添加操作',1),
(2726,'查询商品信息','2020-01-15 08:04:17','查询操作',1),
(2727,'查询商品信息','2020-01-15 08:04:17','查询操作',1),
(2728,'查询所有商品类别信息','2020-01-15 08:04:18','查询操作',1),
(2729,'查询商品信息','2020-01-15 08:04:25','查询操作',1),
(2730,'客户退货单查询','2020-01-15 08:04:31','查询操作',1),
(2731,'客户退货单查询','2020-01-15 08:04:31','查询操作',1),
(2732,'客户退货单商品查询','2020-01-15 08:04:32','查询操作',1),
(2733,'查询所有商品类别信息','2020-01-15 08:04:37','查询操作',1),
(2734,'查询商品信息','2020-01-15 08:04:39','查询操作',1),
(2735,'客户退货单商品查询','2020-01-15 08:05:13','查询操作',1),
(2736,'客户退货单商品查询','2020-01-15 08:05:13','查询操作',1),
(2737,'客户退货单商品查询','2020-01-15 08:05:14','查询操作',1),
(2738,'客户退货单商品查询','2020-01-15 08:05:15','查询操作',1),
(2739,'客户退货单商品查询','2020-01-15 08:05:15','查询操作',1),
(2740,'客户退货单商品查询','2020-01-15 08:05:16','查询操作',1),
(2741,'客户退货单商品查询','2020-01-15 08:05:17','查询操作',1),
(2742,'客户退货单商品查询','2020-01-15 08:05:17','查询操作',1),
(2743,'客户退货单商品查询','2020-01-15 08:05:17','查询操作',1),
(2744,'客户退货单商品查询','2020-01-15 08:05:18','查询操作',1),
(2745,'客户退货单商品查询','2020-01-15 08:05:18','查询操作',1),
(2746,'客户退货单商品查询','2020-01-15 08:05:18','查询操作',1),
(2747,'客户退货单商品查询','2020-01-15 08:05:19','查询操作',1),
(2748,'客户退货单商品查询','2020-01-15 08:05:19','查询操作',1),
(2749,'客户退货单商品查询','2020-01-15 08:05:19','查询操作',1),
(2750,'客户退货单商品查询','2020-01-15 08:05:20','查询操作',1),
(2751,'删除客户退货单信息：--{编号=8, 客户退货单号=\'XT202001150004\', 客户=福州艾玛超市, 应付金额=1500.0, 实付金额=1500.0}','2020-01-15 08:05:26','删除操作',1),
(2752,'客户退货单商品查询','2020-01-15 08:05:26','查询操作',1),
(2753,'客户退货单查询','2020-01-15 08:05:26','查询操作',1),
(2754,'查询所有商品类别信息','2020-01-15 08:07:30','查询操作',1),
(2755,'查询商品信息','2020-01-15 08:07:32','查询操作',1),
(2756,'查询商品信息','2020-01-15 08:07:39','查询操作',1),
(2757,'查询商品信息','2020-01-15 08:07:39','查询操作',1),
(2758,'查询所有商品类别信息','2020-01-15 08:07:42','查询操作',1),
(2759,'添加客户退货单--{编号=9, 客户退货单号=\'XT202001150004\', 客户=福州艾玛超市, 应付金额=1500.0, 实付金额=1500.0}','2020-01-15 08:07:50','添加操作',1),
(2760,'查询商品信息','2020-01-15 08:07:51','查询操作',1),
(2761,'查询商品信息','2020-01-15 08:07:51','查询操作',1),
(2762,'查询所有商品类别信息','2020-01-15 08:07:52','查询操作',1),
(2763,'查询商品信息','2020-01-15 08:10:33','查询操作',1),
(2764,'查询商品信息','2020-01-15 08:10:33','查询操作',1),
(2765,'查询所有商品类别信息','2020-01-15 08:10:37','查询操作',1),
(2766,'查询所有商品类别信息','2020-01-15 08:10:43','查询操作',1),
(2767,'添加销售单--{编号=6, 销售单号=\'XS202001150004\', 客户=福州艾玛超市, 应付金额=4000.0, 实付金额=4000.0}','2020-01-15 08:10:47','添加操作',1),
(2768,'查询商品信息','2020-01-15 08:10:48','查询操作',1),
(2769,'查询商品信息','2020-01-15 08:10:48','查询操作',1),
(2770,'客户退货单查询','2020-01-15 08:10:58','查询操作',1),
(2771,'客户退货单查询','2020-01-15 08:10:58','查询操作',1),
(2772,'销售单查询','2020-01-15 08:10:59','查询操作',1),
(2773,'销售单查询','2020-01-15 08:10:59','查询操作',1),
(2774,'销售单商品查询','2020-01-15 08:11:00','查询操作',1),
(2775,'销售单商品查询','2020-01-15 08:11:01','查询操作',1),
(2776,'查询所有商品类别信息','2020-01-15 08:11:25','查询操作',1),
(2777,'销售单商品查询','2020-01-15 08:11:37','查询操作',1),
(2778,'删除销售单信息--{编号=5, 销售单号=\'XS202001150003\', 客户=福州艾玛超市, 应付金额=1650.0, 实付金额=1650.0}','2020-01-15 08:11:40','删除操作',1),
(2779,'销售单商品查询','2020-01-15 08:11:41','查询操作',1),
(2780,'销售单查询','2020-01-15 08:11:41','查询操作',1),
(2781,'用户登录','2020-01-15 13:01:31','登录操作',1),
(2782,'查询商品信息','2020-01-15 13:01:33','查询操作',1),
(2783,'查询商品信息','2020-01-15 13:01:46','查询操作',1),
(2784,'查询商品信息','2020-01-15 13:01:52','查询操作',1),
(2785,'查询商品信息','2020-01-15 13:05:06','查询操作',1),
(2786,'查询所有商品类别信息','2020-01-15 13:05:06','查询操作',1),
(2787,'查询商品信息','2020-01-15 13:05:12','查询操作',1),
(2788,'查询所有商品类别信息','2020-01-15 13:05:13','查询操作',1),
(2789,'查询所有商品类别信息','2020-01-15 13:05:15','查询操作',1),
(2790,'查询所有商品类别信息','2020-01-15 13:05:16','查询操作',1),
(2791,'查询所有商品类别信息','2020-01-15 13:05:27','查询操作',1),
(2792,'查询所有商品类别信息','2020-01-15 13:05:27','查询操作',1),
(2793,'查询商品信息','2020-01-15 13:05:31','查询操作',1),
(2794,'查询商品信息','2020-01-15 13:05:36','查询操作',1),
(2795,'查询商品信息','2020-01-15 13:05:43','查询操作',1),
(2796,'查询商品信息','2020-01-15 13:05:48','查询操作',1),
(2797,'查询商品信息','2020-01-15 13:06:43','查询操作',1),
(2798,'查询商品信息','2020-01-15 13:06:44','查询操作',1),
(2799,'查询所有商品类别信息','2020-01-15 13:06:46','查询操作',1),
(2800,'添加销售单--{编号=7, 销售单号=\'XS202001150005\', 客户=福州艾玛超市, 应付金额=38000.0, 实付金额=38000.0}','2020-01-15 13:06:55','添加操作',1),
(2801,'查询商品信息','2020-01-15 13:06:56','查询操作',1),
(2802,'查询商品信息','2020-01-15 13:06:56','查询操作',1),
(2803,'查询商品信息','2020-01-15 13:07:03','查询操作',1),
(2804,'查询商品信息','2020-01-15 13:07:25','查询操作',1),
(2805,'查询商品信息','2020-01-15 13:07:25','查询操作',1),
(2806,'查询所有商品类别信息','2020-01-15 13:07:28','查询操作',1),
(2807,'添加销售单--{编号=8, 销售单号=\'XS202001150006\', 客户=大凉山希望小学, 应付金额=38000.0, 实付金额=38000.0}','2020-01-15 13:07:41','添加操作',1),
(2808,'查询商品信息','2020-01-15 13:07:42','查询操作',1),
(2809,'查询商品信息','2020-01-15 13:07:42','查询操作',1),
(2810,'查询所有商品类别信息','2020-01-15 13:07:43','查询操作',1),
(2811,'查询商品信息','2020-01-15 13:07:51','查询操作',1),
(2812,'查询商品信息','2020-01-15 13:08:45','查询操作',1),
(2813,'销售单查询','2020-01-15 13:08:52','查询操作',1),
(2814,'销售单查询','2020-01-15 13:08:52','查询操作',1),
(2815,'客户退货单查询','2020-01-15 13:08:52','查询操作',1),
(2816,'客户退货单查询','2020-01-15 13:08:53','查询操作',1),
(2817,'销售单商品查询','2020-01-15 13:08:54','查询操作',1),
(2818,'销售单商品查询','2020-01-15 13:08:55','查询操作',1),
(2819,'销售单商品查询','2020-01-15 13:08:55','查询操作',1),
(2820,'销售单商品查询','2020-01-15 13:08:56','查询操作',1),
(2821,'销售单商品查询','2020-01-15 13:08:56','查询操作',1),
(2822,'销售单商品查询','2020-01-15 13:08:57','查询操作',1),
(2823,'销售单商品查询','2020-01-15 13:08:57','查询操作',1),
(2824,'销售单商品查询','2020-01-15 13:08:57','查询操作',1),
(2825,'销售单商品查询','2020-01-15 13:08:58','查询操作',1),
(2826,'销售单商品查询','2020-01-15 13:08:58','查询操作',1),
(2827,'销售单查询','2020-01-15 13:09:01','查询操作',1),
(2828,'销售单查询','2020-01-15 13:09:01','查询操作',1),
(2829,'查询商品信息','2020-01-15 13:10:27','查询操作',1),
(2830,'查询商品信息','2020-01-15 13:10:27','查询操作',1),
(2831,'用户登录','2020-01-15 13:55:06','登录操作',1),
(2832,'查询商品信息','2020-01-15 13:55:07','查询操作',1),
(2833,'查询商品信息','2020-01-15 13:55:11','查询操作',1),
(2834,'查询商品信息','2020-01-15 13:55:11','查询操作',1),
(2835,'查询所有商品类别信息','2020-01-15 13:55:18','查询操作',1),
(2836,'添加商品报损单','2020-01-15 13:55:51','添加操作',1),
(2837,'查询商品信息','2020-01-15 13:55:53','查询操作',1),
(2838,'查询商品信息','2020-01-15 13:55:53','查询操作',1),
(2839,'查询所有商品类别信息','2020-01-15 13:55:57','查询操作',1),
(2840,'查询商品信息','2020-01-15 13:56:16','查询操作',1),
(2841,'查询所有商品类别信息','2020-01-15 14:01:43','查询操作',1),
(2842,'添加商品报损单--{编号=2, 商品报损单号=\'JH202001150002\', 商品报损日期=2020-01-15, 操作用户=乐道, 备注=\'已过期\'}','2020-01-15 14:02:02','添加操作',1),
(2843,'查询商品信息','2020-01-15 14:02:04','查询操作',1),
(2844,'查询商品信息','2020-01-15 14:02:04','查询操作',1),
(2845,'查询商品信息','2020-01-15 14:27:39','查询操作',1),
(2846,'查询商品信息','2020-01-15 14:27:43','查询操作',1),
(2847,'查询商品信息','2020-01-15 14:27:43','查询操作',1),
(2848,'查询所有商品类别信息','2020-01-15 14:27:46','查询操作',1),
(2849,'添加商品报溢单--{编号=1, 商品报溢单号=\'JH202001150001\', 商品报溢日期=2020-01-15, 操作用户=乐道, 备注=\'\'}','2020-01-15 14:27:54','添加操作',1),
(2850,'查询商品信息','2020-01-15 14:27:55','查询操作',1),
(2851,'查询商品信息','2020-01-15 14:27:56','查询操作',1),
(2852,'查询所有商品类别信息','2020-01-15 14:27:56','查询操作',1),
(2853,'查询所有商品类别信息','2020-01-15 14:28:00','查询操作',1),
(2854,'添加商品报溢单--{编号=2, 商品报溢单号=\'JH202001150002\', 商品报溢日期=2020-01-15, 操作用户=乐道, 备注=\'\'}','2020-01-15 14:28:07','添加操作',1),
(2855,'查询商品信息','2020-01-15 14:28:08','查询操作',1),
(2856,'查询商品信息','2020-01-15 14:28:08','查询操作',1),
(2857,'商品报损单查询','2020-01-15 14:33:39','查询操作',1),
(2858,'商品报损单查询','2020-01-15 14:33:43','查询操作',1),
(2859,'商品报损单查询','2020-01-15 14:33:48','查询操作',1),
(2860,'商品报损单查询','2020-01-15 14:33:58','查询操作',1),
(2861,'商品报损单查询','2020-01-15 14:34:04','查询操作',1),
(2862,'商品报损单查询','2020-01-15 14:34:25','查询操作',1),
(2863,'商品报损单查询','2020-01-15 14:34:47','查询操作',1),
(2864,'商品报损单查询','2020-01-15 14:34:53','查询操作',1),
(2865,'商品报损单商品查询','2020-01-15 14:34:59','查询操作',1),
(2866,'商品报损单商品查询','2020-01-15 14:35:00','查询操作',1),
(2867,'商品报损单查询','2020-01-15 14:36:41','查询操作',1),
(2868,'商品报溢单查询','2020-01-15 14:36:43','查询操作',1),
(2869,'商品报损单查询','2020-01-15 14:36:45','查询操作',1),
(2870,'商品报溢单查询','2020-01-15 14:36:48','查询操作',1),
(2871,'商品报溢单商品查询','2020-01-15 14:37:29','查询操作',1),
(2872,'商品报溢单商品查询','2020-01-15 14:37:30','查询操作',1),
(2873,'商品报溢单商品查询','2020-01-15 14:37:31','查询操作',1),
(2874,'商品报溢单商品查询','2020-01-15 14:37:31','查询操作',1),
(2875,'商品报溢单商品查询','2020-01-15 14:37:33','查询操作',1),
(2876,'商品报溢单商品查询','2020-01-15 14:37:33','查询操作',1),
(2877,'商品报损单查询','2020-01-15 14:37:36','查询操作',1),
(2878,'商品报损单商品查询','2020-01-15 14:37:38','查询操作',1),
(2879,'商品报损单商品查询','2020-01-15 14:37:38','查询操作',1),
(2880,'商品报损单商品查询','2020-01-15 14:37:41','查询操作',1),
(2881,'商品报损单查询','2020-01-15 14:39:20','查询操作',1),
(2882,'商品报损单商品查询','2020-01-15 14:39:20','查询操作',1),
(2883,'商品报损单商品查询','2020-01-15 14:39:23','查询操作',1),
(2884,'商品报损单商品查询','2020-01-15 14:39:24','查询操作',1),
(2885,'商品报损单商品查询','2020-01-15 14:39:24','查询操作',1),
(2886,'商品报损单商品查询','2020-01-15 14:39:24','查询操作',1),
(2887,'商品报损单商品查询','2020-01-15 14:39:25','查询操作',1),
(2888,'商品报损单商品查询','2020-01-15 14:39:25','查询操作',1),
(2889,'商品报损单商品查询','2020-01-15 14:39:25','查询操作',1),
(2890,'商品报损单商品查询','2020-01-15 14:39:25','查询操作',1),
(2891,'商品报损单商品查询','2020-01-15 14:39:26','查询操作',1),
(2892,'商品报损单商品查询','2020-01-15 14:39:26','查询操作',1),
(2893,'商品报损单查询','2020-01-15 14:39:29','查询操作',1),
(2894,'商品报损单查询','2020-01-15 14:39:34','查询操作',1),
(2895,'商品报损单查询','2020-01-15 14:39:34','查询操作',1),
(2896,'商品报损单查询','2020-01-15 14:39:35','查询操作',1),
(2897,'商品报损单查询','2020-01-15 14:39:38','查询操作',1),
(2898,'商品报损单查询','2020-01-15 14:40:08','查询操作',1),
(2899,'商品报损单查询','2020-01-15 14:40:11','查询操作',1),
(2900,'商品报损单查询','2020-01-15 14:41:57','查询操作',1),
(2901,'商品报溢单查询','2020-01-15 14:41:59','查询操作',1),
(2902,'商品报溢单查询','2020-01-15 14:42:02','查询操作',1),
(2903,'商品报溢单查询','2020-01-15 14:42:05','查询操作',1),
(2904,'商品报损单查询','2020-01-15 14:42:10','查询操作',1),
(2905,'商品报损单查询','2020-01-15 14:42:13','查询操作',1),
(2906,'商品报损单查询','2020-01-15 14:42:13','查询操作',1),
(2907,'商品报损单查询','2020-01-15 14:42:14','查询操作',1),
(2908,'商品报损单查询','2020-01-15 14:42:14','查询操作',1),
(2909,'商品报损单查询','2020-01-15 14:42:14','查询操作',1),
(2910,'商品报损单查询','2020-01-15 14:42:23','查询操作',1),
(2911,'商品报损单查询','2020-01-15 14:42:24','查询操作',1),
(2912,'商品报损单查询','2020-01-15 14:42:27','查询操作',1),
(2913,'商品报损单查询','2020-01-15 14:42:27','查询操作',1),
(2914,'商品报损单查询','2020-01-15 14:42:42','查询操作',1),
(2915,'查询商品信息','2020-01-15 14:42:53','查询操作',1),
(2916,'商品报损单查询','2020-01-15 14:43:00','查询操作',1),
(2917,'商品报损单查询','2020-01-15 14:43:04','查询操作',1),
(2918,'商品报损单查询','2020-01-15 14:43:06','查询操作',1),
(2919,'商品报损单查询','2020-01-15 14:44:01','查询操作',1),
(2920,'商品报损单查询','2020-01-15 14:44:04','查询操作',1),
(2921,'商品报损单查询','2020-01-15 14:44:05','查询操作',1),
(2922,'查询商品信息','2020-01-15 14:44:09','查询操作',1),
(2923,'查询商品信息','2020-01-15 14:44:09','查询操作',1),
(2924,'查询商品信息','2020-01-15 14:44:10','查询操作',1),
(2925,'查询商品信息','2020-01-15 14:44:10','查询操作',1),
(2926,'商品报损单查询','2020-01-15 14:44:51','查询操作',1),
(2927,'商品报损单查询','2020-01-15 14:44:54','查询操作',1),
(2928,'商品报损单查询','2020-01-15 14:45:02','查询操作',1),
(2929,'商品报损单查询','2020-01-15 14:45:04','查询操作',1),
(2930,'商品报损单查询','2020-01-15 14:45:14','查询操作',1),
(2931,'商品报损单查询','2020-01-15 14:45:17','查询操作',1),
(2932,'商品报损单查询','2020-01-15 14:45:19','查询操作',1),
(2933,'商品报损单查询','2020-01-15 14:45:50','查询操作',1),
(2934,'商品报损单查询','2020-01-15 14:45:51','查询操作',1),
(2935,'商品报损单查询','2020-01-15 14:45:54','查询操作',1),
(2936,'商品报损单查询','2020-01-15 14:45:55','查询操作',1),
(2937,'商品报损单查询','2020-01-15 14:45:55','查询操作',1),
(2938,'商品报损单查询','2020-01-15 14:45:55','查询操作',1),
(2939,'商品报损单查询','2020-01-15 14:45:55','查询操作',1),
(2940,'商品报损单查询','2020-01-15 14:45:55','查询操作',1),
(2941,'商品报损单查询','2020-01-15 14:45:58','查询操作',1),
(2942,'商品报损单查询','2020-01-15 14:46:05','查询操作',1),
(2943,'商品报损单查询','2020-01-15 14:46:08','查询操作',1),
(2944,'商品报损单查询','2020-01-15 14:46:15','查询操作',1),
(2945,'商品报损单查询','2020-01-15 14:46:18','查询操作',1),
(2946,'商品报损单查询','2020-01-15 14:46:21','查询操作',1),
(2947,'商品报损单查询','2020-01-15 14:46:21','查询操作',1),
(2948,'商品报损单查询','2020-01-15 14:46:22','查询操作',1),
(2949,'商品报损单查询','2020-01-15 14:46:22','查询操作',1),
(2950,'商品报损单查询','2020-01-15 14:46:23','查询操作',1),
(2951,'商品报损单查询','2020-01-15 14:46:26','查询操作',1),
(2952,'商品报损单查询','2020-01-15 14:46:26','查询操作',1),
(2953,'查询商品信息','2020-01-15 15:03:59','查询操作',1),
(2954,'查询库存报警商品信息','2020-01-15 15:04:01','查询操作',1),
(2955,'查询库存报警商品信息','2020-01-15 15:09:05','查询操作',1),
(2956,'查询商品信息','2020-01-15 15:27:48','查询操作',1),
(2957,'退货单查询','2020-01-15 15:27:57','查询操作',1),
(2958,'进货单查询','2020-01-15 15:27:57','查询操作',1),
(2959,'退货单查询','2020-01-15 15:28:03','查询操作',1),
(2960,'进货单查询','2020-01-15 15:28:03','查询操作',1),
(2961,'进货单查询','2020-01-15 15:28:04','查询操作',1),
(2962,'退货单查询','2020-01-15 15:28:04','查询操作',1),
(2963,'进货单查询','2020-01-15 15:28:05','查询操作',1),
(2964,'退货单查询','2020-01-15 15:28:05','查询操作',1),
(2965,'进货单查询','2020-01-15 15:28:05','查询操作',1),
(2966,'退货单查询','2020-01-15 15:28:05','查询操作',1),
(2967,'进货单查询','2020-01-15 15:28:06','查询操作',1),
(2968,'退货单查询','2020-01-15 15:28:06','查询操作',1),
(2969,'进货单查询','2020-01-15 15:28:06','查询操作',1),
(2970,'退货单查询','2020-01-15 15:28:06','查询操作',1),
(2971,'进货单商品查询','2020-01-15 15:28:07','查询操作',1),
(2972,'退货单商品查询','2020-01-15 15:28:08','查询操作',1),
(2973,'退货单商品查询','2020-01-15 15:28:08','查询操作',1),
(2974,'进货单商品查询','2020-01-15 15:28:09','查询操作',1),
(2975,'进货单商品查询','2020-01-15 15:28:10','查询操作',1),
(2976,'退货单商品查询','2020-01-15 15:28:10','查询操作',1),
(2977,'退货单商品查询','2020-01-15 15:28:10','查询操作',1),
(2978,'进货单查询','2020-01-15 15:28:12','查询操作',1),
(2979,'退货单查询','2020-01-15 15:28:12','查询操作',1),
(2980,'进货单查询','2020-01-15 15:28:14','查询操作',1),
(2981,'退货单查询','2020-01-15 15:28:14','查询操作',1),
(2982,'进货单查询','2020-01-15 15:28:18','查询操作',1),
(2983,'退货单查询','2020-01-15 15:28:18','查询操作',1),
(2984,'退货单查询','2020-01-15 15:28:20','查询操作',1),
(2985,'进货单查询','2020-01-15 15:28:20','查询操作',1),
(2986,'进货单查询','2020-01-15 15:28:22','查询操作',1),
(2987,'退货单查询','2020-01-15 15:28:22','查询操作',1),
(2988,'进货单查询','2020-01-15 15:28:25','查询操作',1),
(2989,'退货单查询','2020-01-15 15:28:25','查询操作',1),
(2990,'进货单查询','2020-01-15 15:28:30','查询操作',1),
(2991,'退货单查询','2020-01-15 15:28:30','查询操作',1),
(2992,'退货单商品查询','2020-01-15 15:28:32','查询操作',1),
(2993,'进货单商品查询','2020-01-15 15:28:32','查询操作',1),
(2994,'进货单商品查询','2020-01-15 15:28:33','查询操作',1),
(2995,'进货单商品查询','2020-01-15 15:28:34','查询操作',1),
(2996,'进货单商品查询','2020-01-15 15:28:34','查询操作',1),
(2997,'退货单商品查询','2020-01-15 15:28:35','查询操作',1),
(2998,'退货单商品查询','2020-01-15 15:28:35','查询操作',1),
(2999,'进货单查询','2020-01-15 15:29:33','查询操作',1),
(3000,'退货单查询','2020-01-15 15:29:33','查询操作',1),
(3001,'进货单查询','2020-01-15 15:29:47','查询操作',1),
(3002,'退货单查询','2020-01-15 15:29:47','查询操作',1),
(3003,'退货单商品查询','2020-01-15 15:30:11','查询操作',1),
(3004,'进货单商品查询','2020-01-15 15:30:11','查询操作',1),
(3005,'进货单商品查询','2020-01-15 15:30:12','查询操作',1),
(3006,'退货单商品查询','2020-01-15 15:30:24','查询操作',1),
(3007,'退货单商品查询','2020-01-15 15:30:24','查询操作',1),
(3008,'进货单商品查询','2020-01-15 15:30:24','查询操作',1),
(3009,'进货单商品查询','2020-01-15 15:30:25','查询操作',1),
(3010,'进货单查询','2020-01-15 15:30:28','查询操作',1),
(3011,'退货单查询','2020-01-15 15:30:28','查询操作',1),
(3012,'进货单查询','2020-01-15 15:30:33','查询操作',1),
(3013,'退货单查询','2020-01-15 15:30:33','查询操作',1),
(3014,'进货单查询','2020-01-15 15:30:38','查询操作',1),
(3015,'退货单查询','2020-01-15 15:30:38','查询操作',1),
(3016,'退货单查询','2020-01-15 15:30:52','查询操作',1),
(3017,'进货单查询','2020-01-15 15:30:52','查询操作',1),
(3018,'进货单查询','2020-01-15 15:30:55','查询操作',1),
(3019,'退货单查询','2020-01-15 15:30:55','查询操作',1),
(3020,'退货单查询','2020-01-15 15:31:13','查询操作',1),
(3021,'进货单查询','2020-01-15 15:31:13','查询操作',1),
(3022,'进货单商品查询','2020-01-15 15:31:17','查询操作',1),
(3023,'进货单商品查询','2020-01-15 15:31:19','查询操作',1),
(3024,'进货单商品查询','2020-01-15 15:31:19','查询操作',1),
(3025,'进货单商品查询','2020-01-15 15:31:20','查询操作',1),
(3026,'退货单商品查询','2020-01-15 15:31:20','查询操作',1),
(3027,'退货单商品查询','2020-01-15 15:31:21','查询操作',1),
(3028,'进货单商品查询','2020-01-15 15:31:21','查询操作',1),
(3029,'进货单商品查询','2020-01-15 15:31:21','查询操作',1),
(3030,'进货单商品查询','2020-01-15 15:31:22','查询操作',1),
(3031,'进货单商品查询','2020-01-15 15:31:22','查询操作',1),
(3032,'进货单商品查询','2020-01-15 15:31:22','查询操作',1),
(3033,'进货单商品查询','2020-01-15 15:34:40','查询操作',1),
(3034,'进货单商品查询','2020-01-15 15:34:40','查询操作',1),
(3035,'进货单商品查询','2020-01-15 15:34:41','查询操作',1),
(3036,'进货单商品查询','2020-01-15 15:34:42','查询操作',1),
(3037,'进货单商品查询','2020-01-15 15:34:42','查询操作',1),
(3038,'退货单商品查询','2020-01-15 15:34:42','查询操作',1),
(3039,'退货单商品查询','2020-01-15 15:34:43','查询操作',1),
(3040,'进货单商品查询','2020-01-15 15:34:43','查询操作',1),
(3041,'进货单商品查询','2020-01-15 15:34:43','查询操作',1),
(3042,'进货单商品查询','2020-01-15 15:34:44','查询操作',1),
(3043,'进货单商品查询','2020-01-15 15:36:24','查询操作',1),
(3044,'查询商品信息','2020-01-15 15:39:01','查询操作',1),
(3045,'退货单查询','2020-01-15 15:39:21','查询操作',1),
(3046,'进货单查询','2020-01-15 15:39:21','查询操作',1),
(3047,'退货单查询','2020-01-15 15:39:27','查询操作',1),
(3048,'进货单查询','2020-01-15 15:39:27','查询操作',1),
(3049,'退货单商品查询','2020-01-15 15:39:29','查询操作',1),
(3050,'退货单商品查询','2020-01-15 15:39:29','查询操作',1),
(3051,'退货单商品查询','2020-01-15 15:39:30','查询操作',1),
(3052,'进货单商品查询','2020-01-15 15:39:31','查询操作',1),
(3053,'进货单商品查询','2020-01-15 15:39:31','查询操作',1),
(3054,'进货单商品查询','2020-01-15 15:39:31','查询操作',1),
(3055,'进货单商品查询','2020-01-15 15:39:32','查询操作',1),
(3056,'查询商品信息','2020-01-15 16:08:28','查询操作',1),
(3057,'退货单查询','2020-01-15 16:08:33','查询操作',1),
(3058,'进货单查询','2020-01-15 16:08:33','查询操作',1),
(3059,'进货单商品查询','2020-01-15 16:08:35','查询操作',1),
(3060,'进货单查询','2020-01-15 16:08:42','查询操作',1),
(3061,'退货单查询','2020-01-15 16:08:42','查询操作',1),
(3062,'退货单商品查询','2020-01-15 16:08:43','查询操作',1),
(3063,'进货单查询','2020-01-15 16:08:45','查询操作',1),
(3064,'退货单查询','2020-01-15 16:08:45','查询操作',1),
(3065,'退货单查询','2020-01-15 16:08:48','查询操作',1),
(3066,'进货单查询','2020-01-15 16:08:48','查询操作',1),
(3067,'退货单查询','2020-01-15 16:09:08','查询操作',1),
(3068,'进货单查询','2020-01-15 16:09:08','查询操作',1),
(3069,'退货单商品查询','2020-01-15 16:09:10','查询操作',1),
(3070,'进货单查询','2020-01-15 16:09:12','查询操作',1),
(3071,'退货单查询','2020-01-15 16:09:12','查询操作',1),
(3072,'进货单商品查询','2020-01-15 16:09:14','查询操作',1),
(3073,'退货单查询','2020-01-15 16:09:15','查询操作',1),
(3074,'进货单查询','2020-01-15 16:09:15','查询操作',1),
(3075,'进货单商品查询','2020-01-15 16:09:17','查询操作',1),
(3076,'进货单商品查询','2020-01-15 16:09:18','查询操作',1),
(3077,'退货单查询','2020-01-15 16:09:19','查询操作',1),
(3078,'进货单查询','2020-01-15 16:09:19','查询操作',1),
(3079,'进货单商品查询','2020-01-15 16:09:21','查询操作',1),
(3080,'退货单查询','2020-01-15 16:09:22','查询操作',1),
(3081,'进货单查询','2020-01-15 16:09:22','查询操作',1),
(3082,'进货单商品查询','2020-01-15 16:09:26','查询操作',1),
(3083,'退货单查询','2020-01-15 16:09:28','查询操作',1),
(3084,'进货单查询','2020-01-15 16:09:28','查询操作',1),
(3085,'进货单商品查询','2020-01-15 16:09:29','查询操作',1),
(3086,'进货单商品查询','2020-01-15 16:09:29','查询操作',1),
(3087,'退货单商品查询','2020-01-15 16:09:30','查询操作',1),
(3088,'进货单查询','2020-01-15 16:09:31','查询操作',1),
(3089,'退货单查询','2020-01-15 16:09:31','查询操作',1),
(3090,'进货单查询','2020-01-15 16:10:52','查询操作',1),
(3091,'退货单查询','2020-01-15 16:10:52','查询操作',1),
(3092,'进货单商品查询','2020-01-15 16:10:54','查询操作',1),
(3093,'退货单查询','2020-01-15 16:10:56','查询操作',1),
(3094,'进货单查询','2020-01-15 16:10:56','查询操作',1),
(3095,'进货单商品查询','2020-01-15 16:10:58','查询操作',1),
(3096,'进货单查询','2020-01-15 16:11:00','查询操作',1),
(3097,'退货单查询','2020-01-15 16:11:00','查询操作',1),
(3098,'进货单商品查询','2020-01-15 16:11:01','查询操作',1),
(3099,'退货单查询','2020-01-15 16:11:02','查询操作',1),
(3100,'进货单查询','2020-01-15 16:11:02','查询操作',1),
(3101,'进货单商品查询','2020-01-15 16:11:04','查询操作',1),
(3102,'退货单查询','2020-01-15 16:11:05','查询操作',1),
(3103,'进货单查询','2020-01-15 16:11:05','查询操作',1),
(3104,'用户登录','2020-01-15 16:31:40','登录操作',1),
(3105,'查询商品信息','2020-01-15 16:31:41','查询操作',1),
(3106,'客户退货单查询','2020-01-15 16:31:50','查询操作',1),
(3107,'销售单查询','2020-01-15 16:31:50','查询操作',1),
(3108,'客户退货单查询','2020-01-15 16:32:00','查询操作',1),
(3109,'销售单查询','2020-01-15 16:32:00','查询操作',1),
(3110,'销售单查询','2020-01-15 16:32:04','查询操作',1),
(3111,'客户退货单查询','2020-01-15 16:32:04','查询操作',1),
(3112,'客户退货单查询','2020-01-15 16:32:06','查询操作',1),
(3113,'销售单查询','2020-01-15 16:32:06','查询操作',1),
(3114,'客户退货单查询','2020-01-15 16:32:09','查询操作',1),
(3115,'销售单查询','2020-01-15 16:32:09','查询操作',1),
(3116,'客户退货单查询','2020-01-15 16:32:13','查询操作',1),
(3117,'销售单查询','2020-01-15 16:32:13','查询操作',1),
(3118,'客户退货单查询','2020-01-15 16:32:15','查询操作',1),
(3119,'销售单查询','2020-01-15 16:32:15','查询操作',1),
(3120,'客户退货单查询','2020-01-15 16:32:47','查询操作',1),
(3121,'销售单查询','2020-01-15 16:32:47','查询操作',1),
(3122,'销售单商品查询','2020-01-15 16:32:54','查询操作',1),
(3123,'销售单商品查询','2020-01-15 16:32:54','查询操作',1),
(3124,'销售单商品查询','2020-01-15 16:32:55','查询操作',1),
(3125,'销售单商品查询','2020-01-15 16:32:55','查询操作',1),
(3126,'销售单商品查询','2020-01-15 16:32:55','查询操作',1),
(3127,'销售单商品查询','2020-01-15 16:32:56','查询操作',1),
(3128,'客户退货单商品查询','2020-01-15 16:32:56','查询操作',1),
(3129,'客户退货单商品查询','2020-01-15 16:32:56','查询操作',1),
(3130,'销售单查询','2020-01-15 16:33:33','查询操作',1),
(3131,'客户退货单查询','2020-01-15 16:33:33','查询操作',1),
(3132,'客户退货单商品查询','2020-01-15 16:33:34','查询操作',1),
(3133,'客户退货单查询','2020-01-15 16:33:35','查询操作',1),
(3134,'销售单查询','2020-01-15 16:33:35','查询操作',1),
(3135,'客户退货单商品查询','2020-01-15 16:33:39','查询操作',1),
(3136,'销售单查询','2020-01-15 16:33:40','查询操作',1),
(3137,'客户退货单查询','2020-01-15 16:33:40','查询操作',1),
(3138,'销售单商品查询','2020-01-15 16:33:42','查询操作',1),
(3139,'销售单查询','2020-01-15 16:33:43','查询操作',1),
(3140,'客户退货单查询','2020-01-15 16:33:43','查询操作',1),
(3141,'客户退货单商品查询','2020-01-15 16:33:46','查询操作',1),
(3142,'客户退货单查询','2020-01-15 16:33:47','查询操作',1),
(3143,'销售单查询','2020-01-15 16:33:47','查询操作',1),
(3144,'销售单商品查询','2020-01-15 16:33:49','查询操作',1),
(3145,'销售单查询','2020-01-15 16:33:50','查询操作',1),
(3146,'客户退货单查询','2020-01-15 16:33:50','查询操作',1),
(3147,'销售单商品查询','2020-01-15 16:34:21','查询操作',1),
(3148,'销售单商品查询','2020-01-15 16:34:22','查询操作',1),
(3149,'销售单商品查询','2020-01-15 16:34:22','查询操作',1),
(3150,'销售单商品查询','2020-01-15 16:34:23','查询操作',1),
(3151,'销售单商品查询','2020-01-15 16:34:24','查询操作',1),
(3152,'客户退货单查询','2020-01-15 16:34:26','查询操作',1),
(3153,'销售单查询','2020-01-15 16:34:26','查询操作',1),
(3154,'客户退货单商品查询','2020-01-15 16:34:28','查询操作',1),
(3155,'客户退货单查询','2020-01-15 16:34:29','查询操作',1),
(3156,'销售单查询','2020-01-15 16:34:29','查询操作',1),
(3157,'销售单商品查询','2020-01-15 16:34:31','查询操作',1),
(3158,'销售单查询','2020-01-15 16:34:32','查询操作',1),
(3159,'客户退货单查询','2020-01-15 16:34:32','查询操作',1),
(3160,'客户退货单查询','2020-01-15 16:34:36','查询操作',1),
(3161,'销售单查询','2020-01-15 16:34:36','查询操作',1),
(3162,'销售单商品查询','2020-01-15 16:34:36','查询操作',1),
(3163,'客户退货单查询','2020-01-15 16:34:39','查询操作',1),
(3164,'销售单查询','2020-01-15 16:34:39','查询操作',1),
(3165,'客户退货单查询','2020-01-15 16:34:41','查询操作',1),
(3166,'销售单查询','2020-01-15 16:34:41','查询操作',1),
(3167,'查询商品信息','2020-01-15 16:35:03','查询操作',1),
(3168,'查询商品单位信息','2020-01-15 16:35:03','查询操作',1),
(3169,'查询所有商品类别信息','2020-01-15 16:35:03','查询操作',1),
(3170,'查询商品单位信息','2020-01-15 16:35:03','查询操作',1),
(3171,'查询商品信息','2020-01-15 16:35:04','查询操作',1),
(3172,'查询用户信息','2020-01-15 16:35:12','查询操作',1),
(3173,'查询用户信息','2020-01-15 16:35:12','查询操作',1),
(3174,'查询所有用户信息','2020-01-15 16:35:14','查询操作',1),
(3175,'查询所有用户信息','2020-01-15 16:35:16','查询操作',1),
(3176,'查询所有用户信息','2020-01-15 16:35:19','查询操作',1),
(3177,'查询角色信息','2020-01-15 16:35:22','查询操作',1),
(3178,'查询角色信息','2020-01-15 16:35:22','查询操作',1),
(3179,'保存角色权限设置','2020-01-15 16:35:48','更新操作',1),
(3180,'用户注销','2020-01-15 16:36:16','注销操作',1),
(3181,'用户登录','2020-01-15 16:36:30','登录操作',7),
(3182,'查询商品信息','2020-01-15 16:36:31','查询操作',7),
(3183,'用户登录','2020-01-15 16:37:01','登录操作',1),
(3184,'查询商品信息','2020-01-15 16:37:02','查询操作',1),
(3185,'查询角色信息','2020-01-15 16:37:04','查询操作',1),
(3186,'查询角色信息','2020-01-15 16:37:04','查询操作',1),
(3187,'保存角色权限设置','2020-01-15 16:37:14','更新操作',1),
(3188,'用户注销','2020-01-15 16:37:20','注销操作',1),
(3189,'用户登录','2020-01-15 16:37:33','登录操作',7),
(3190,'查询商品信息','2020-01-15 16:37:34','查询操作',7),
(3191,'修改密码','2020-01-15 16:37:39','更新操作',7),
(3192,'用户注销','2020-01-15 16:37:41','注销操作',7),
(3193,'用户登录','2020-01-15 16:37:52','登录操作',7),
(3194,'查询商品信息','2020-01-15 16:37:53','查询操作',7),
(3195,'修改密码','2020-01-15 16:37:57','更新操作',7),
(3196,'用户注销','2020-01-15 16:38:00','注销操作',7),
(3197,'用户登录','2020-01-15 16:38:12','登录操作',1),
(3198,'查询商品信息','2020-01-15 16:38:13','查询操作',1),
(3199,'查询角色信息','2020-01-15 16:41:14','查询操作',1),
(3200,'查询角色信息','2020-01-15 16:41:14','查询操作',1),
(3201,'查询用户信息','2020-01-15 16:41:15','查询操作',1),
(3202,'查询用户信息','2020-01-15 16:41:15','查询操作',1),
(3203,'查询商品信息','2020-01-15 16:47:24','查询操作',1),
(3204,'进货单查询','2020-01-15 16:47:29','查询操作',1),
(3205,'进货单查询','2020-01-15 16:47:29','查询操作',1),
(3206,'进货单查询','2020-01-15 16:47:31','查询操作',1),
(3207,'进货单查询','2020-01-15 16:47:32','查询操作',1),
(3208,'进货单查询','2020-01-15 16:47:43','查询操作',1),
(3209,'进货单查询','2020-01-15 16:47:44','查询操作',1),
(3210,'进货单查询','2020-01-15 16:47:44','查询操作',1),
(3211,'进货单查询','2020-01-15 16:47:44','查询操作',1),
(3212,'进货单查询','2020-01-15 16:47:44','查询操作',1),
(3213,'进货单查询','2020-01-15 16:47:45','查询操作',1),
(3214,'进货单查询','2020-01-15 17:05:01','查询操作',1),
(3215,'进货单查询','2020-01-15 17:05:01','查询操作',1),
(3216,'销售单查询','2020-01-15 17:05:07','查询操作',1),
(3217,'销售单查询','2020-01-15 17:05:07','查询操作',1),
(3218,'销售单查询','2020-01-15 17:05:10','查询操作',1),
(3219,'销售单查询','2020-01-15 17:05:14','查询操作',1),
(3220,'销售单查询','2020-01-15 17:05:18','查询操作',1),
(3221,'销售单查询','2020-01-15 17:05:52','查询操作',1),
(3222,'销售单查询','2020-01-15 17:05:52','查询操作',1),
(3223,'用户登录','2020-01-16 01:09:32','登录操作',1),
(3224,'查询商品信息','2020-01-16 01:09:33','查询操作',1),
(3225,'销售单查询','2020-01-16 01:09:42','查询操作',1),
(3226,'销售单查询','2020-01-16 01:09:43','查询操作',1),
(3227,'销售单查询','2020-01-16 01:09:44','查询操作',1),
(3228,'销售单查询','2020-01-16 01:09:44','查询操作',1),
(3229,'销售单查询','2020-01-16 01:09:47','查询操作',1),
(3230,'销售单查询','2020-01-16 01:09:48','查询操作',1),
(3231,'销售单查询','2020-01-16 01:09:48','查询操作',1),
(3232,'销售单查询','2020-01-16 01:09:53','查询操作',1),
(3233,'销售单商品查询','2020-01-16 01:09:55','查询操作',1),
(3234,'销售单查询','2020-01-16 01:09:56','查询操作',1),
(3235,'销售单查询','2020-01-16 01:09:57','查询操作',1),
(3236,'销售单查询','2020-01-16 01:09:57','查询操作',1),
(3237,'销售单查询','2020-01-16 01:09:57','查询操作',1),
(3238,'销售单查询','2020-01-16 01:09:57','查询操作',1),
(3239,'销售单查询','2020-01-16 01:10:01','查询操作',1),
(3240,'销售单查询','2020-01-16 01:10:03','查询操作',1),
(3241,'销售单查询','2020-01-16 01:10:07','查询操作',1),
(3242,'销售单查询','2020-01-16 01:10:09','查询操作',1),
(3243,'销售单查询','2020-01-16 01:12:14','查询操作',1),
(3244,'查询商品信息','2020-01-16 01:12:18','查询操作',1),
(3245,'查询商品信息','2020-01-16 01:12:22','查询操作',1),
(3246,'查询商品信息','2020-01-16 01:12:25','查询操作',1),
(3247,'查询商品库存信息','2020-01-16 01:12:32','查询操作',1),
(3248,'查询商品库存信息','2020-01-16 01:12:32','查询操作',1),
(3249,'查询商品库存信息','2020-01-16 01:12:33','查询操作',1),
(3250,'查询商品库存信息','2020-01-16 01:12:33','查询操作',1),
(3251,'用户登录','2020-01-16 07:51:56','登录操作',1),
(3252,'查询商品信息','2020-01-16 07:51:56','查询操作',1),
(3253,'查询商品信息','2020-01-16 07:52:02','查询操作',1),
(3254,'查询商品信息','2020-01-16 07:52:02','查询操作',1),
(3255,'查询商品信息','2020-01-16 07:52:04','查询操作',1),
(3256,'查询商品信息','2020-01-16 07:52:04','查询操作',1),
(3257,'销售单查询','2020-01-16 07:52:09','查询操作',1),
(3258,'客户退货单查询','2020-01-16 07:52:09','查询操作',1),
(3259,'销售单查询','2020-01-16 07:52:15','查询操作',1),
(3260,'客户退货单查询','2020-01-16 07:52:15','查询操作',1),
(3261,'销售单查询','2020-01-16 07:52:18','查询操作',1),
(3262,'客户退货单查询','2020-01-16 07:52:18','查询操作',1),
(3263,'销售单商品查询','2020-01-16 07:52:20','查询操作',1),
(3264,'销售单商品查询','2020-01-16 07:52:21','查询操作',1),
(3265,'销售单商品查询','2020-01-16 07:52:21','查询操作',1),
(3266,'销售单商品查询','2020-01-16 07:52:22','查询操作',1),
(3267,'销售单商品查询','2020-01-16 07:52:22','查询操作',1),
(3268,'销售单商品查询','2020-01-16 07:52:22','查询操作',1),
(3269,'销售单商品查询','2020-01-16 07:54:06','查询操作',1),
(3270,'销售单商品查询','2020-01-16 07:54:06','查询操作',1),
(3271,'销售单商品查询','2020-01-16 07:54:07','查询操作',1),
(3272,'销售单商品查询','2020-01-16 07:54:07','查询操作',1),
(3273,'销售单商品查询','2020-01-16 07:54:07','查询操作',1),
(3274,'客户退货单商品查询','2020-01-16 07:54:08','查询操作',1),
(3275,'销售单查询','2020-01-16 07:54:09','查询操作',1),
(3276,'客户退货单查询','2020-01-16 07:54:09','查询操作',1),
(3277,'客户退货单查询','2020-01-16 07:54:12','查询操作',1),
(3278,'销售单查询','2020-01-16 07:54:12','查询操作',1),
(3279,'客户退货单查询','2020-01-16 07:54:13','查询操作',1),
(3280,'销售单查询','2020-01-16 07:54:13','查询操作',1),
(3281,'客户退货单查询','2020-01-16 07:54:16','查询操作',1),
(3282,'销售单查询','2020-01-16 07:54:16','查询操作',1),
(3283,'客户退货单查询','2020-01-16 07:54:18','查询操作',1),
(3284,'销售单查询','2020-01-16 07:54:18','查询操作',1),
(3285,'客户退货单查询','2020-01-16 07:54:20','查询操作',1),
(3286,'销售单查询','2020-01-16 07:54:20','查询操作',1),
(3287,'客户退货单查询','2020-01-16 07:54:22','查询操作',1),
(3288,'销售单查询','2020-01-16 07:54:22','查询操作',1),
(3289,'销售单查询','2020-01-16 07:54:25','查询操作',1),
(3290,'客户退货单查询','2020-01-16 07:54:25','查询操作',1),
(3291,'销售单查询','2020-01-16 07:54:28','查询操作',1),
(3292,'客户退货单查询','2020-01-16 07:54:28','查询操作',1),
(3293,'查询商品信息','2020-01-16 07:59:03','查询操作',1),
(3294,'查询商品信息','2020-01-16 07:59:30','查询操作',1),
(3295,'查询商品信息','2020-01-16 07:59:39','查询操作',1),
(3296,'查询供应商信息','2020-01-16 07:59:48','查询操作',1),
(3297,'查询供应商信息','2020-01-16 07:59:48','查询操作',1),
(3298,'查询客户信息','2020-01-16 07:59:52','查询操作',1),
(3299,'查询客户信息','2020-01-16 07:59:52','查询操作',1),
(3300,'查询商品信息','2020-01-16 07:59:53','查询操作',1),
(3301,'查询商品单位信息','2020-01-16 07:59:53','查询操作',1),
(3302,'查询所有商品类别信息','2020-01-16 07:59:53','查询操作',1),
(3303,'查询商品单位信息','2020-01-16 07:59:53','查询操作',1),
(3304,'查询商品信息','2020-01-16 07:59:53','查询操作',1),
(3305,'用户登录','2020-01-17 19:22:25','登录操作',1),
(3306,'查询商品信息','2020-01-17 19:22:26','查询操作',1),
(3307,'查询商品库存信息','2020-01-17 19:22:48','查询操作',1),
(3308,'查询商品库存信息','2020-01-17 19:22:48','查询操作',1),
(3309,'查询商品库存信息','2020-01-17 19:22:50','查询操作',1),
(3310,'查询商品库存信息','2020-01-17 19:22:50','查询操作',1),
(3311,'查询商品信息','2020-01-17 19:23:04','查询操作',1),
(3312,'查询所有商品类别信息','2020-01-17 19:23:08','查询操作',1),
(3313,'查询所有商品类别信息','2020-01-17 19:25:06','查询操作',1),
(3314,'查询商品信息','2020-01-17 19:25:10','查询操作',1),
(3315,'退货单查询','2020-01-17 19:25:22','查询操作',1),
(3316,'退货单商品查询','2020-01-17 19:25:23','查询操作',1),
(3317,'退货单商品查询','2020-01-17 19:25:24','查询操作',1),
(3318,'查询所有商品类别信息','2020-01-17 19:26:19','查询操作',1),
(3319,'查询商品信息','2020-01-17 19:26:23','查询操作',1),
(3320,'查询商品信息','2020-01-17 19:26:26','查询操作',1),
(3321,'查询商品信息','2020-01-17 19:26:28','查询操作',1),
(3322,'客户退货单查询','2020-01-17 19:28:26','查询操作',1),
(3323,'客户退货单商品查询','2020-01-17 19:28:28','查询操作',1),
(3324,'客户退货单商品查询','2020-01-17 19:28:29','查询操作',1),
(3325,'客户退货单商品查询','2020-01-17 19:28:30','查询操作',1),
(3326,'客户退货单商品查询','2020-01-17 19:28:31','查询操作',1),
(3327,'商品采购统计查询','2020-01-17 19:31:44','查询操作',1),
(3328,'商品采购统计查询','2020-01-17 19:31:44','查询操作',1),
(3329,'商品采购统计查询','2020-01-17 19:32:10','查询操作',1),
(3330,'商品采购统计查询','2020-01-17 19:32:10','查询操作',1),
(3331,'商品销售统计查询','2020-01-17 19:32:24','查询操作',1),
(3332,'商品销售统计查询','2020-01-17 19:32:24','查询操作',1),
(3333,'商品销售统计查询','2020-01-17 19:34:35','查询操作',1),
(3334,'商品销售统计查询','2020-01-17 19:34:35','查询操作',1),
(3335,'用户登录','2020-01-17 20:08:28','登录操作',1),
(3336,'查询商品信息','2020-01-17 20:08:28','查询操作',1),
(3337,'商品采购统计查询','2020-01-17 20:08:34','查询操作',1),
(3338,'商品采购统计查询','2020-01-17 20:08:34','查询操作',1),
(3339,'商品销售统计查询','2020-01-17 20:08:48','查询操作',1),
(3340,'商品销售统计查询','2020-01-17 20:08:48','查询操作',1),
(3341,'商品销售统计查询','2020-01-17 20:23:52','查询操作',1),
(3342,'商品销售统计查询','2020-01-17 20:23:52','查询操作',1),
(3343,'商品销售统计查询','2020-01-17 20:24:05','查询操作',1),
(3344,'商品销售统计查询','2020-01-17 20:24:05','查询操作',1),
(3345,'商品销售统计查询','2020-01-17 20:24:29','查询操作',1),
(3346,'商品销售统计查询','2020-01-17 20:24:29','查询操作',1),
(3347,'商品销售统计查询','2020-01-17 20:24:40','查询操作',1),
(3348,'商品销售统计查询','2020-01-17 20:24:40','查询操作',1),
(3349,'商品销售统计查询','2020-01-17 20:25:17','查询操作',1),
(3350,'商品销售统计查询','2020-01-17 20:25:17','查询操作',1),
(3351,'用户登录','2020-01-18 14:03:11','登录操作',1),
(3352,'查询商品信息','2020-01-18 14:03:12','查询操作',1),
(3353,'查询商品库存信息','2020-01-18 14:03:24','查询操作',1),
(3354,'查询商品库存信息','2020-01-18 14:03:24','查询操作',1),
(3355,'进货单查询','2020-01-18 14:08:49','查询操作',1),
(3356,'进货单商品查询','2020-01-18 14:08:51','查询操作',1),
(3357,'进货单商品查询','2020-01-18 14:08:52','查询操作',1),
(3358,'进货单商品查询','2020-01-18 14:08:53','查询操作',1),
(3359,'进货单商品查询','2020-01-18 14:08:53','查询操作',1),
(3360,'进货单商品查询','2020-01-18 14:08:53','查询操作',1),
(3361,'进货单商品查询','2020-01-18 14:08:54','查询操作',1),
(3362,'进货单商品查询','2020-01-18 14:08:54','查询操作',1),
(3363,'用户登录','2020-01-18 18:54:17','登录操作',1),
(3364,'查询商品信息','2020-01-18 18:54:18','查询操作',1),
(3365,'查询客户信息','2020-01-18 18:54:23','查询操作',1),
(3366,'查询客户信息','2020-01-18 18:54:23','查询操作',1),
(3367,'查询所有商品类别信息','2020-01-18 18:54:26','查询操作',1),
(3368,'查询商品单位信息','2020-01-18 18:54:26','查询操作',1),
(3369,'查询商品库存信息','2020-01-18 18:54:26','查询操作',1),
(3370,'查询商品单位信息','2020-01-18 18:54:26','查询操作',1),
(3371,'查询商品库存信息','2020-01-18 18:54:26','查询操作',1),
(3372,'用户登录','2020-01-18 22:19:11','登录操作',1),
(3373,'查询商品信息','2020-01-18 22:19:12','查询操作',1),
(3374,'用户登录','2020-01-19 11:32:51','登录操作',1),
(3375,'查询商品信息','2020-01-19 11:32:52','查询操作',1),
(3376,'查询所有商品类别信息','2020-01-19 11:32:54','查询操作',1),
(3377,'查询商品单位信息','2020-01-19 11:32:54','查询操作',1),
(3378,'查询商品单位信息','2020-01-19 11:32:54','查询操作',1),
(3379,'查询商品库存信息','2020-01-19 11:32:54','查询操作',1),
(3380,'查询商品库存信息','2020-01-19 11:32:54','查询操作',1),
(3381,'查询商品库存信息','2020-01-19 11:33:15','查询操作',1),
(3382,'查询商品库存信息','2020-01-19 11:33:17','查询操作',1),
(3383,'查询商品库存信息','2020-01-19 11:33:17','查询操作',1),
(3384,'查询商品库存信息','2020-01-19 11:33:18','查询操作',1),
(3385,'查询商品库存信息','2020-01-19 11:33:32','查询操作',1),
(3386,'查询商品库存信息','2020-01-19 11:33:33','查询操作',1),
(3387,'查询商品库存信息','2020-01-19 11:33:33','查询操作',1),
(3388,'查询商品库存信息','2020-01-19 11:33:35','查询操作',1),
(3389,'查询商品库存信息','2020-01-19 11:33:35','查询操作',1),
(3390,'查询商品库存信息','2020-01-19 11:33:35','查询操作',1),
(3391,'查询商品库存信息','2020-01-19 11:33:36','查询操作',1),
(3392,'查询商品库存信息','2020-01-19 11:33:37','查询操作',1),
(3393,'查询商品库存信息','2020-01-19 11:33:37','查询操作',1),
(3394,'查询商品库存信息','2020-01-19 11:33:38','查询操作',1),
(3395,'查询商品库存信息','2020-01-19 11:33:38','查询操作',1),
(3396,'查询商品库存信息','2020-01-19 11:33:38','查询操作',1),
(3397,'查询商品库存信息','2020-01-19 11:34:01','查询操作',1),
(3398,'查询商品库存信息','2020-01-19 11:34:05','查询操作',1),
(3399,'查询商品库存信息','2020-01-19 11:37:08','查询操作',1),
(3400,'查询商品库存信息','2020-01-19 11:37:16','查询操作',1),
(3401,'查询商品库存信息','2020-01-19 11:39:31','查询操作',1),
(3402,'查询商品库存信息','2020-01-19 11:39:35','查询操作',1),
(3403,'查询商品库存信息','2020-01-19 11:39:36','查询操作',1),
(3404,'查询商品库存信息','2020-01-19 11:39:37','查询操作',1),
(3405,'查询商品库存信息','2020-01-19 11:39:37','查询操作',1),
(3406,'查询商品库存信息','2020-01-19 11:39:38','查询操作',1),
(3407,'查询商品库存信息','2020-01-19 11:39:39','查询操作',1),
(3408,'查询商品库存信息','2020-01-19 11:39:39','查询操作',1),
(3409,'查询商品库存信息','2020-01-19 11:39:40','查询操作',1),
(3410,'查询商品库存信息','2020-01-19 11:39:40','查询操作',1),
(3411,'查询商品库存信息','2020-01-19 11:39:41','查询操作',1),
(3412,'查询商品库存信息','2020-01-19 11:39:41','查询操作',1),
(3413,'查询商品库存信息','2020-01-19 11:39:42','查询操作',1),
(3414,'查询商品库存信息','2020-01-19 11:39:42','查询操作',1),
(3415,'查询商品信息','2020-01-19 11:50:48','查询操作',1),
(3416,'查询商品信息(无库存)','2020-01-19 11:58:59','查询操作',1),
(3417,'查询商品信息(有库存)','2020-01-19 11:58:59','查询操作',1),
(3418,'查询商品信息(无库存)','2020-01-19 11:58:59','查询操作',1),
(3419,'查询商品信息(有库存)','2020-01-19 11:58:59','查询操作',1),
(3420,'查询商品信息(有库存)','2020-01-19 11:59:06','查询操作',1),
(3421,'查询商品信息(有库存)','2020-01-19 11:59:07','查询操作',1),
(3422,'用户登录','2020-01-20 00:36:14','登录操作',1),
(3423,'查询商品信息','2020-01-20 00:36:15','查询操作',1),
(3424,'商品采购统计查询','2020-01-20 00:36:23','查询操作',1),
(3425,'商品采购统计查询','2020-01-20 00:36:23','查询操作',1),
(3426,'商品销售统计查询','2020-01-20 00:36:58','查询操作',1),
(3427,'商品销售统计查询','2020-01-20 00:36:58','查询操作',1),
(3428,'商品销售统计查询','2020-01-20 00:37:11','查询操作',1),
(3429,'商品销售统计查询','2020-01-20 00:37:11','查询操作',1),
(3430,'商品销售统计查询','2020-01-20 00:37:14','查询操作',1),
(3431,'商品销售统计查询','2020-01-20 00:37:14','查询操作',1),
(3432,'商品销售统计查询','2020-01-20 00:37:17','查询操作',1),
(3433,'商品销售统计查询','2020-01-20 00:37:17','查询操作',1),
(3434,'查询所有商品类别信息','2020-01-20 00:37:26','查询操作',1),
(3435,'用户登录','2020-01-21 19:36:19','登录操作',1),
(3436,'查询商品信息','2020-01-21 19:36:20','查询操作',1),
(3437,'查询商品库存信息','2020-01-21 19:36:22','查询操作',1),
(3438,'查询商品库存信息','2020-01-21 19:36:22','查询操作',1),
(3439,'查询所有商品类别信息','2020-01-21 19:36:31','查询操作',1),
(3440,'查询商品库存信息','2020-01-21 19:36:39','查询操作',1),
(3441,'查询商品库存信息','2020-01-21 19:36:40','查询操作',1),
(3442,'查询商品库存信息','2020-01-21 19:36:40','查询操作',1),
(3443,'查询商品库存信息','2020-01-21 19:36:41','查询操作',1),
(3444,'查询所有商品类别信息','2020-01-21 19:36:49','查询操作',1),
(3445,'查询商品库存信息','2020-01-21 19:37:07','查询操作',1),
(3446,'查询商品库存信息','2020-01-21 19:37:07','查询操作',1),
(3447,'报损单查询','2020-01-21 19:37:10','查询操作',1),
(3448,'报损单商品查询','2020-01-21 19:37:17','查询操作',1),
(3449,'报损单商品查询','2020-01-21 19:37:18','查询操作',1),
(3450,'报损单商品查询','2020-01-21 19:37:19','查询操作',1),
(3451,'报损单商品查询','2020-01-21 19:37:20','查询操作',1),
(3452,'退货单查询','2020-01-21 19:37:25','查询操作',1),
(3453,'进货单查询','2020-01-21 19:37:25','查询操作',1),
(3454,'用户登录','2020-01-22 00:55:39','登录操作',1),
(3455,'查询商品信息','2020-01-22 00:55:40','查询操作',1),
(3456,'商品采购统计查询','2020-01-22 00:55:44','查询操作',1),
(3457,'商品采购统计查询','2020-01-22 00:55:44','查询操作',1),
(3458,'查询所有商品类别信息','2020-01-22 00:56:16','查询操作',1),
(3459,'商品采购统计查询','2020-01-22 00:56:20','查询操作',1),
(3460,'商品采购统计查询','2020-01-22 00:56:20','查询操作',1),
(3461,'查询所有商品类别信息','2020-01-22 00:56:21','查询操作',1),
(3462,'商品采购统计查询','2020-01-22 00:56:25','查询操作',1),
(3463,'商品采购统计查询','2020-01-22 00:56:25','查询操作',1),
(3464,'商品采购统计查询','2020-01-22 00:56:26','查询操作',1),
(3465,'商品采购统计查询','2020-01-22 00:56:26','查询操作',1),
(3466,'查询所有商品类别信息','2020-01-22 00:56:26','查询操作',1),
(3467,'商品采购统计查询','2020-01-22 00:56:32','查询操作',1),
(3468,'商品采购统计查询','2020-01-22 00:56:32','查询操作',1),
(3469,'商品采购统计查询','2020-01-22 00:56:32','查询操作',1),
(3470,'商品采购统计查询','2020-01-22 00:56:32','查询操作',1),
(3471,'商品采购统计查询','2020-01-22 00:56:37','查询操作',1),
(3472,'商品采购统计查询','2020-01-22 00:56:37','查询操作',1),
(3473,'商品采购统计查询','2020-01-22 00:56:41','查询操作',1),
(3474,'商品采购统计查询','2020-01-22 00:56:41','查询操作',1),
(3475,'商品采购统计查询','2020-01-22 00:56:50','查询操作',1),
(3476,'商品采购统计查询','2020-01-22 00:56:50','查询操作',1),
(3477,'用户登录','2020-01-22 14:36:53','登录操作',1),
(3478,'查询商品信息','2020-01-22 14:36:54','查询操作',1),
(3479,'查询商品库存信息','2020-01-22 14:39:41','查询操作',1),
(3480,'查询商品库存信息','2020-01-22 14:39:41','查询操作',1),
(3481,'查询所有商品类别信息','2020-01-22 14:39:46','查询操作',1),
(3482,'添加销售单','2020-01-22 14:39:54','添加操作',1),
(3483,'查询商品库存信息','2020-01-22 14:39:55','查询操作',1),
(3484,'查询商品库存信息','2020-01-22 14:39:55','查询操作',1),
(3485,'查询所有商品类别信息','2020-01-22 14:40:14','查询操作',1),
(3486,'添加销售单','2020-01-22 14:40:20','添加操作',1),
(3487,'查询商品库存信息','2020-01-22 14:40:22','查询操作',1),
(3488,'查询商品库存信息','2020-01-22 14:40:22','查询操作',1),
(3489,'查询所有商品类别信息','2020-01-22 14:41:09','查询操作',1),
(3490,'添加销售单','2020-01-22 14:41:19','添加操作',1),
(3491,'查询商品库存信息','2020-01-22 14:41:20','查询操作',1),
(3492,'查询商品库存信息','2020-01-22 14:41:20','查询操作',1),
(3493,'用户登录','2020-01-22 23:54:23','登录操作',1),
(3494,'查询商品信息','2020-01-22 23:54:24','查询操作',1),
(3495,'用户登录','2020-01-23 21:03:01','登录操作',1),
(3496,'查询商品信息','2020-01-23 21:03:02','查询操作',1),
(3497,'用户登录','2020-10-11 03:17:57','登录操作',1),
(3498,'查询商品信息','2020-10-11 03:17:58','查询操作',1),
(3499,'查询商品信息','2020-10-11 03:24:07','查询操作',1),
(3500,'退货单查询','2020-10-11 03:26:20','查询操作',1),
(3501,'进货单查询','2020-10-11 03:26:20','查询操作',1),
(3502,'退货单查询','2020-10-11 03:26:34','查询操作',1),
(3503,'进货单查询','2020-10-11 03:26:34','查询操作',1),
(3504,'进货单商品查询','2020-10-11 03:26:35','查询操作',1),
(3505,'进货单商品查询','2020-10-11 03:26:40','查询操作',1),
(3506,'进货单商品查询','2020-10-11 03:26:40','查询操作',1),
(3507,'进货单商品查询','2020-10-11 03:26:42','查询操作',1),
(3508,'进货单商品查询','2020-10-11 03:26:42','查询操作',1),
(3509,'查询角色信息','2020-10-11 03:30:18','查询操作',1),
(3510,'查询角色信息','2020-10-11 03:30:18','查询操作',1),
(3511,'查询商品信息','2020-10-11 03:31:26','查询操作',1),
(3512,'查询商品信息','2020-10-11 03:31:27','查询操作',1),
(3513,'查询所有商品类别信息','2020-10-11 03:31:29','查询操作',1),
(3514,'查询商品信息','2020-10-11 03:34:00','查询操作',1),
(3515,'查询商品信息','2020-10-11 03:34:00','查询操作',1),
(3516,'查询所有商品类别信息','2020-10-11 03:34:01','查询操作',1),
(3517,'进货单查询','2020-10-11 03:35:31','查询操作',1),
(3518,'进货单查询','2020-10-11 03:35:31','查询操作',1),
(3519,'进货单商品查询','2020-10-11 03:35:32','查询操作',1),
(3520,'进货单商品查询','2020-10-11 03:35:34','查询操作',1),
(3521,'退货单查询','2020-10-11 03:36:19','查询操作',1),
(3522,'退货单查询','2020-10-11 03:36:19','查询操作',1),
(3523,'退货单商品查询','2020-10-11 03:36:20','查询操作',1),
(3524,'退货单商品查询','2020-10-11 03:36:23','查询操作',1),
(3525,'查询商品信息','2020-10-11 03:36:33','查询操作',1),
(3526,'查询商品信息','2020-10-11 03:37:55','查询操作',1),
(3527,'查询商品信息','2020-10-11 03:37:55','查询操作',1),
(3528,'查询所有商品类别信息','2020-10-11 03:37:57','查询操作',1),
(3529,'查询商品信息','2020-10-11 03:38:36','查询操作',1),
(3530,'查询商品信息','2020-10-11 03:38:36','查询操作',1),
(3531,'查询所有商品类别信息','2020-10-11 03:38:38','查询操作',1),
(3532,'销售单查询','2020-10-11 03:39:05','查询操作',1),
(3533,'销售单查询','2020-10-11 03:39:05','查询操作',1),
(3534,'销售单商品查询','2020-10-11 03:39:06','查询操作',1),
(3535,'销售单商品查询','2020-10-11 03:39:08','查询操作',1),
(3536,'客户退货单查询','2020-10-11 03:39:41','查询操作',1),
(3537,'客户退货单查询','2020-10-11 03:39:41','查询操作',1),
(3538,'客户退货单商品查询','2020-10-11 03:39:42','查询操作',1),
(3539,'客户退货单商品查询','2020-10-11 03:39:45','查询操作',1),
(3540,'查询商品信息','2020-10-11 03:40:22','查询操作',1),
(3541,'查询商品信息','2020-10-11 03:40:22','查询操作',1),
(3542,'查询所有商品类别信息','2020-10-11 03:40:25','查询操作',1),
(3543,'查询商品信息','2020-10-11 03:40:40','查询操作',1),
(3544,'查询商品信息','2020-10-11 03:40:40','查询操作',1),
(3545,'查询所有商品类别信息','2020-10-11 03:41:21','查询操作',1),
(3546,'查询库存报警商品信息','2020-10-11 03:41:59','查询操作',1),
(3547,'商品报损单查询','2020-10-11 03:42:51','查询操作',1),
(3548,'商品报损单查询','2020-10-11 03:42:51','查询操作',1),
(3549,'商品报损单查询','2020-10-11 03:42:56','查询操作',1),
(3550,'商品报损单商品查询','2020-10-11 03:42:57','查询操作',1),
(3551,'商品报损单商品查询','2020-10-11 03:42:58','查询操作',1),
(3552,'退货单查询','2020-10-11 03:43:37','查询操作',1),
(3553,'进货单查询','2020-10-11 03:43:37','查询操作',1),
(3554,'退货单商品查询','2020-10-11 03:43:38','查询操作',1),
(3555,'进货单商品查询','2020-10-11 03:43:39','查询操作',1),
(3556,'进货单商品查询','2020-10-11 03:43:39','查询操作',1),
(3557,'销售单查询','2020-10-11 03:44:15','查询操作',1),
(3558,'客户退货单查询','2020-10-11 03:44:15','查询操作',1),
(3559,'销售单商品查询','2020-10-11 03:44:16','查询操作',1),
(3560,'销售单商品查询','2020-10-11 03:44:18','查询操作',1),
(3561,'销售单商品查询','2020-10-11 03:44:18','查询操作',1),
(3562,'销售单商品查询','2020-10-11 03:44:19','查询操作',1),
(3563,'客户退货单商品查询','2020-10-11 03:44:19','查询操作',1),
(3564,'销售单商品查询','2020-10-11 03:44:20','查询操作',1),
(3565,'销售单商品查询','2020-10-11 03:44:21','查询操作',1),
(3566,'销售单商品查询','2020-10-11 03:44:21','查询操作',1),
(3567,'销售单商品查询','2020-10-11 03:44:21','查询操作',1),
(3568,'查询供应商信息','2020-10-11 03:45:20','查询操作',1),
(3569,'查询供应商信息','2020-10-11 03:45:20','查询操作',1),
(3570,'查询客户信息','2020-10-11 03:45:21','查询操作',1),
(3571,'查询客户信息','2020-10-11 03:45:21','查询操作',1),
(3572,'查询商品信息','2020-10-11 03:45:22','查询操作',1),
(3573,'查询商品单位信息','2020-10-11 03:45:22','查询操作',1),
(3574,'查询所有商品类别信息','2020-10-11 03:45:22','查询操作',1),
(3575,'查询商品单位信息','2020-10-11 03:45:22','查询操作',1),
(3576,'查询商品信息','2020-10-11 03:45:22','查询操作',1),
(3577,'查询商品信息(无库存)','2020-10-11 03:45:24','查询操作',1),
(3578,'查询商品信息(有库存)','2020-10-11 03:45:24','查询操作',1),
(3579,'查询商品信息(无库存)','2020-10-11 03:45:24','查询操作',1),
(3580,'查询商品信息(有库存)','2020-10-11 03:45:24','查询操作',1),
(3581,'用户登录','2020-10-11 10:48:25','登录操作',1),
(3582,'查询商品信息','2020-10-11 10:48:26','查询操作',1),
(3583,'用户登录','2020-10-11 15:45:11','登录操作',1),
(3584,'查询商品信息','2020-10-11 15:45:12','查询操作',1),
(3585,'查询供应商信息','2020-10-11 15:45:16','查询操作',1),
(3586,'查询供应商信息','2020-10-11 15:45:16','查询操作',1),
(3587,'查询客户信息','2020-10-11 15:45:18','查询操作',1),
(3588,'查询客户信息','2020-10-11 15:45:19','查询操作',1),
(3589,'查询商品信息','2020-10-11 15:45:20','查询操作',1),
(3590,'查询商品单位信息','2020-10-11 15:45:20','查询操作',1),
(3591,'查询商品单位信息','2020-10-11 15:45:20','查询操作',1),
(3592,'查询所有商品类别信息','2020-10-11 15:45:20','查询操作',1),
(3593,'查询商品信息','2020-10-11 15:45:20','查询操作',1),
(3594,'查询商品信息(无库存)','2020-10-11 15:45:21','查询操作',1),
(3595,'查询商品信息(有库存)','2020-10-11 15:45:21','查询操作',1),
(3596,'查询商品信息(无库存)','2020-10-11 15:45:21','查询操作',1),
(3597,'查询商品信息(有库存)','2020-10-11 15:45:21','查询操作',1),
(3598,'查询角色信息','2020-10-11 15:45:23','查询操作',1),
(3599,'查询角色信息','2020-10-11 15:45:23','查询操作',1),
(3600,'查询用户信息','2020-10-11 15:45:23','查询操作',1),
(3601,'查询用户信息','2020-10-11 15:45:23','查询操作',1),
(3602,'查询所有用户信息','2020-10-11 15:45:25','查询操作',1),
(3603,'进货单查询','2020-10-11 15:45:51','查询操作',1),
(3604,'退货单查询','2020-10-11 15:45:51','查询操作',1),
(3605,'进货单查询','2020-10-11 15:45:57','查询操作',1),
(3606,'退货单查询','2020-10-11 15:45:57','查询操作',1),
(3607,'查询所有商品类别信息','2020-10-11 15:47:33','查询操作',1),
(3608,'查询商品信息(无库存)','2020-10-11 16:01:38','查询操作',1),
(3609,'查询商品信息(无库存)','2020-10-11 16:01:40','查询操作',1),
(3610,'用户登录','2020-10-14 12:06:23','登录操作',1),
(3611,'查询商品信息','2020-10-14 12:06:24','查询操作',1),
(3612,'退货单查询','2020-10-14 12:06:33','查询操作',1),
(3613,'进货单查询','2020-10-14 12:06:33','查询操作',1),
(3614,'退货单商品查询','2020-10-14 12:06:34','查询操作',1),
(3615,'用户登录','2020-10-14 13:59:56','登录操作',1),
(3616,'查询商品信息','2020-10-14 13:59:56','查询操作',1),
(3617,'商品采购统计查询','2020-10-14 14:00:07','查询操作',1),
(3618,'商品采购统计查询','2020-10-14 14:00:08','查询操作',1),
(3619,'商品采购统计查询','2020-10-14 14:00:09','查询操作',1),
(3620,'商品采购统计查询','2020-10-14 14:00:09','查询操作',1),
(3621,'商品采购统计查询','2020-10-14 14:00:10','查询操作',1),
(3622,'查询所有商品类别信息','2020-10-14 14:00:17','查询操作',1),
(3623,'商品采购统计查询','2020-10-14 14:00:26','查询操作',1),
(3624,'商品采购统计查询','2020-10-14 14:00:30','查询操作',1),
(3625,'商品采购统计查询','2020-10-14 14:00:34','查询操作',1),
(3626,'查询商品信息','2020-10-14 14:05:17','查询操作',1),
(3627,'查询所有商品类别信息','2020-10-14 14:05:23','查询操作',1),
(3628,'查询商品信息','2020-10-14 14:07:35','查询操作',1),
(3629,'商品采购统计查询','2020-10-14 14:08:01','查询操作',1),
(3630,'查询所有商品类别信息','2020-10-14 14:08:05','查询操作',1),
(3631,'商品采购统计查询','2020-10-14 14:08:42','查询操作',1),
(3632,'商品采购统计查询','2020-10-14 14:11:46','查询操作',1),
(3633,'查询商品信息','2020-10-14 14:12:01','查询操作',1),
(3634,'商品采购统计查询','2020-10-14 14:12:08','查询操作',1),
(3635,'查询所有商品类别信息','2020-10-14 14:12:09','查询操作',1),
(3636,'商品采购统计查询','2020-10-14 14:12:13','查询操作',1),
(3637,'商品采购统计查询','2020-10-14 14:12:14','查询操作',1),
(3638,'查询商品信息','2020-10-14 14:12:38','查询操作',1),
(3639,'查询所有商品类别信息','2020-10-14 14:12:46','查询操作',1),
(3640,'查询商品信息','2020-10-14 14:12:52','查询操作',1),
(3641,'查询商品信息','2020-10-14 14:14:37','查询操作',1),
(3642,'商品采购统计查询','2020-10-14 14:14:51','查询操作',1),
(3643,'查询所有商品类别信息','2020-10-14 14:14:53','查询操作',1),
(3644,'商品采购统计查询','2020-10-14 14:15:16','查询操作',1),
(3645,'查询商品信息','2020-10-14 14:15:45','查询操作',1),
(3646,'商品采购统计查询','2020-10-14 14:15:53','查询操作',1),
(3647,'查询所有商品类别信息','2020-10-14 14:15:55','查询操作',1),
(3648,'查询所有商品类别信息','2020-10-14 14:16:02','查询操作',1),
(3649,'查询商品信息','2020-10-14 14:17:22','查询操作',1),
(3650,'查询商品信息','2020-10-14 14:17:29','查询操作',1),
(3651,'商品采购统计查询','2020-10-14 14:17:35','查询操作',1),
(3652,'查询所有商品类别信息','2020-10-14 14:17:36','查询操作',1),
(3653,'商品采购统计查询','2020-10-14 14:18:35','查询操作',1),
(3654,'查询所有商品类别信息','2020-10-14 14:18:36','查询操作',1),
(3655,'商品采购统计查询','2020-10-14 14:18:40','查询操作',1),
(3656,'商品采购统计查询','2020-10-14 14:18:44','查询操作',1),
(3657,'商品采购统计查询','2020-10-14 14:18:55','查询操作',1),
(3658,'商品采购统计查询','2020-10-14 14:18:57','查询操作',1),
(3659,'商品采购统计查询','2020-10-14 14:19:45','查询操作',1),
(3660,'查询所有商品类别信息','2020-10-14 14:19:46','查询操作',1),
(3661,'商品采购统计查询','2020-10-14 14:19:49','查询操作',1),
(3662,'商品采购统计查询','2020-10-14 14:19:57','查询操作',1),
(3663,'商品采购统计查询','2020-10-14 14:20:07','查询操作',1),
(3664,'商品采购统计查询','2020-10-14 14:20:30','查询操作',1),
(3665,'查询所有商品类别信息','2020-10-14 14:20:34','查询操作',1),
(3666,'商品采购统计查询','2020-10-14 14:22:33','查询操作',1),
(3667,'查询商品信息','2020-10-14 14:22:42','查询操作',1),
(3668,'商品采购统计查询','2020-10-14 14:23:49','查询操作',1),
(3669,'查询所有商品类别信息','2020-10-14 14:23:50','查询操作',1),
(3670,'商品采购统计查询','2020-10-14 14:23:52','查询操作',1),
(3671,'商品采购统计查询','2020-10-14 14:23:56','查询操作',1),
(3672,'查询所有商品类别信息','2020-10-14 14:24:09','查询操作',1),
(3673,'商品采购统计查询','2020-10-14 14:24:20','查询操作',1),
(3674,'商品采购统计查询','2020-10-14 14:24:46','查询操作',1),
(3675,'商品采购统计查询','2020-10-14 14:24:49','查询操作',1),
(3676,'商品采购统计查询','2020-10-14 14:24:54','查询操作',1),
(3677,'商品采购统计查询','2020-10-14 14:24:58','查询操作',1),
(3678,'商品采购统计查询','2020-10-14 14:25:01','查询操作',1),
(3679,'商品采购统计查询','2020-10-14 14:25:07','查询操作',1),
(3680,'商品采购统计查询','2020-10-14 14:25:10','查询操作',1),
(3681,'商品采购统计查询','2020-10-14 14:25:31','查询操作',1),
(3682,'商品采购统计查询','2020-10-14 14:45:03','查询操作',1),
(3683,'商品采购统计查询','2020-10-14 14:45:07','查询操作',1),
(3684,'用户登录','2020-10-14 15:51:18','登录操作',1),
(3685,'查询商品信息','2020-10-14 15:51:19','查询操作',1),
(3686,'查询商品信息','2020-10-14 16:02:23','查询操作',1),
(3687,'商品采购统计查询','2020-10-14 16:02:31','查询操作',1),
(3688,'商品采购统计查询','2020-10-14 16:02:31','查询操作',1),
(3689,'商品采购统计查询','2020-10-14 16:02:43','查询操作',1),
(3690,'商品采购统计查询','2020-10-14 16:02:43','查询操作',1),
(3691,'商品采购统计查询','2020-10-14 16:02:46','查询操作',1),
(3692,'商品采购统计查询','2020-10-14 16:02:46','查询操作',1),
(3693,'查询所有商品类别信息','2020-10-14 16:02:50','查询操作',1),
(3694,'商品采购统计查询','2020-10-14 16:02:54','查询操作',1),
(3695,'商品采购统计查询','2020-10-14 16:02:54','查询操作',1),
(3696,'查询所有商品类别信息','2020-10-14 16:02:57','查询操作',1),
(3697,'商品采购统计查询','2020-10-14 16:02:59','查询操作',1),
(3698,'商品采购统计查询','2020-10-14 16:02:59','查询操作',1),
(3699,'商品采购统计查询','2020-10-14 16:03:30','查询操作',1),
(3700,'商品采购统计查询','2020-10-14 16:03:30','查询操作',1),
(3701,'查询商品信息','2020-10-14 16:08:20','查询操作',1),
(3702,'查询所有商品类别信息','2020-10-14 16:08:24','查询操作',1),
(3703,'查询商品信息','2020-10-14 16:23:24','查询操作',1),
(3704,'商品采购统计查询','2020-10-14 16:23:32','查询操作',1),
(3705,'商品采购统计查询','2020-10-14 16:23:34','查询操作',1),
(3706,'查询所有商品类别信息','2020-10-14 16:23:39','查询操作',1),
(3707,'商品采购统计查询','2020-10-14 16:23:50','查询操作',1),
(3708,'查询所有商品类别信息','2020-10-14 16:23:52','查询操作',1),
(3709,'商品采购统计查询','2020-10-14 16:23:55','查询操作',1),
(3710,'商品采购统计查询','2020-10-14 16:23:57','查询操作',1),
(3711,'商品采购统计查询','2020-10-14 16:24:03','查询操作',1),
(3712,'商品采购统计查询','2020-10-14 16:24:06','查询操作',1),
(3713,'商品采购统计查询','2020-10-14 16:24:09','查询操作',1),
(3714,'商品采购统计查询','2020-10-14 16:24:09','查询操作',1),
(3715,'商品采购统计查询','2020-10-14 16:24:11','查询操作',1),
(3716,'商品采购统计查询','2020-10-14 16:24:17','查询操作',1),
(3717,'商品采购统计查询','2020-10-14 16:24:20','查询操作',1),
(3718,'商品采购统计查询','2020-10-14 16:24:24','查询操作',1),
(3719,'商品采购统计查询','2020-10-14 16:24:27','查询操作',1),
(3720,'商品采购统计查询','2020-10-14 16:24:29','查询操作',1),
(3721,'商品采购统计查询','2020-10-14 16:24:32','查询操作',1),
(3722,'商品采购统计查询','2020-10-14 16:24:34','查询操作',1),
(3723,'商品采购统计查询','2020-10-14 16:24:49','查询操作',1),
(3724,'商品采购统计查询','2020-10-14 16:25:42','查询操作',1),
(3725,'商品采购统计查询','2020-10-14 16:25:42','查询操作',1),
(3726,'商品采购统计查询','2020-10-14 16:29:45','查询操作',1),
(3727,'商品采购统计查询','2020-10-14 16:29:45','查询操作',1),
(3728,'商品采购统计查询','2020-10-14 16:29:58','查询操作',1),
(3729,'商品采购统计查询','2020-10-14 16:33:28','查询操作',1),
(3730,'商品采购统计查询','2020-10-14 16:33:28','查询操作',1),
(3731,'商品采购统计查询','2020-10-14 16:44:52','查询操作',1),
(3732,'商品采购统计查询','2020-10-14 16:44:52','查询操作',1),
(3733,'查询商品信息','2020-10-14 16:48:09','查询操作',1),
(3734,'查询商品信息','2020-10-14 16:48:09','查询操作',1),
(3735,'进货单查询','2020-10-14 16:48:10','查询操作',1),
(3736,'进货单查询','2020-10-14 16:48:10','查询操作',1),
(3737,'退货单查询','2020-10-14 16:48:11','查询操作',1),
(3738,'退货单查询','2020-10-14 16:48:11','查询操作',1),
(3739,'进货单商品查询','2020-10-14 16:48:20','查询操作',1),
(3740,'删除进货单信息--{编号=25, 进货单号=\'JH202001150001\', 供应商=上海福桂食品有限公司, 应付金额=6000.0, 实付金额=6000.0}','2020-10-14 16:48:26','删除操作',1),
(3741,'进货单商品查询','2020-10-14 16:48:26','查询操作',1),
(3742,'进货单查询','2020-10-14 16:48:26','查询操作',1),
(3743,'商品采购统计查询','2020-10-14 16:48:34','查询操作',1),
(3744,'商品采购统计查询','2020-10-14 16:48:34','查询操作',1),
(3745,'进货单商品查询','2020-10-14 16:48:42','查询操作',1),
(3746,'删除进货单信息--{编号=24, 进货单号=\'JH202001150001\', 供应商=上海福桂食品有限公司, 应付金额=4400.0, 实付金额=4400.0}','2020-10-14 16:48:45','删除操作',1),
(3747,'进货单商品查询','2020-10-14 16:48:45','查询操作',1),
(3748,'进货单查询','2020-10-14 16:48:45','查询操作',1),
(3749,'进货单商品查询','2020-10-14 16:48:46','查询操作',1),
(3750,'删除进货单信息--{编号=17, 进货单号=\'JH202001140003\', 供应商=上海福桂食品有限公司, 应付金额=76000.0, 实付金额=76000.0}','2020-10-14 16:48:48','删除操作',1),
(3751,'进货单商品查询','2020-10-14 16:48:48','查询操作',1),
(3752,'进货单查询','2020-10-14 16:48:48','查询操作',1),
(3753,'进货单商品查询','2020-10-14 16:48:49','查询操作',1),
(3754,'删除进货单信息--{编号=16, 进货单号=\'JH202001140002\', 供应商=福建省晋江市罗山惠康食品有限公司, 应付金额=1006.0, 实付金额=1006.0}','2020-10-14 16:48:50','删除操作',1),
(3755,'进货单商品查询','2020-10-14 16:48:51','查询操作',1),
(3756,'进货单查询','2020-10-14 16:48:51','查询操作',1),
(3757,'查询所有商品类别信息','2020-10-14 16:49:21','查询操作',1),
(3758,'添加进货单','2020-10-14 16:49:44','添加操作',1),
(3759,'查询商品信息','2020-10-14 16:49:46','查询操作',1),
(3760,'查询商品信息','2020-10-14 16:49:46','查询操作',1),
(3761,'进货单查询','2020-10-14 16:49:52','查询操作',1),
(3762,'进货单商品查询','2020-10-14 16:49:53','查询操作',1),
(3763,'商品采购统计查询','2020-10-14 16:49:58','查询操作',1),
(3764,'商品采购统计查询','2020-10-14 16:49:58','查询操作',1),
(3765,'退货单商品查询','2020-10-14 16:50:23','查询操作',1),
(3766,'退货单商品查询','2020-10-14 16:50:25','查询操作',1),
(3767,'退货单商品查询','2020-10-14 16:50:26','查询操作',1),
(3768,'退货单商品查询','2020-10-14 16:50:27','查询操作',1),
(3769,'删除退货单信息--{编号=2, 退货单号=\'TH202001140002\', 供应商=--{编号=1, 名称=\'上海福桂食品有限公司\', 联系人=\'小张\', 联系电话=\'0773-7217175\'}, 应付金额=850.0, 实付金额=800.0}','2020-10-14 16:50:29','删除操作',1),
(3770,'退货单商品查询','2020-10-14 16:50:29','查询操作',1),
(3771,'退货单查询','2020-10-14 16:50:29','查询操作',1),
(3772,'退货单商品查询','2020-10-14 16:50:30','查询操作',1),
(3773,'删除退货单信息--{编号=1, 退货单号=\'TH202001140001\', 供应商=--{编号=1, 名称=\'上海福桂食品有限公司\', 联系人=\'小张\', 联系电话=\'0773-7217175\'}, 应付金额=1200.0, 实付金额=1200.0}','2020-10-14 16:50:32','删除操作',1),
(3774,'退货单商品查询','2020-10-14 16:50:32','查询操作',1),
(3775,'退货单查询','2020-10-14 16:50:32','查询操作',1),
(3776,'商品采购统计查询','2020-10-14 16:50:38','查询操作',1),
(3777,'商品采购统计查询','2020-10-14 16:50:38','查询操作',1),
(3778,'查询商品信息','2020-10-14 16:50:44','查询操作',1),
(3779,'查询商品信息','2020-10-14 16:50:44','查询操作',1),
(3780,'查询所有商品类别信息','2020-10-14 16:50:50','查询操作',1),
(3781,'添加退货单','2020-10-14 16:50:57','添加操作',1),
(3782,'查询商品信息','2020-10-14 16:50:59','查询操作',1),
(3783,'查询商品信息','2020-10-14 16:50:59','查询操作',1),
(3784,'商品采购统计查询','2020-10-14 16:51:01','查询操作',1),
(3785,'商品采购统计查询','2020-10-14 16:51:01','查询操作',1),
(3786,'销售单查询','2020-10-14 16:51:07','查询操作',1),
(3787,'销售单查询','2020-10-14 16:51:07','查询操作',1),
(3788,'销售单商品查询','2020-10-14 16:51:10','查询操作',1),
(3789,'删除销售单信息--{编号=3, 销售单号=\'XS202001150001\', 客户=福州艾玛超市, 应付金额=6600.0, 实付金额=6600.0}','2020-10-14 16:51:12','删除操作',1),
(3790,'销售单商品查询','2020-10-14 16:51:12','查询操作',1),
(3791,'销售单查询','2020-10-14 16:51:12','查询操作',1),
(3792,'销售单商品查询','2020-10-14 16:51:12','查询操作',1),
(3793,'删除销售单信息--{编号=4, 销售单号=\'XS202001150002\', 客户=大凉山希望小学, 应付金额=5800.0, 实付金额=5800.0}','2020-10-14 16:51:14','删除操作',1),
(3794,'销售单商品查询','2020-10-14 16:51:14','查询操作',1),
(3795,'销售单查询','2020-10-14 16:51:14','查询操作',1),
(3796,'销售单商品查询','2020-10-14 16:51:15','查询操作',1),
(3797,'删除销售单信息--{编号=6, 销售单号=\'XS202001150004\', 客户=福州艾玛超市, 应付金额=4000.0, 实付金额=4000.0}','2020-10-14 16:51:17','删除操作',1),
(3798,'销售单商品查询','2020-10-14 16:51:17','查询操作',1),
(3799,'销售单查询','2020-10-14 16:51:17','查询操作',1),
(3800,'销售单商品查询','2020-10-14 16:51:17','查询操作',1),
(3801,'删除销售单信息--{编号=7, 销售单号=\'XS202001150005\', 客户=福州艾玛超市, 应付金额=38000.0, 实付金额=38000.0}','2020-10-14 16:51:19','删除操作',1),
(3802,'销售单商品查询','2020-10-14 16:51:19','查询操作',1),
(3803,'销售单查询','2020-10-14 16:51:19','查询操作',1),
(3804,'销售单商品查询','2020-10-14 16:51:20','查询操作',1),
(3805,'删除销售单信息--{编号=8, 销售单号=\'XS202001150006\', 客户=大凉山希望小学, 应付金额=38000.0, 实付金额=38000.0}','2020-10-14 16:51:22','删除操作',1),
(3806,'销售单商品查询','2020-10-14 16:51:23','查询操作',1),
(3807,'销售单查询','2020-10-14 16:51:23','查询操作',1),
(3808,'销售单商品查询','2020-10-14 16:51:23','查询操作',1),
(3809,'销售单商品查询','2020-10-14 16:51:23','查询操作',1),
(3810,'删除销售单信息--{编号=9, 销售单号=\'XS202001220001\', 客户=福州艾玛超市, 应付金额=3800.0, 实付金额=3800.0}','2020-10-14 16:51:25','删除操作',1),
(3811,'销售单商品查询','2020-10-14 16:51:25','查询操作',1),
(3812,'销售单查询','2020-10-14 16:51:25','查询操作',1),
(3813,'销售单商品查询','2020-10-14 16:51:26','查询操作',1),
(3814,'删除销售单信息--{编号=10, 销售单号=\'XS202001220002\', 客户=福州艾玛超市, 应付金额=3800.0, 实付金额=3800.0}','2020-10-14 16:51:28','删除操作',1),
(3815,'销售单商品查询','2020-10-14 16:51:29','查询操作',1),
(3816,'销售单查询','2020-10-14 16:51:29','查询操作',1),
(3817,'销售单商品查询','2020-10-14 16:51:29','查询操作',1),
(3818,'删除销售单信息--{编号=11, 销售单号=\'XS202001220002\', 客户=大凉山希望小学, 应付金额=4950.0, 实付金额=4950.0}','2020-10-14 16:51:32','删除操作',1),
(3819,'销售单商品查询','2020-10-14 16:51:33','查询操作',1),
(3820,'销售单查询','2020-10-14 16:51:33','查询操作',1),
(3821,'商品采购统计查询','2020-10-14 16:51:37','查询操作',1),
(3822,'商品采购统计查询','2020-10-14 16:51:44','查询操作',1),
(3823,'商品采购统计查询','2020-10-14 16:51:45','查询操作',1),
(3824,'商品采购统计查询','2020-10-14 16:51:48','查询操作',1),
(3825,'商品采购统计查询','2020-10-14 16:51:48','查询操作',1),
(3826,'客户退货单查询','2020-10-14 16:51:50','查询操作',1),
(3827,'客户退货单查询','2020-10-14 16:51:50','查询操作',1),
(3828,'客户退货单商品查询','2020-10-14 16:51:51','查询操作',1),
(3829,'删除客户退货单信息：--{编号=3, 客户退货单号=\'XT202001150001\', 客户=大凉山希望小学, 应付金额=3800.0, 实付金额=3800.0}','2020-10-14 16:51:54','删除操作',1),
(3830,'客户退货单商品查询','2020-10-14 16:51:54','查询操作',1),
(3831,'客户退货单查询','2020-10-14 16:51:54','查询操作',1),
(3832,'客户退货单商品查询','2020-10-14 16:51:55','查询操作',1),
(3833,'删除客户退货单信息：--{编号=7, 客户退货单号=\'XT202001150003\', 客户=福州艾玛超市, 应付金额=1500.0, 实付金额=1500.0}','2020-10-14 16:51:57','删除操作',1),
(3834,'客户退货单商品查询','2020-10-14 16:51:57','查询操作',1),
(3835,'客户退货单查询','2020-10-14 16:51:57','查询操作',1),
(3836,'客户退货单商品查询','2020-10-14 16:51:58','查询操作',1),
(3837,'删除客户退货单信息：--{编号=9, 客户退货单号=\'XT202001150004\', 客户=福州艾玛超市, 应付金额=1500.0, 实付金额=1500.0}','2020-10-14 16:51:59','删除操作',1),
(3838,'客户退货单商品查询','2020-10-14 16:51:59','查询操作',1),
(3839,'客户退货单查询','2020-10-14 16:51:59','查询操作',1),
(3840,'客户退货单商品查询','2020-10-14 16:52:00','查询操作',1),
(3841,'删除客户退货单信息：--{编号=6, 客户退货单号=\'XT202001150002\', 客户=福州艾玛超市, 应付金额=2500.0, 实付金额=2500.0}','2020-10-14 16:52:01','删除操作',1),
(3842,'客户退货单商品查询','2020-10-14 16:52:01','查询操作',1),
(3843,'客户退货单查询','2020-10-14 16:52:01','查询操作',1),
(3844,'查询商品信息','2020-10-14 16:52:04','查询操作',1),
(3845,'查询商品信息','2020-10-14 16:52:04','查询操作',1),
(3846,'查询所有商品类别信息','2020-10-14 16:52:07','查询操作',1),
(3847,'查询所有商品类别信息','2020-10-14 16:52:15','查询操作',1),
(3848,'添加销售单--{编号=12, 销售单号=\'XS202010150001\', 客户=福州艾玛超市, 应付金额=8100.0, 实付金额=8100.0}','2020-10-14 16:52:21','添加操作',1),
(3849,'查询商品信息','2020-10-14 16:52:22','查询操作',1),
(3850,'查询商品信息','2020-10-14 16:52:22','查询操作',1),
(3851,'商品采购统计查询','2020-10-14 16:52:26','查询操作',1),
(3852,'查询商品信息','2020-10-14 16:52:46','查询操作',1),
(3853,'查询商品信息','2020-10-14 16:52:46','查询操作',1),
(3854,'查询所有商品类别信息','2020-10-14 16:52:50','查询操作',1),
(3855,'添加客户退货单--{编号=10, 客户退货单号=\'XT202010150001\', 客户=福州艾玛超市, 应付金额=17.0, 实付金额=17.0}','2020-10-14 16:52:59','添加操作',1),
(3856,'查询商品信息','2020-10-14 16:53:00','查询操作',1),
(3857,'查询商品信息','2020-10-14 16:53:00','查询操作',1),
(3858,'商品采购统计查询','2020-10-14 16:53:03','查询操作',1),
(3859,'商品采购统计查询','2020-10-14 16:53:04','查询操作',1),
(3860,'商品采购统计查询','2020-10-14 16:53:04','查询操作',1),
(3861,'商品采购统计查询','2020-10-14 16:53:04','查询操作',1),
(3862,'商品采购统计查询','2020-10-14 16:53:05','查询操作',1),
(3863,'商品采购统计查询','2020-10-14 16:53:05','查询操作',1),
(3864,'用户登录','2020-10-14 17:05:54','登录操作',1),
(3865,'查询商品信息','2020-10-14 17:05:55','查询操作',1),
(3866,'商品采购统计查询','2020-10-14 17:06:38','查询操作',1),
(3867,'商品采购统计查询','2020-10-14 17:06:38','查询操作',1),
(3868,'商品采购统计查询','2020-10-14 17:06:43','查询操作',1),
(3869,'商品采购统计查询','2020-10-14 17:06:43','查询操作',1),
(3870,'查询商品信息','2020-10-14 17:06:52','查询操作',1),
(3871,'查询商品信息','2020-10-14 17:08:53','查询操作',1),
(3872,'商品采购统计查询','2020-10-14 17:08:59','查询操作',1),
(3873,'商品采购统计查询','2020-10-14 17:08:59','查询操作',1),
(3874,'商品采购统计查询','2020-10-14 17:09:03','查询操作',1),
(3875,'商品采购统计查询','2020-10-14 17:09:03','查询操作',1),
(3876,'商品采购统计查询','2020-10-14 17:09:14','查询操作',1),
(3877,'商品采购统计查询','2020-10-14 17:09:14','查询操作',1),
(3878,'商品采购统计查询','2020-10-14 17:09:15','查询操作',1),
(3879,'商品采购统计查询','2020-10-14 17:09:15','查询操作',1),
(3880,'商品采购统计查询','2020-10-14 17:09:16','查询操作',1),
(3881,'商品采购统计查询','2020-10-14 17:09:16','查询操作',1),
(3882,'商品采购统计查询','2020-10-14 17:09:16','查询操作',1),
(3883,'商品采购统计查询','2020-10-14 17:09:16','查询操作',1),
(3884,'商品采购统计查询','2020-10-14 17:10:24','查询操作',1),
(3885,'商品采购统计查询','2020-10-14 17:10:24','查询操作',1),
(3886,'商品采购统计查询','2020-10-14 17:10:25','查询操作',1),
(3887,'商品采购统计查询','2020-10-14 17:10:25','查询操作',1),
(3888,'商品采购统计查询','2020-10-14 17:10:26','查询操作',1),
(3889,'商品采购统计查询','2020-10-14 17:10:26','查询操作',1),
(3890,'商品采购统计查询','2020-10-14 17:10:32','查询操作',1),
(3891,'商品采购统计查询','2020-10-14 17:10:32','查询操作',1),
(3892,'查询商品信息','2020-10-14 17:11:23','查询操作',1),
(3893,'商品采购统计查询','2020-10-14 17:11:26','查询操作',1),
(3894,'商品采购统计查询','2020-10-14 17:11:26','查询操作',1),
(3895,'查询商品信息','2020-10-14 17:11:39','查询操作',1),
(3896,'商品采购统计查询','2020-10-14 17:11:41','查询操作',1),
(3897,'商品采购统计查询','2020-10-14 17:11:41','查询操作',1),
(3898,'商品采购统计查询','2020-10-14 17:11:42','查询操作',1),
(3899,'商品采购统计查询','2020-10-14 17:11:42','查询操作',1),
(3900,'查询商品信息','2020-10-14 17:12:41','查询操作',1),
(3901,'商品采购统计查询','2020-10-14 17:12:43','查询操作',1),
(3902,'商品采购统计查询','2020-10-14 17:12:43','查询操作',1),
(3903,'商品采购统计查询','2020-10-14 17:12:44','查询操作',1),
(3904,'商品采购统计查询','2020-10-14 17:12:44','查询操作',1),
(3905,'查询商品信息','2020-10-14 17:14:19','查询操作',1),
(3906,'查询商品信息','2020-10-14 17:23:23','查询操作',1),
(3907,'查询商品信息','2020-10-14 17:24:57','查询操作',1),
(3908,'查询商品信息','2020-10-14 17:26:31','查询操作',1),
(3909,'客户退货单查询','2020-10-14 17:26:32','查询操作',1),
(3910,'客户退货单查询','2020-10-14 17:26:32','查询操作',1),
(3911,'查询商品信息','2020-10-14 17:26:33','查询操作',1),
(3912,'查询商品信息','2020-10-14 17:26:56','查询操作',1),
(3913,'查询商品信息','2020-10-14 17:28:11','查询操作',1),
(3914,'查询商品信息','2020-10-14 17:29:57','查询操作',1),
(3915,'商品采购统计查询','2020-10-14 17:30:00','查询操作',1),
(3916,'商品采购统计查询','2020-10-14 17:30:00','查询操作',1),
(3917,'用户登录','2020-10-14 17:32:58','登录操作',1),
(3918,'查询商品信息','2020-10-14 17:32:58','查询操作',1),
(3919,'商品采购统计查询','2020-10-14 17:38:39','查询操作',1),
(3920,'商品采购统计查询','2020-10-14 17:38:39','查询操作',1),
(3921,'查询商品信息','2020-10-14 17:49:21','查询操作',1),
(3922,'商品采购统计查询','2020-10-14 17:49:26','查询操作',1),
(3923,'商品采购统计查询','2020-10-14 17:49:26','查询操作',1),
(3924,'商品采购统计查询','2020-10-14 17:49:47','查询操作',1),
(3925,'商品采购统计查询','2020-10-14 17:49:47','查询操作',1),
(3926,'商品采购统计查询','2020-10-14 17:49:50','查询操作',1),
(3927,'商品采购统计查询','2020-10-14 17:49:50','查询操作',1),
(3928,'商品采购统计查询','2020-10-14 17:50:07','查询操作',1),
(3929,'商品采购统计查询','2020-10-14 17:50:07','查询操作',1),
(3930,'商品采购统计查询','2020-10-14 17:50:37','查询操作',1),
(3931,'商品采购统计查询','2020-10-14 17:50:37','查询操作',1),
(3932,'客户退货单查询','2020-10-14 17:51:04','查询操作',1),
(3933,'客户退货单查询','2020-10-14 17:51:04','查询操作',1),
(3934,'查询商品信息','2020-10-14 17:51:05','查询操作',1),
(3935,'查询商品信息','2020-10-14 17:51:05','查询操作',1),
(3936,'查询所有商品类别信息','2020-10-14 17:51:06','查询操作',1),
(3937,'查询商品信息','2020-10-14 17:51:13','查询操作',1),
(3938,'查询商品信息','2020-10-14 17:51:13','查询操作',1),
(3939,'查询所有商品类别信息','2020-10-14 17:51:14','查询操作',1),
(3940,'查询商品信息','2020-10-14 17:51:53','查询操作',1),
(3941,'查询商品信息','2020-10-14 17:51:53','查询操作',1),
(3942,'查询所有商品类别信息','2020-10-14 17:51:54','查询操作',1),
(3943,'查询商品信息','2020-10-14 17:52:04','查询操作',1),
(3944,'查询商品信息','2020-10-14 17:52:04','查询操作',1),
(3945,'查询所有商品类别信息','2020-10-14 17:52:05','查询操作',1),
(3946,'查询商品信息','2020-10-14 17:52:13','查询操作',1),
(3947,'查询商品信息','2020-10-14 17:52:14','查询操作',1),
(3948,'查询所有商品类别信息','2020-10-14 17:52:15','查询操作',1),
(3949,'查询商品信息','2020-10-14 17:52:23','查询操作',1),
(3950,'查询商品信息','2020-10-14 17:52:23','查询操作',1),
(3951,'查询所有商品类别信息','2020-10-14 17:52:24','查询操作',1),
(3952,'查询商品信息','2020-10-14 17:52:34','查询操作',1),
(3953,'查询商品信息','2020-10-14 17:52:35','查询操作',1),
(3954,'查询所有商品类别信息','2020-10-14 17:52:36','查询操作',1),
(3955,'查询商品信息','2020-10-14 17:52:54','查询操作',1),
(3956,'查询商品信息','2020-10-14 17:52:55','查询操作',1),
(3957,'查询所有商品类别信息','2020-10-14 17:52:55','查询操作',1),
(3958,'查询商品信息','2020-10-14 17:53:18','查询操作',1),
(3959,'查询商品信息','2020-10-14 17:53:18','查询操作',1),
(3960,'查询所有商品类别信息','2020-10-14 17:53:18','查询操作',1),
(3961,'查询商品信息','2020-10-14 17:54:20','查询操作',1),
(3962,'查询商品信息','2020-10-14 17:54:20','查询操作',1),
(3963,'查询所有商品类别信息','2020-10-14 17:54:22','查询操作',1),
(3964,'查询库存报警商品信息','2020-10-14 17:54:36','查询操作',1),
(3965,'查询商品信息','2020-10-14 17:54:39','查询操作',1),
(3966,'查询所有商品类别信息','2020-10-14 17:54:50','查询操作',1),
(3967,'查询所有商品类别信息','2020-10-14 17:54:52','查询操作',1),
(3968,'查询所有商品类别信息','2020-10-14 17:54:56','查询操作',1),
(3969,'查询商品信息','2020-10-14 17:55:21','查询操作',1),
(3970,'查询商品信息','2020-10-14 17:55:21','查询操作',1),
(3971,'查询所有商品类别信息','2020-10-14 17:55:23','查询操作',1),
(3972,'查询商品信息','2020-10-14 17:55:28','查询操作',1),
(3973,'查询商品信息','2020-10-14 17:55:28','查询操作',1),
(3974,'查询所有商品类别信息','2020-10-14 17:55:29','查询操作',1),
(3975,'查询商品信息','2020-10-14 17:55:38','查询操作',1),
(3976,'查询商品信息','2020-10-14 17:55:38','查询操作',1),
(3977,'查询所有商品类别信息','2020-10-14 17:55:39','查询操作',1),
(3978,'查询所有商品类别信息','2020-10-14 17:55:41','查询操作',1),
(3979,'查询商品信息','2020-10-14 17:56:01','查询操作',1),
(3980,'查询商品信息','2020-10-14 17:56:03','查询操作',1),
(3981,'查询商品信息','2020-10-14 17:56:03','查询操作',1),
(3982,'查询所有商品类别信息','2020-10-14 17:56:04','查询操作',1),
(3983,'查询商品信息','2020-10-14 17:56:33','查询操作',1),
(3984,'查询商品信息','2020-10-14 17:56:34','查询操作',1),
(3985,'查询所有商品类别信息','2020-10-14 17:56:36','查询操作',1),
(3986,'查询商品信息','2020-10-14 17:56:52','查询操作',1),
(3987,'查询商品信息','2020-10-14 17:56:56','查询操作',1),
(3988,'查询商品信息','2020-10-14 17:56:56','查询操作',1),
(3989,'查询所有商品类别信息','2020-10-14 17:56:58','查询操作',1),
(3990,'查询商品信息','2020-10-14 17:57:26','查询操作',1),
(3991,'查询商品信息','2020-10-14 17:57:27','查询操作',1),
(3992,'查询所有商品类别信息','2020-10-14 17:57:28','查询操作',1),
(3993,'查询商品信息','2020-10-14 17:57:47','查询操作',1),
(3994,'查询商品信息','2020-10-14 17:57:48','查询操作',1),
(3995,'查询所有商品类别信息','2020-10-14 17:57:49','查询操作',1),
(3996,'查询所有商品类别信息','2020-10-14 17:57:56','查询操作',1),
(3997,'销售单查询','2020-10-14 17:58:10','查询操作',1),
(3998,'销售单查询','2020-10-14 17:58:10','查询操作',1),
(3999,'客户退货单查询','2020-10-14 17:58:11','查询操作',1),
(4000,'客户退货单查询','2020-10-14 17:58:11','查询操作',1),
(4001,'查询商品信息','2020-10-14 17:58:11','查询操作',1),
(4002,'查询商品信息','2020-10-14 17:58:15','查询操作',1),
(4003,'查询商品信息','2020-10-14 17:58:15','查询操作',1),
(4004,'查询所有商品类别信息','2020-10-14 17:58:16','查询操作',1),
(4005,'查询商品信息','2020-10-14 18:15:19','查询操作',1),
(4006,'查询商品信息','2020-10-14 18:15:19','查询操作',1),
(4007,'查询所有商品类别信息','2020-10-14 18:15:21','查询操作',1),
(4008,'查询商品信息','2020-10-14 18:15:49','查询操作',1),
(4009,'查询商品信息','2020-10-14 18:15:49','查询操作',1),
(4010,'查询所有商品类别信息','2020-10-14 18:15:50','查询操作',1),
(4011,'查询商品信息','2020-10-14 18:15:55','查询操作',1),
(4012,'查询商品信息','2020-10-14 18:15:56','查询操作',1),
(4013,'查询所有商品类别信息','2020-10-14 18:16:04','查询操作',1),
(4014,'查询商品信息','2020-10-14 18:16:58','查询操作',1),
(4015,'查询商品信息','2020-10-14 18:16:58','查询操作',1),
(4016,'查询商品信息','2020-10-14 18:17:02','查询操作',1),
(4017,'查询商品信息','2020-10-14 18:17:02','查询操作',1),
(4018,'查询商品信息','2020-10-14 18:17:07','查询操作',1),
(4019,'查询商品信息','2020-10-14 18:17:07','查询操作',1),
(4020,'查询商品信息','2020-10-14 18:18:20','查询操作',1),
(4021,'查询商品信息','2020-10-14 18:18:20','查询操作',1),
(4022,'查询商品信息','2020-10-14 18:18:20','查询操作',1),
(4023,'查询商品信息','2020-10-14 18:18:22','查询操作',1),
(4024,'查询商品信息','2020-10-14 18:18:22','查询操作',1),
(4025,'查询商品信息','2020-10-14 18:18:39','查询操作',1),
(4026,'查询商品信息','2020-10-14 18:18:39','查询操作',1),
(4027,'查询商品信息','2020-10-14 18:20:40','查询操作',1),
(4028,'查询商品信息','2020-10-14 18:20:40','查询操作',1),
(4029,'查询商品信息','2020-10-14 18:20:44','查询操作',1),
(4030,'查询商品信息','2020-10-14 18:20:44','查询操作',1),
(4031,'查询商品信息','2020-10-14 18:20:46','查询操作',1),
(4032,'查询商品信息','2020-10-14 18:20:46','查询操作',1),
(4033,'查询商品信息','2020-10-14 18:20:48','查询操作',1),
(4034,'查询商品信息','2020-10-14 18:20:48','查询操作',1),
(4035,'查询商品信息','2020-10-14 18:20:49','查询操作',1),
(4036,'查询商品信息','2020-10-14 18:20:50','查询操作',1),
(4037,'查询所有商品类别信息','2020-10-14 18:21:16','查询操作',1),
(4038,'查询商品信息','2020-10-14 18:23:20','查询操作',1),
(4039,'查询商品信息','2020-10-14 18:23:20','查询操作',1),
(4040,'查询商品信息','2020-10-14 18:23:20','查询操作',1),
(4041,'查询所有商品类别信息','2020-10-14 18:23:22','查询操作',1),
(4042,'查询商品信息','2020-10-14 18:24:10','查询操作',1),
(4043,'查询商品信息','2020-10-14 18:24:10','查询操作',1),
(4044,'查询所有商品类别信息','2020-10-14 18:24:11','查询操作',1),
(4045,'查询商品信息','2020-10-14 18:25:04','查询操作',1),
(4046,'查询商品信息','2020-10-14 18:25:06','查询操作',1),
(4047,'查询商品信息','2020-10-14 18:25:06','查询操作',1),
(4048,'查询所有商品类别信息','2020-10-14 18:25:07','查询操作',1),
(4049,'查询所有商品类别信息','2020-10-14 18:25:36','查询操作',1),
(4050,'查询商品信息','2020-10-14 18:26:26','查询操作',1),
(4051,'查询商品信息','2020-10-14 18:26:27','查询操作',1),
(4052,'查询所有商品类别信息','2020-10-14 18:26:27','查询操作',1),
(4053,'查询商品信息','2020-10-14 18:26:53','查询操作',1),
(4054,'查询商品信息','2020-10-14 18:26:55','查询操作',1),
(4055,'查询商品信息','2020-10-14 18:26:55','查询操作',1),
(4056,'查询所有商品类别信息','2020-10-14 18:26:56','查询操作',1),
(4057,'查询商品信息','2020-10-14 18:27:17','查询操作',1),
(4058,'查询商品信息','2020-10-14 18:27:17','查询操作',1),
(4059,'查询所有商品类别信息','2020-10-14 18:27:18','查询操作',1),
(4060,'查询商品信息','2020-10-14 18:28:28','查询操作',1),
(4061,'查询商品信息','2020-10-14 18:28:28','查询操作',1),
(4062,'查询所有商品类别信息','2020-10-14 18:28:30','查询操作',1),
(4063,'查询商品信息','2020-10-14 18:28:43','查询操作',1),
(4064,'查询商品信息','2020-10-14 18:28:44','查询操作',1),
(4065,'查询所有商品类别信息','2020-10-14 18:28:45','查询操作',1),
(4066,'查询商品信息','2020-10-14 18:29:27','查询操作',1),
(4067,'查询商品信息','2020-10-14 18:29:27','查询操作',1),
(4068,'查询所有商品类别信息','2020-10-14 18:29:28','查询操作',1),
(4069,'查询商品信息','2020-10-14 18:29:36','查询操作',1),
(4070,'查询商品信息','2020-10-14 18:29:36','查询操作',1),
(4071,'查询所有商品类别信息','2020-10-14 18:29:37','查询操作',1),
(4072,'查询商品信息','2020-10-14 18:30:27','查询操作',1),
(4073,'查询商品信息','2020-10-14 18:30:27','查询操作',1),
(4074,'查询所有商品类别信息','2020-10-14 18:30:28','查询操作',1),
(4075,'查询商品信息','2020-10-14 18:31:10','查询操作',1),
(4076,'查询商品信息','2020-10-14 18:31:10','查询操作',1),
(4077,'查询所有商品类别信息','2020-10-14 18:31:12','查询操作',1),
(4078,'查询商品信息','2020-10-14 18:31:26','查询操作',1),
(4079,'查询商品信息','2020-10-14 18:31:26','查询操作',1),
(4080,'查询所有商品类别信息','2020-10-14 18:31:27','查询操作',1),
(4081,'查询商品信息','2020-10-14 18:31:57','查询操作',1),
(4082,'查询商品信息','2020-10-14 18:31:57','查询操作',1),
(4083,'查询所有商品类别信息','2020-10-14 18:31:58','查询操作',1),
(4084,'查询商品信息','2020-10-14 18:32:12','查询操作',1),
(4085,'查询商品信息','2020-10-14 18:32:12','查询操作',1),
(4086,'查询所有商品类别信息','2020-10-14 18:32:13','查询操作',1),
(4087,'查询商品信息','2020-10-14 18:32:40','查询操作',1),
(4088,'查询商品信息','2020-10-14 18:32:40','查询操作',1),
(4089,'查询所有商品类别信息','2020-10-14 18:32:41','查询操作',1),
(4090,'查询商品信息','2020-10-14 18:32:53','查询操作',1),
(4091,'查询商品信息','2020-10-14 18:32:54','查询操作',1),
(4092,'查询所有商品类别信息','2020-10-14 18:32:55','查询操作',1),
(4093,'查询商品信息','2020-10-14 18:33:00','查询操作',1),
(4094,'查询商品信息','2020-10-14 18:33:00','查询操作',1),
(4095,'查询所有商品类别信息','2020-10-14 18:33:01','查询操作',1),
(4096,'查询商品信息','2020-10-14 18:33:05','查询操作',1),
(4097,'查询商品信息','2020-10-14 18:33:05','查询操作',1),
(4098,'查询所有商品类别信息','2020-10-14 18:33:06','查询操作',1),
(4099,'查询商品信息','2020-10-14 18:33:32','查询操作',1),
(4100,'查询商品信息','2020-10-14 18:33:32','查询操作',1),
(4101,'查询所有商品类别信息','2020-10-14 18:33:33','查询操作',1),
(4102,'查询商品信息','2020-10-14 18:33:36','查询操作',1),
(4103,'查询商品信息','2020-10-14 18:33:37','查询操作',1),
(4104,'查询所有商品类别信息','2020-10-14 18:33:37','查询操作',1),
(4105,'查询商品信息','2020-10-14 18:34:12','查询操作',1),
(4106,'查询商品信息','2020-10-14 18:34:12','查询操作',1),
(4107,'查询所有商品类别信息','2020-10-14 18:34:13','查询操作',1),
(4108,'查询商品信息','2020-10-14 18:34:50','查询操作',1),
(4109,'查询商品信息','2020-10-14 18:34:50','查询操作',1),
(4110,'查询所有商品类别信息','2020-10-14 18:34:51','查询操作',1),
(4111,'查询商品信息','2020-10-14 18:35:46','查询操作',1),
(4112,'查询商品信息','2020-10-14 18:35:47','查询操作',1),
(4113,'查询所有商品类别信息','2020-10-14 18:35:47','查询操作',1),
(4114,'查询商品信息','2020-10-14 18:36:26','查询操作',1),
(4115,'查询商品信息','2020-10-14 18:36:27','查询操作',1),
(4116,'查询所有商品类别信息','2020-10-14 18:36:27','查询操作',1),
(4117,'查询所有商品类别信息','2020-10-14 18:36:35','查询操作',1),
(4118,'查询商品信息','2020-10-14 18:36:51','查询操作',1),
(4119,'查询商品信息','2020-10-14 18:36:52','查询操作',1),
(4120,'查询所有商品类别信息','2020-10-14 18:36:53','查询操作',1),
(4121,'查询商品信息','2020-10-14 18:37:31','查询操作',1),
(4122,'查询商品信息','2020-10-14 18:37:31','查询操作',1),
(4123,'查询商品信息','2020-10-14 18:37:32','查询操作',1),
(4124,'查询商品信息','2020-10-14 18:37:32','查询操作',1),
(4125,'查询所有商品类别信息','2020-10-14 18:37:33','查询操作',1),
(4126,'查询商品信息','2020-10-14 18:38:12','查询操作',1),
(4127,'查询商品信息','2020-10-14 18:38:12','查询操作',1),
(4128,'查询所有商品类别信息','2020-10-14 18:38:15','查询操作',1),
(4129,'查询所有商品类别信息','2020-10-14 18:38:16','查询操作',1),
(4130,'查询商品信息','2020-10-14 18:38:23','查询操作',1),
(4131,'查询商品信息','2020-10-14 18:38:23','查询操作',1),
(4132,'查询所有商品类别信息','2020-10-14 18:38:24','查询操作',1),
(4133,'查询商品信息','2020-10-14 18:38:44','查询操作',1),
(4134,'查询商品信息','2020-10-14 18:38:44','查询操作',1),
(4135,'查询所有商品类别信息','2020-10-14 18:38:46','查询操作',1),
(4136,'查询商品信息','2020-10-14 18:38:59','查询操作',1),
(4137,'查询商品信息','2020-10-14 18:38:59','查询操作',1),
(4138,'查询所有商品类别信息','2020-10-14 18:38:59','查询操作',1),
(4139,'查询商品信息','2020-10-14 18:39:11','查询操作',1),
(4140,'查询商品信息','2020-10-14 18:39:12','查询操作',1),
(4141,'查询所有商品类别信息','2020-10-14 18:39:12','查询操作',1),
(4142,'查询商品信息','2020-10-14 18:39:29','查询操作',1),
(4143,'查询商品信息','2020-10-14 18:39:29','查询操作',1),
(4144,'查询所有商品类别信息','2020-10-14 18:39:30','查询操作',1),
(4145,'查询商品信息','2020-10-14 18:39:42','查询操作',1),
(4146,'查询商品信息','2020-10-14 18:39:43','查询操作',1),
(4147,'查询所有商品类别信息','2020-10-14 18:39:43','查询操作',1),
(4148,'查询商品信息','2020-10-14 18:39:50','查询操作',1),
(4149,'查询商品信息','2020-10-14 18:39:50','查询操作',1),
(4150,'查询所有商品类别信息','2020-10-14 18:39:51','查询操作',1),
(4151,'查询商品信息','2020-10-14 18:41:40','查询操作',1),
(4152,'查询商品信息','2020-10-14 18:41:40','查询操作',1),
(4153,'查询所有商品类别信息','2020-10-14 18:41:41','查询操作',1),
(4154,'查询商品信息','2020-10-14 18:42:12','查询操作',1),
(4155,'查询商品信息','2020-10-14 18:42:12','查询操作',1),
(4156,'查询商品信息','2020-10-14 18:42:33','查询操作',1),
(4157,'查询商品信息','2020-10-14 18:42:33','查询操作',1),
(4158,'查询所有商品类别信息','2020-10-14 18:42:34','查询操作',1),
(4159,'查询商品信息','2020-10-14 18:43:01','查询操作',1),
(4160,'查询商品信息','2020-10-14 18:43:01','查询操作',1),
(4161,'查询所有商品类别信息','2020-10-14 18:43:02','查询操作',1),
(4162,'查询商品信息','2020-10-14 18:43:27','查询操作',1),
(4163,'查询商品信息','2020-10-14 18:43:27','查询操作',1),
(4164,'查询所有商品类别信息','2020-10-14 18:43:28','查询操作',1),
(4165,'查询商品信息','2020-10-14 18:43:33','查询操作',1),
(4166,'查询商品信息','2020-10-14 18:43:33','查询操作',1),
(4167,'查询所有商品类别信息','2020-10-14 18:43:34','查询操作',1),
(4168,'查询商品信息','2020-10-14 18:43:59','查询操作',1),
(4169,'查询商品信息','2020-10-14 18:43:59','查询操作',1),
(4170,'查询所有商品类别信息','2020-10-14 18:44:00','查询操作',1),
(4171,'查询库存报警商品信息','2020-10-14 18:44:11','查询操作',1),
(4172,'查询商品信息','2020-10-14 18:44:13','查询操作',1),
(4173,'商品报损单查询','2020-10-14 18:44:16','查询操作',1),
(4174,'商品报溢单查询','2020-10-14 18:44:19','查询操作',1),
(4175,'商品报溢单查询','2020-10-14 18:45:12','查询操作',1),
(4176,'商品报损单查询','2020-10-14 18:45:14','查询操作',1),
(4177,'商品报损单商品查询','2020-10-14 18:45:16','查询操作',1),
(4178,'商品报损单商品查询','2020-10-14 18:45:16','查询操作',1),
(4179,'商品采购统计查询','2020-10-14 18:46:37','查询操作',1),
(4180,'商品采购统计查询','2020-10-14 18:46:37','查询操作',1),
(4181,'商品采购统计查询','2020-10-14 18:46:54','查询操作',1),
(4182,'商品采购统计查询','2020-10-14 18:46:54','查询操作',1),
(4183,'商品采购统计查询','2020-10-14 18:47:12','查询操作',1),
(4184,'商品采购统计查询','2020-10-14 18:47:12','查询操作',1),
(4185,'商品采购统计查询','2020-10-14 18:47:33','查询操作',1),
(4186,'商品采购统计查询','2020-10-14 18:47:33','查询操作',1),
(4187,'商品采购统计查询','2020-10-14 18:47:37','查询操作',1),
(4188,'商品采购统计查询','2020-10-14 18:47:37','查询操作',1),
(4189,'商品采购统计查询','2020-10-14 18:47:40','查询操作',1),
(4190,'商品采购统计查询','2020-10-14 18:47:40','查询操作',1),
(4191,'商品采购统计查询','2020-10-14 18:48:13','查询操作',1),
(4192,'商品采购统计查询','2020-10-14 18:48:13','查询操作',1),
(4193,'查询供应商信息','2020-10-14 18:50:27','查询操作',1),
(4194,'查询供应商信息','2020-10-14 18:50:27','查询操作',1),
(4195,'查询客户信息','2020-10-14 18:51:03','查询操作',1),
(4196,'查询客户信息','2020-10-14 18:51:03','查询操作',1),
(4197,'查询商品信息','2020-10-14 18:51:36','查询操作',1),
(4198,'查询商品单位信息','2020-10-14 18:51:36','查询操作',1),
(4199,'查询所有商品类别信息','2020-10-14 18:51:36','查询操作',1),
(4200,'查询商品单位信息','2020-10-14 18:51:36','查询操作',1),
(4201,'查询商品信息','2020-10-14 18:51:36','查询操作',1),
(4202,'查询商品信息(无库存)','2020-10-14 18:52:17','查询操作',1),
(4203,'查询商品信息(有库存)','2020-10-14 18:52:17','查询操作',1),
(4204,'查询商品信息(无库存)','2020-10-14 18:52:17','查询操作',1),
(4205,'查询商品信息(有库存)','2020-10-14 18:52:17','查询操作',1),
(4206,'查询角色信息','2020-10-14 18:52:53','查询操作',1),
(4207,'查询角色信息','2020-10-14 18:52:53','查询操作',1),
(4208,'查询用户信息','2020-10-14 18:53:32','查询操作',1),
(4209,'查询用户信息','2020-10-14 18:53:32','查询操作',1),
(4210,'查询所有用户信息','2020-10-14 18:53:34','查询操作',1),
(4211,'用户登录','2020-10-14 18:57:47','登录操作',1),
(4212,'查询商品信息','2020-10-14 18:57:48','查询操作',1),
(4213,'用户登录','2020-10-14 19:09:51','登录操作',1),
(4214,'查询商品信息','2020-10-14 19:09:52','查询操作',1),
(4215,'退货单查询','2020-10-14 19:09:54','查询操作',1),
(4216,'退货单查询','2020-10-14 19:09:54','查询操作',1),
(4217,'退货单商品查询','2020-10-14 19:09:54','查询操作',1),
(4218,'用户登录','2020-10-15 04:38:06','登录操作',1),
(4219,'查询商品信息','2020-10-15 04:38:07','查询操作',1),
(4220,'查询商品信息','2020-10-15 04:38:08','查询操作',1),
(4221,'查询商品信息','2020-10-15 04:38:08','查询操作',1),
(4222,'查询商品信息','2020-10-15 04:38:10','查询操作',1),
(4223,'查询商品信息','2020-10-15 04:38:10','查询操作',1),
(4224,'查询所有商品类别信息','2020-10-15 04:38:14','查询操作',1),
(4225,'添加进货单','2020-10-15 04:38:19','添加操作',1),
(4226,'查询商品信息','2020-10-15 04:38:20','查询操作',1),
(4227,'查询商品信息','2020-10-15 04:38:20','查询操作',1),
(4228,'进货单查询','2020-10-15 04:38:21','查询操作',1),
(4229,'进货单查询','2020-10-15 04:38:21','查询操作',1),
(4230,'进货单商品查询','2020-10-15 04:38:27','查询操作',1),
(4231,'查询所有商品类别信息','2020-10-15 04:38:32','查询操作',1),
(4232,'添加退货单','2020-10-15 04:38:37','添加操作',1),
(4233,'查询商品信息','2020-10-15 04:38:39','查询操作',1),
(4234,'查询商品信息','2020-10-15 04:38:39','查询操作',1),
(4235,'退货单查询','2020-10-15 04:38:40','查询操作',1),
(4236,'退货单查询','2020-10-15 04:38:40','查询操作',1),
(4237,'退货单商品查询','2020-10-15 04:38:42','查询操作',1),
(4238,'查询商品信息','2020-10-15 04:38:48','查询操作',1),
(4239,'查询商品信息','2020-10-15 04:38:49','查询操作',1),
(4240,'查询商品信息','2020-10-15 04:38:49','查询操作',1),
(4241,'查询所有商品类别信息','2020-10-15 04:38:52','查询操作',1),
(4242,'添加销售单--{编号=13, 销售单号=\'XS202010150001\', 客户=福州艾玛超市, 应付金额=425.0, 实付金额=425.0}','2020-10-15 04:38:58','添加操作',1),
(4243,'查询商品信息','2020-10-15 04:39:00','查询操作',1),
(4244,'查询商品信息','2020-10-15 04:39:00','查询操作',1),
(4245,'销售单查询','2020-10-15 04:39:01','查询操作',1),
(4246,'销售单查询','2020-10-15 04:39:01','查询操作',1),
(4247,'销售单商品查询','2020-10-15 04:39:03','查询操作',1),
(4248,'查询商品信息','2020-10-15 04:39:08','查询操作',1),
(4249,'查询商品信息','2020-10-15 04:39:08','查询操作',1),
(4250,'查询所有商品类别信息','2020-10-15 04:39:13','查询操作',1),
(4251,'添加客户退货单--{编号=11, 客户退货单号=\'XT202010150001\', 客户=福州艾玛超市, 应付金额=1250.0, 实付金额=1250.0}','2020-10-15 04:39:20','添加操作',1),
(4252,'查询商品信息','2020-10-15 04:39:21','查询操作',1),
(4253,'查询商品信息','2020-10-15 04:39:21','查询操作',1),
(4254,'客户退货单查询','2020-10-15 04:39:22','查询操作',1),
(4255,'客户退货单查询','2020-10-15 04:39:22','查询操作',1),
(4256,'客户退货单商品查询','2020-10-15 04:39:23','查询操作',1),
(4257,'查询商品信息','2020-10-15 04:39:27','查询操作',1),
(4258,'查询商品信息','2020-10-15 04:39:27','查询操作',1),
(4259,'查询所有商品类别信息','2020-10-15 04:39:29','查询操作',1),
(4260,'添加商品报损单--{编号=3, 商品报损单号=\'JH202010150001\', 商品报损日期=2020-10-15, 操作用户=乐道, 备注=\'已过期\'}','2020-10-15 04:39:35','添加操作',1),
(4261,'查询商品信息','2020-10-15 04:39:36','查询操作',1),
(4262,'查询商品信息','2020-10-15 04:39:36','查询操作',1),
(4263,'商品报损单查询','2020-10-15 04:39:40','查询操作',1),
(4264,'查询库存报警商品信息','2020-10-15 04:39:45','查询操作',1),
(4265,'查询商品信息','2020-10-15 04:39:46','查询操作',1),
(4266,'查询商品信息','2020-10-15 04:39:46','查询操作',1),
(4267,'查询所有商品类别信息','2020-10-15 04:39:58','查询操作',1),
(4268,'添加商品报溢单--{编号=3, 商品报溢单号=\'JH202010150001\', 商品报溢日期=2020-10-15, 操作用户=乐道, 备注=\'\'}','2020-10-15 04:40:05','添加操作',1),
(4269,'查询商品信息','2020-10-15 04:40:06','查询操作',1),
(4270,'查询商品信息','2020-10-15 04:40:06','查询操作',1),
(4271,'商品报损单查询','2020-10-15 04:40:10','查询操作',1),
(4272,'商品报溢单查询','2020-10-15 04:40:11','查询操作',1),
(4273,'商品报溢单商品查询','2020-10-15 04:40:12','查询操作',1),
(4274,'进货单查询','2020-10-15 04:40:16','查询操作',1),
(4275,'退货单查询','2020-10-15 04:40:16','查询操作',1),
(4276,'销售单查询','2020-10-15 04:40:20','查询操作',1),
(4277,'客户退货单查询','2020-10-15 04:40:20','查询操作',1),
(4278,'商品采购统计查询','2020-10-15 04:40:25','查询操作',1),
(4279,'商品采购统计查询','2020-10-15 04:40:25','查询操作',1),
(4280,'商品采购统计查询','2020-10-15 04:40:31','查询操作',1),
(4281,'商品采购统计查询','2020-10-15 04:40:31','查询操作',1),
(4282,'商品采购统计查询','2020-10-15 04:40:32','查询操作',1),
(4283,'商品采购统计查询','2020-10-15 04:40:32','查询操作',1),
(4284,'商品采购统计查询','2020-10-15 04:40:35','查询操作',1),
(4285,'商品采购统计查询','2020-10-15 04:40:35','查询操作',1),
(4286,'商品采购统计查询','2020-10-15 04:40:37','查询操作',1),
(4287,'商品采购统计查询','2020-10-15 04:40:37','查询操作',1),
(4288,'商品采购统计查询','2020-10-15 04:40:37','查询操作',1),
(4289,'商品采购统计查询','2020-10-15 04:40:37','查询操作',1),
(4290,'商品采购统计查询','2020-10-15 04:40:38','查询操作',1),
(4291,'商品采购统计查询','2020-10-15 04:40:38','查询操作',1),
(4292,'商品采购统计查询','2020-10-15 04:40:38','查询操作',1),
(4293,'商品采购统计查询','2020-10-15 04:40:38','查询操作',1),
(4294,'商品采购统计查询','2020-10-15 04:40:39','查询操作',1),
(4295,'商品采购统计查询','2020-10-15 04:40:39','查询操作',1),
(4296,'商品采购统计查询','2020-10-15 04:40:43','查询操作',1),
(4297,'商品采购统计查询','2020-10-15 04:40:43','查询操作',1),
(4298,'商品采购统计查询','2020-10-15 04:40:45','查询操作',1),
(4299,'商品采购统计查询','2020-10-15 04:40:45','查询操作',1),
(4300,'商品采购统计查询','2020-10-15 04:40:45','查询操作',1),
(4301,'商品采购统计查询','2020-10-15 04:40:45','查询操作',1),
(4302,'商品采购统计查询','2020-10-15 04:40:51','查询操作',1),
(4303,'商品采购统计查询','2020-10-15 04:40:51','查询操作',1),
(4304,'商品采购统计查询','2020-10-15 04:40:51','查询操作',1),
(4305,'商品采购统计查询','2020-10-15 04:40:51','查询操作',1),
(4306,'商品采购统计查询','2020-10-15 04:40:52','查询操作',1),
(4307,'商品采购统计查询','2020-10-15 04:40:52','查询操作',1),
(4308,'商品采购统计查询','2020-10-15 04:40:53','查询操作',1),
(4309,'商品采购统计查询','2020-10-15 04:40:53','查询操作',1),
(4310,'商品采购统计查询','2020-10-15 04:40:53','查询操作',1),
(4311,'商品采购统计查询','2020-10-15 04:40:53','查询操作',1),
(4312,'商品采购统计查询','2020-10-15 04:40:54','查询操作',1),
(4313,'商品采购统计查询','2020-10-15 04:40:54','查询操作',1),
(4314,'商品采购统计查询','2020-10-15 04:40:54','查询操作',1),
(4315,'商品采购统计查询','2020-10-15 04:40:54','查询操作',1),
(4316,'商品采购统计查询','2020-10-15 04:40:55','查询操作',1),
(4317,'商品采购统计查询','2020-10-15 04:40:55','查询操作',1),
(4318,'商品采购统计查询','2020-10-15 04:41:34','查询操作',1),
(4319,'商品采购统计查询','2020-10-15 04:41:34','查询操作',1),
(4320,'商品采购统计查询','2020-10-15 04:41:35','查询操作',1),
(4321,'商品采购统计查询','2020-10-15 04:41:35','查询操作',1),
(4322,'商品采购统计查询','2020-10-15 04:41:36','查询操作',1),
(4323,'商品采购统计查询','2020-10-15 04:41:36','查询操作',1),
(4324,'商品采购统计查询','2020-10-15 04:41:38','查询操作',1),
(4325,'商品采购统计查询','2020-10-15 04:41:38','查询操作',1),
(4326,'销售单商品查询','2020-10-15 04:42:01','查询操作',1),
(4327,'销售单商品查询','2020-10-15 04:42:03','查询操作',1),
(4328,'销售单商品查询','2020-10-15 04:42:03','查询操作',1),
(4329,'销售单商品查询','2020-10-15 04:42:05','查询操作',1),
(4330,'销售单商品查询','2020-10-15 04:42:06','查询操作',1),
(4331,'销售单商品查询','2020-10-15 04:42:07','查询操作',1),
(4332,'销售单商品查询','2020-10-15 04:42:08','查询操作',1),
(4333,'销售单商品查询','2020-10-15 04:42:08','查询操作',1),
(4334,'销售单商品查询','2020-10-15 04:42:08','查询操作',1),
(4335,'销售单商品查询','2020-10-15 04:42:09','查询操作',1),
(4336,'销售单商品查询','2020-10-15 04:42:09','查询操作',1),
(4337,'销售单商品查询','2020-10-15 04:42:09','查询操作',1),
(4338,'销售单商品查询','2020-10-15 04:42:10','查询操作',1),
(4339,'销售单商品查询','2020-10-15 04:42:10','查询操作',1),
(4340,'销售单商品查询','2020-10-15 04:42:10','查询操作',1),
(4341,'销售单商品查询','2020-10-15 04:42:10','查询操作',1),
(4342,'销售单商品查询','2020-10-15 04:42:11','查询操作',1),
(4343,'销售单商品查询','2020-10-15 04:42:11','查询操作',1),
(4344,'销售单商品查询','2020-10-15 04:42:11','查询操作',1),
(4345,'销售单商品查询','2020-10-15 04:42:11','查询操作',1),
(4346,'销售单商品查询','2020-10-15 04:42:12','查询操作',1),
(4347,'销售单商品查询','2020-10-15 04:42:12','查询操作',1),
(4348,'销售单商品查询','2020-10-15 04:42:12','查询操作',1),
(4349,'销售单商品查询','2020-10-15 04:42:12','查询操作',1),
(4350,'销售单商品查询','2020-10-15 04:42:12','查询操作',1),
(4351,'销售单商品查询','2020-10-15 04:42:13','查询操作',1),
(4352,'销售单商品查询','2020-10-15 04:42:13','查询操作',1),
(4353,'销售单商品查询','2020-10-15 04:42:13','查询操作',1),
(4354,'进货单查询','2020-10-15 04:42:49','查询操作',1),
(4355,'退货单查询','2020-10-15 04:42:49','查询操作',1),
(4356,'进货单商品查询','2020-10-15 04:42:50','查询操作',1),
(4357,'退货单商品查询','2020-10-15 04:42:50','查询操作',1),
(4358,'退货单商品查询','2020-10-15 04:42:51','查询操作',1),
(4359,'退货单商品查询','2020-10-15 04:42:52','查询操作',1),
(4360,'进货单商品查询','2020-10-15 04:42:53','查询操作',1),
(4361,'进货单商品查询','2020-10-15 04:42:53','查询操作',1),
(4362,'客户退货单商品查询','2020-10-15 04:42:55','查询操作',1),
(4363,'销售单商品查询','2020-10-15 04:42:56','查询操作',1),
(4364,'销售单商品查询','2020-10-15 04:42:56','查询操作',1),
(4365,'商品采购统计查询','2020-10-15 04:43:00','查询操作',1),
(4366,'商品采购统计查询','2020-10-15 04:43:00','查询操作',1),
(4367,'商品采购统计查询','2020-10-15 04:43:01','查询操作',1),
(4368,'商品采购统计查询','2020-10-15 04:43:01','查询操作',1),
(4369,'商品采购统计查询','2020-10-15 04:43:02','查询操作',1),
(4370,'商品采购统计查询','2020-10-15 04:43:02','查询操作',1),
(4371,'商品采购统计查询','2020-10-15 04:43:02','查询操作',1),
(4372,'商品采购统计查询','2020-10-15 04:43:02','查询操作',1),
(4373,'进货单查询','2020-10-15 04:43:22','查询操作',1),
(4374,'进货单商品查询','2020-10-15 04:43:23','查询操作',1),
(4375,'进货单商品查询','2020-10-15 04:43:23','查询操作',1),
(4376,'进货单商品查询','2020-10-15 04:43:24','查询操作',1),
(4377,'进货单商品查询','2020-10-15 04:43:24','查询操作',1),
(4378,'进货单商品查询','2020-10-15 04:43:25','查询操作',1),
(4379,'商品采购统计查询','2020-10-15 04:43:37','查询操作',1),
(4380,'商品采购统计查询','2020-10-15 04:43:37','查询操作',1),
(4381,'商品采购统计查询','2020-10-15 04:44:42','查询操作',1),
(4382,'商品采购统计查询','2020-10-15 04:44:42','查询操作',1),
(4383,'商品采购统计查询','2020-10-15 04:44:46','查询操作',1),
(4384,'商品采购统计查询','2020-10-15 04:44:46','查询操作',1),
(4385,'商品采购统计查询','2020-10-15 04:44:47','查询操作',1),
(4386,'商品采购统计查询','2020-10-15 04:44:47','查询操作',1),
(4387,'查询供应商信息','2020-10-15 04:51:39','查询操作',1),
(4388,'查询供应商信息','2020-10-15 04:51:39','查询操作',1),
(4389,'查询客户信息','2020-10-15 04:51:40','查询操作',1),
(4390,'查询客户信息','2020-10-15 04:51:40','查询操作',1),
(4391,'查询商品信息','2020-10-15 04:51:44','查询操作',1),
(4392,'查询商品单位信息','2020-10-15 04:51:44','查询操作',1),
(4393,'查询所有商品类别信息','2020-10-15 04:51:44','查询操作',1),
(4394,'查询商品信息','2020-10-15 04:51:44','查询操作',1),
(4395,'查询商品单位信息','2020-10-15 04:51:44','查询操作',1),
(4396,'查询商品信息(无库存)','2020-10-15 04:51:45','查询操作',1),
(4397,'查询商品信息(有库存)','2020-10-15 04:51:45','查询操作',1),
(4398,'查询商品信息(无库存)','2020-10-15 04:51:45','查询操作',1),
(4399,'查询商品信息(有库存)','2020-10-15 04:51:45','查询操作',1),
(4400,'查询角色信息','2020-10-15 04:51:46','查询操作',1),
(4401,'查询角色信息','2020-10-15 04:51:46','查询操作',1),
(4402,'查询用户信息','2020-10-15 04:51:47','查询操作',1),
(4403,'查询用户信息','2020-10-15 04:51:47','查询操作',1),
(4404,'用户注销','2020-10-15 04:51:52','注销操作',1),
(4405,'用户登录','2020-10-15 05:08:20','登录操作',1),
(4406,'查询商品信息','2020-10-15 05:08:27','查询操作',1),
(4407,'退货单查询','2020-10-15 05:08:31','查询操作',1),
(4408,'退货单查询','2020-10-15 05:08:31','查询操作',1),
(4409,'查询商品信息','2020-10-15 05:08:32','查询操作',1),
(4410,'查询库存报警商品信息','2020-10-15 05:08:33','查询操作',1),
(4411,'商品采购统计查询','2020-10-15 05:08:37','查询操作',1),
(4412,'商品采购统计查询','2020-10-15 05:08:37','查询操作',1),
(4413,'商品采购统计查询','2020-10-15 05:08:37','查询操作',1),
(4414,'商品采购统计查询','2020-10-15 05:08:37','查询操作',1),
(4415,'查询客户信息','2020-10-15 05:08:40','查询操作',1),
(4416,'查询客户信息','2020-10-15 05:08:40','查询操作',1),
(4417,'查询商品单位信息','2020-10-15 05:08:40','查询操作',1),
(4418,'查询商品单位信息','2020-10-15 05:08:41','查询操作',1),
(4419,'查询商品信息','2020-10-15 05:08:41','查询操作',1),
(4420,'查询所有商品类别信息','2020-10-15 05:08:41','查询操作',1),
(4421,'查询商品信息','2020-10-15 05:08:41','查询操作',1),
(4422,'查询商品信息(有库存)','2020-10-15 05:08:41','查询操作',1),
(4423,'查询商品信息(无库存)','2020-10-15 05:08:41','查询操作',1),
(4424,'查询商品信息(有库存)','2020-10-15 05:08:41','查询操作',1),
(4425,'查询商品信息(无库存)','2020-10-15 05:08:41','查询操作',1),
(4426,'查询角色信息','2020-10-15 05:08:43','查询操作',1),
(4427,'查询角色信息','2020-10-15 05:08:43','查询操作',1),
(4428,'查询用户信息','2020-10-15 05:08:43','查询操作',1),
(4429,'查询用户信息','2020-10-15 05:08:43','查询操作',1),
(4430,'查询商品信息','2020-10-15 05:08:47','查询操作',1),
(4431,'用户登录','2020-10-16 05:30:37','登录操作',1),
(4432,'查询商品信息','2020-10-16 05:30:38','查询操作',1),
(4433,'退货单查询','2020-10-16 05:30:41','查询操作',1),
(4434,'退货单查询','2020-10-16 05:30:41','查询操作',1),
(4435,'查询商品信息','2020-10-16 05:30:41','查询操作',1),
(4436,'查询商品信息','2020-10-16 05:30:41','查询操作',1),
(4437,'用户登录','2020-10-17 20:45:56','登录操作',1),
(4438,'查询商品信息','2020-10-17 20:46:05','查询操作',1),
(4439,'退货单查询','2020-10-17 20:46:08','查询操作',1),
(4440,'退货单查询','2020-10-17 20:46:07','查询操作',1),
(4441,'退货单商品查询','2020-10-17 20:46:08','查询操作',1),
(4442,'退货单商品查询','2020-10-17 20:46:09','查询操作',1),
(4443,'用户登录','2020-10-20 02:50:34','登录操作',1),
(4444,'用户登录','2020-10-20 02:50:34','登录操作',1),
(4445,'用户登录','2020-10-20 02:50:34','登录操作',1),
(4446,'用户登录','2020-10-20 02:50:34','登录操作',1),
(4447,'用户登录','2020-10-20 02:50:34','登录操作',1),
(4448,'查询商品信息','2020-10-20 02:50:46','查询操作',1),
(4449,'销售单查询','2020-10-20 02:50:54','查询操作',1),
(4450,'销售单查询','2020-10-20 02:50:54','查询操作',1),
(4451,'查询商品信息','2020-10-20 02:50:57','查询操作',1),
(4452,'查询商品信息','2020-10-20 02:50:57','查询操作',1),
(4453,'查询商品信息','2020-10-20 02:51:00','查询操作',1),
(4454,'查询商品信息','2020-10-20 02:51:00','查询操作',1),
(4455,'查询供应商信息','2020-10-20 02:51:06','查询操作',1),
(4456,'查询供应商信息','2020-10-20 02:51:06','查询操作',1),
(4457,'查询用户信息','2020-10-20 02:51:09','查询操作',1),
(4458,'查询用户信息','2020-10-20 02:51:09','查询操作',1),
(4459,'查询所有用户信息','2020-10-20 02:51:11','查询操作',1),
(4460,'查询角色信息','2020-10-20 02:51:16','查询操作',1),
(4461,'查询角色信息','2020-10-20 02:51:16','查询操作',1),
(4462,'用户登录','2020-10-27 15:23:05','登录操作',1),
(4463,'查询商品信息','2020-10-27 15:23:18','查询操作',1),
(4464,'查询客户信息','2020-10-27 15:23:25','查询操作',1),
(4465,'查询客户信息','2020-10-27 15:23:25','查询操作',1),
(4466,'查询供应商信息','2020-10-27 15:23:27','查询操作',1),
(4467,'查询供应商信息','2020-10-27 15:23:27','查询操作',1),
(4468,'查询商品单位信息','2020-10-27 15:23:29','查询操作',1),
(4469,'查询商品信息','2020-10-27 15:23:29','查询操作',1),
(4470,'查询商品信息','2020-10-27 15:23:29','查询操作',1),
(4471,'查询商品单位信息','2020-10-27 15:23:28','查询操作',1),
(4472,'查询所有商品类别信息','2020-10-27 15:23:29','查询操作',1),
(4473,'查询商品信息(无库存)','2020-10-27 15:23:30','查询操作',1),
(4474,'查询商品信息(无库存)','2020-10-27 15:23:30','查询操作',1),
(4475,'查询商品信息(有库存)','2020-10-27 15:23:30','查询操作',1),
(4476,'查询商品信息(有库存)','2020-10-27 15:23:30','查询操作',1),
(4477,'查询用户信息','2020-10-27 15:23:31','查询操作',1),
(4478,'查询用户信息','2020-10-27 15:23:31','查询操作',1),
(4479,'查询角色信息','2020-10-27 15:23:32','查询操作',1),
(4480,'查询角色信息','2020-10-27 15:23:32','查询操作',1),
(4481,'查询商品信息','2020-10-27 15:23:35','查询操作',1),
(4482,'查询商品信息','2020-10-27 15:23:35','查询操作',1),
(4483,'查询库存报警商品信息','2020-10-27 15:23:36','查询操作',1),
(4484,'客户退货单查询','2020-10-27 15:23:37','查询操作',1),
(4485,'客户退货单查询','2020-10-27 15:23:37','查询操作',1),
(4486,'销售单查询','2020-10-27 15:23:37','查询操作',1),
(4487,'销售单查询','2020-10-27 15:23:37','查询操作',1),
(4488,'退货单查询','2020-10-27 15:23:39','查询操作',1),
(4489,'退货单查询','2020-10-27 15:23:39','查询操作',1),
(4490,'进货单查询','2020-10-27 15:23:40','查询操作',1),
(4491,'进货单查询','2020-10-27 15:23:40','查询操作',1),
(4492,'查询商品信息','2020-10-27 15:23:41','查询操作',1),
(4493,'用户登录','2020-10-28 09:41:59','登录操作',1),
(4494,'查询商品信息','2020-10-28 09:42:06','查询操作',1),
(4495,'查询商品信息','2020-10-28 09:42:08','查询操作',1),
(4496,'查询商品信息','2020-10-28 09:42:08','查询操作',1),
(4497,'查询商品信息','2020-10-28 09:42:12','查询操作',1),
(4498,'查询商品信息','2020-10-28 09:42:13','查询操作',1),
(4499,'商品采购统计查询','2020-10-28 09:42:17','查询操作',1),
(4500,'商品采购统计查询','2020-10-28 09:42:17','查询操作',1),
(4501,'查询商品信息(无库存)','2020-10-28 09:42:25','查询操作',1),
(4502,'查询商品信息(有库存)','2020-10-28 09:42:25','查询操作',1),
(4503,'查询商品信息(有库存)','2020-10-28 09:42:25','查询操作',1),
(4504,'查询商品信息(无库存)','2020-10-28 09:42:25','查询操作',1),
(4505,'查询商品信息','2020-10-28 09:43:01','查询操作',1),
(4506,'用户登录','2020-11-02 08:56:17','登录操作',1),
(4507,'查询商品信息','2020-11-02 08:56:24','查询操作',1),
(4508,'查询角色信息','2020-11-02 08:56:36','查询操作',1),
(4509,'查询角色信息','2020-11-02 08:56:36','查询操作',1),
(4510,'查询用户信息','2020-11-02 08:56:38','查询操作',1),
(4511,'查询用户信息','2020-11-02 08:56:38','查询操作',1),
(4512,'查询商品信息','2020-11-02 08:56:47','查询操作',1),
(4513,'查询商品信息','2020-11-02 08:56:47','查询操作',1),
(4514,'查询商品信息','2020-11-02 08:56:47','查询操作',1),
(4515,'查询商品信息','2020-11-02 08:56:47','查询操作',1),
(4516,'销售单查询','2020-11-02 08:56:49','查询操作',1),
(4517,'销售单查询','2020-11-02 08:56:49','查询操作',1),
(4518,'查询商品信息','2020-11-02 08:56:52','查询操作',1),
(4519,'查询商品信息','2020-11-02 08:56:52','查询操作',1),
(4520,'用户登录','2020-11-03 02:03:24','登录操作',1),
(4521,'查询商品信息','2020-11-03 02:03:29','查询操作',1),
(4522,'查询商品信息','2020-11-03 02:03:39','查询操作',1),
(4523,'查询商品信息','2020-11-03 02:03:39','查询操作',1),
(4524,'查询用户信息','2020-11-03 02:03:57','查询操作',1),
(4525,'查询用户信息','2020-11-03 02:03:57','查询操作',1),
(4526,'查询角色信息','2020-11-03 02:03:59','查询操作',1),
(4527,'查询角色信息','2020-11-03 02:03:59','查询操作',1),
(4528,'查询商品信息(有库存)','2020-11-03 02:04:29','查询操作',1),
(4529,'查询商品信息(无库存)','2020-11-03 02:04:29','查询操作',1),
(4530,'查询商品信息(有库存)','2020-11-03 02:04:29','查询操作',1),
(4531,'查询商品信息(无库存)','2020-11-03 02:04:29','查询操作',1),
(4532,'查询供应商信息','2020-11-03 02:04:39','查询操作',1),
(4533,'查询供应商信息','2020-11-03 02:04:39','查询操作',1),
(4534,'商品采购统计查询','2020-11-03 02:04:55','查询操作',1),
(4535,'商品采购统计查询','2020-11-03 02:04:55','查询操作',1),
(4536,'商品采购统计查询','2020-11-03 02:04:57','查询操作',1),
(4537,'商品采购统计查询','2020-11-03 02:04:57','查询操作',1),
(4538,'查询库存报警商品信息','2020-11-03 02:05:04','查询操作',1),
(4539,'查询商品信息','2020-11-03 02:05:04','查询操作',1),
(4540,'查询商品信息','2020-11-03 02:05:04','查询操作',1),
(4541,'查询商品信息','2020-11-03 02:05:08','查询操作',1),
(4542,'查询商品信息','2020-11-03 02:05:08','查询操作',1),
(4543,'查询商品信息','2020-11-03 02:05:21','查询操作',1),
(4544,'退货单查询','2020-11-03 02:05:24','查询操作',1),
(4545,'退货单查询','2020-11-03 02:05:24','查询操作',1),
(4546,'进货单查询','2020-11-03 02:05:26','查询操作',1),
(4547,'进货单查询','2020-11-03 02:05:26','查询操作',1),
(4548,'查询商品信息','2020-11-03 02:05:27','查询操作',1),
(4549,'查询商品信息','2020-11-03 02:05:28','查询操作',1),
(4550,'查询商品信息','2020-11-03 02:05:28','查询操作',1),
(4551,'查询商品信息','2020-11-03 02:05:28','查询操作',1),
(4552,'查询商品信息','2020-11-03 02:05:31','查询操作',1),
(4553,'查询商品信息','2020-11-03 02:05:31','查询操作',1),
(4554,'销售单查询','2020-11-03 02:05:33','查询操作',1),
(4555,'销售单查询','2020-11-03 02:05:33','查询操作',1),
(4556,'客户退货单查询','2020-11-03 02:05:34','查询操作',1),
(4557,'客户退货单查询','2020-11-03 02:05:34','查询操作',1),
(4558,'查询商品信息','2020-11-03 02:29:09','查询操作',1),
(4559,'客户退货单查询','2020-11-03 02:31:23','查询操作',1),
(4560,'客户退货单查询','2020-11-03 02:31:23','查询操作',1),
(4561,'销售单查询','2020-11-03 02:31:32','查询操作',1),
(4562,'销售单查询','2020-11-03 02:31:32','查询操作',1),
(4563,'查询商品信息','2020-11-03 02:31:54','查询操作',1),
(4564,'查询商品信息','2020-11-03 02:31:54','查询操作',1),
(4565,'用户登录','2020-11-12 10:21:57','登录操作',1),
(4566,'查询商品信息','2020-11-12 10:22:06','查询操作',1),
(4567,'销售单查询','2020-11-12 10:22:22','查询操作',1),
(4568,'销售单查询','2020-11-12 10:22:22','查询操作',1),
(4569,'销售单商品查询','2020-11-12 10:22:24','查询操作',1),
(4570,'销售单商品查询','2020-11-12 10:22:26','查询操作',1),
(4571,'查询商品信息','2020-11-12 10:22:28','查询操作',1),
(4572,'查询商品信息','2020-11-12 10:22:28','查询操作',1),
(4573,'销售单商品查询','2020-11-12 10:22:51','查询操作',1),
(4574,'销售单商品查询','2020-11-12 10:22:51','查询操作',1),
(4575,'查询商品信息','2020-11-12 10:22:53','查询操作',1),
(4576,'查询商品信息','2020-11-12 10:22:53','查询操作',1),
(4577,'查询商品信息','2020-11-12 10:22:53','查询操作',1),
(4578,'查询商品信息','2020-11-12 10:22:54','查询操作',1),
(4579,'查询商品信息','2020-11-12 10:22:54','查询操作',1),
(4580,'商品采购统计查询','2020-11-12 10:23:04','查询操作',1),
(4581,'商品采购统计查询','2020-11-12 10:23:04','查询操作',1),
(4582,'退货单查询','2020-11-12 10:23:11','查询操作',1),
(4583,'进货单查询','2020-11-12 10:23:11','查询操作',1),
(4584,'退货单商品查询','2020-11-12 10:23:13','查询操作',1),
(4585,'退货单商品查询','2020-11-12 10:23:13','查询操作',1),
(4586,'进货单商品查询','2020-11-12 10:23:14','查询操作',1),
(4587,'进货单商品查询','2020-11-12 10:23:14','查询操作',1),
(4588,'销售单查询','2020-11-12 10:23:18','查询操作',1),
(4589,'客户退货单查询','2020-11-12 10:23:18','查询操作',1),
(4590,'销售单商品查询','2020-11-12 10:23:19','查询操作',1),
(4591,'销售单商品查询','2020-11-12 10:23:20','查询操作',1),
(4592,'客户退货单商品查询','2020-11-12 10:23:20','查询操作',1),
(4593,'商品采购统计查询','2020-11-12 10:23:24','查询操作',1),
(4594,'商品采购统计查询','2020-11-12 10:23:24','查询操作',1),
(4595,'查询供应商信息','2020-11-12 10:23:37','查询操作',1),
(4596,'查询供应商信息','2020-11-12 10:23:37','查询操作',1),
(4597,'查询客户信息','2020-11-12 10:23:38','查询操作',1),
(4598,'查询客户信息','2020-11-12 10:23:38','查询操作',1),
(4599,'查询商品信息','2020-11-12 10:23:47','查询操作',1),
(4600,'查询商品单位信息','2020-11-12 10:23:47','查询操作',1),
(4601,'查询所有商品类别信息','2020-11-12 10:23:47','查询操作',1),
(4602,'查询商品单位信息','2020-11-12 10:23:47','查询操作',1),
(4603,'查询商品信息','2020-11-12 10:23:47','查询操作',1),
(4604,'查询商品信息','2020-11-12 10:23:49','查询操作',1),
(4605,'查询商品信息','2020-11-12 10:23:50','查询操作',1),
(4606,'查询商品信息','2020-11-12 10:23:51','查询操作',1),
(4607,'查询商品信息','2020-11-12 10:23:51','查询操作',1),
(4608,'查询商品信息','2020-11-12 10:23:52','查询操作',1),
(4609,'用户登录','2020-12-02 05:12:22','登录操作',1),
(4610,'用户登录','2020-12-02 05:12:22','登录操作',1),
(4611,'查询商品信息','2020-12-02 05:12:28','查询操作',1),
(4612,'用户登录','2020-12-02 10:50:47','登录操作',1),
(4613,'查询商品信息','2020-12-02 10:50:52','查询操作',1),
(4614,'查询商品信息','2020-12-02 10:50:58','查询操作',1),
(4615,'查询商品信息','2020-12-02 10:50:58','查询操作',1),
(4616,'进货单查询','2020-12-02 10:51:00','查询操作',1),
(4617,'进货单查询','2020-12-02 10:51:00','查询操作',1),
(4618,'退货单查询','2020-12-02 10:51:03','查询操作',1),
(4619,'退货单查询','2020-12-02 10:51:03','查询操作',1),
(4620,'查询商品信息','2020-12-02 10:51:05','查询操作',1),
(4621,'查询商品信息','2020-12-02 10:51:06','查询操作',1),
(4622,'查询商品信息','2020-12-02 10:51:06','查询操作',1),
(4623,'查询商品信息','2020-12-02 10:51:07','查询操作',1),
(4624,'查询商品信息','2020-12-02 10:51:07','查询操作',1),
(4625,'销售单查询','2020-12-02 10:51:07','查询操作',1),
(4626,'销售单查询','2020-12-02 10:51:07','查询操作',1),
(4627,'客户退货单查询','2020-12-02 10:51:08','查询操作',1),
(4628,'客户退货单查询','2020-12-02 10:51:08','查询操作',1),
(4629,'商品采购统计查询','2020-12-02 10:51:12','查询操作',1),
(4630,'商品采购统计查询','2020-12-02 10:51:12','查询操作',1),
(4631,'商品采购统计查询','2020-12-02 10:51:12','查询操作',1),
(4632,'商品采购统计查询','2020-12-02 10:51:12','查询操作',1),
(4633,'查询客户信息','2020-12-02 10:51:16','查询操作',1),
(4634,'查询客户信息','2020-12-02 10:51:16','查询操作',1),
(4635,'查询商品信息','2020-12-02 10:51:17','查询操作',1),
(4636,'查询商品单位信息','2020-12-02 10:51:17','查询操作',1),
(4637,'查询所有商品类别信息','2020-12-02 10:51:17','查询操作',1),
(4638,'查询商品单位信息','2020-12-02 10:51:18','查询操作',1),
(4639,'查询商品信息','2020-12-02 10:51:18','查询操作',1),
(4640,'查询商品信息(无库存)','2020-12-02 10:51:19','查询操作',1),
(4641,'查询商品信息(有库存)','2020-12-02 10:51:19','查询操作',1),
(4642,'查询商品信息(无库存)','2020-12-02 10:51:19','查询操作',1),
(4643,'查询商品信息(有库存)','2020-12-02 10:51:19','查询操作',1),
(4644,'查询角色信息','2020-12-02 10:51:21','查询操作',1),
(4645,'查询角色信息','2020-12-02 10:51:21','查询操作',1),
(4646,'查询用户信息','2020-12-02 10:51:21','查询操作',1),
(4647,'查询用户信息','2020-12-02 10:51:22','查询操作',1),
(4648,'用户登录','2020-12-08 05:28:28','登录操作',1),
(4649,'查询商品信息','2020-12-08 05:28:34','查询操作',1),
(4650,'查询商品信息','2020-12-08 05:28:43','查询操作',1),
(4651,'查询商品信息','2020-12-08 05:28:44','查询操作',1),
(4652,'查询商品信息','2020-12-08 05:28:47','查询操作',1),
(4653,'查询商品信息','2020-12-08 05:28:47','查询操作',1),
(4654,'进货单查询','2020-12-08 05:28:52','查询操作',1),
(4655,'进货单查询','2020-12-08 05:28:52','查询操作',1),
(4656,'进货单商品查询','2020-12-08 05:28:56','查询操作',1),
(4657,'进货单商品查询','2020-12-08 05:28:57','查询操作',1),
(4658,'退货单查询','2020-12-08 05:28:59','查询操作',1),
(4659,'退货单查询','2020-12-08 05:28:59','查询操作',1),
(4660,'退货单商品查询','2020-12-08 05:29:00','查询操作',1),
(4661,'退货单商品查询','2020-12-08 05:29:00','查询操作',1),
(4662,'查询商品信息','2020-12-08 05:29:01','查询操作',1),
(4663,'查询商品信息','2020-12-08 05:29:12','查询操作',1),
(4664,'查询商品信息','2020-12-08 05:29:12','查询操作',1),
(4665,'查询商品信息','2020-12-08 05:29:14','查询操作',1),
(4666,'查询商品信息','2020-12-08 05:29:14','查询操作',1),
(4667,'销售单查询','2020-12-08 05:29:22','查询操作',1),
(4668,'销售单查询','2020-12-08 05:29:22','查询操作',1),
(4669,'客户退货单查询','2020-12-08 05:29:23','查询操作',1),
(4670,'客户退货单查询','2020-12-08 05:29:23','查询操作',1),
(4671,'查询商品信息','2020-12-08 05:29:26','查询操作',1),
(4672,'查询商品信息','2020-12-08 05:29:26','查询操作',1),
(4673,'查询商品信息','2020-12-08 05:29:27','查询操作',1),
(4674,'查询商品信息','2020-12-08 05:29:27','查询操作',1),
(4675,'查询库存报警商品信息','2020-12-08 05:29:27','查询操作',1),
(4676,'商品采购统计查询','2020-12-08 05:29:43','查询操作',1),
(4677,'商品采购统计查询','2020-12-08 05:29:43','查询操作',1),
(4678,'查询供应商信息','2020-12-08 05:29:47','查询操作',1),
(4679,'查询供应商信息','2020-12-08 05:29:47','查询操作',1),
(4680,'查询客户信息','2020-12-08 05:29:49','查询操作',1),
(4681,'查询客户信息','2020-12-08 05:29:49','查询操作',1),
(4682,'查询商品信息','2020-12-08 05:29:51','查询操作',1),
(4683,'查询商品单位信息','2020-12-08 05:29:51','查询操作',1),
(4684,'查询所有商品类别信息','2020-12-08 05:29:51','查询操作',1),
(4685,'查询商品单位信息','2020-12-08 05:29:51','查询操作',1),
(4686,'查询商品信息','2020-12-08 05:29:51','查询操作',1),
(4687,'查询角色信息','2020-12-08 05:29:56','查询操作',1),
(4688,'查询角色信息','2020-12-08 05:29:56','查询操作',1),
(4689,'查询用户信息','2020-12-08 05:30:00','查询操作',1),
(4690,'查询用户信息','2020-12-08 05:30:00','查询操作',1),
(4691,'用户注销','2020-12-08 05:30:15','注销操作',1),
(4692,'用户登录','2020-12-08 08:29:08','登录操作',1),
(4693,'查询商品信息','2020-12-08 08:29:13','查询操作',1),
(4694,'查询商品信息','2020-12-08 08:29:26','查询操作',1),
(4695,'查询商品信息','2020-12-08 08:29:26','查询操作',1),
(4696,'进货单查询','2020-12-08 08:29:38','查询操作',1),
(4697,'进货单查询','2020-12-08 08:29:38','查询操作',1),
(4698,'查询商品信息','2020-12-08 08:29:39','查询操作',1),
(4699,'查询商品信息','2020-12-08 08:29:39','查询操作',1),
(4700,'退货单查询','2020-12-08 08:29:43','查询操作',1),
(4701,'退货单查询','2020-12-08 08:29:43','查询操作',1),
(4702,'查询商品信息','2020-12-08 08:29:43','查询操作',1),
(4703,'查询商品信息','2020-12-08 08:29:44','查询操作',1),
(4704,'查询商品信息','2020-12-08 08:29:44','查询操作',1),
(4705,'查询商品信息','2020-12-08 08:29:45','查询操作',1),
(4706,'商品采购统计查询','2020-12-08 08:29:55','查询操作',1),
(4707,'商品采购统计查询','2020-12-08 08:29:55','查询操作',1),
(4708,'查询所有商品类别信息','2020-12-08 08:30:06','查询操作',1),
(4709,'用户登录','2020-12-08 09:50:53','登录操作',1),
(4710,'查询商品信息','2020-12-08 09:50:58','查询操作',1),
(4711,'查询商品信息','2020-12-08 09:51:04','查询操作',1),
(4712,'查询商品信息','2020-12-08 09:51:04','查询操作',1),
(4713,'查询商品信息','2020-12-08 09:51:07','查询操作',1),
(4714,'查询商品信息','2020-12-08 09:51:07','查询操作',1),
(4715,'进货单查询','2020-12-08 09:51:09','查询操作',1),
(4716,'进货单查询','2020-12-08 09:51:09','查询操作',1),
(4717,'查询商品信息','2020-12-08 09:51:20','查询操作',1),
(4718,'查询供应商信息','2020-12-08 09:53:38','查询操作',1),
(4719,'查询供应商信息','2020-12-08 09:53:38','查询操作',1),
(4720,'添加供应商信息--{编号=null, 名称=\'urlos\', 联系人=\'3444343\', 联系电话=\'343443\'}','2020-12-08 09:53:55','添加操作',1),
(4721,'查询供应商信息','2020-12-08 09:53:55','查询操作',1),
(4722,'查询供应商信息','2020-12-08 09:54:00','查询操作',1),
(4723,'查询商品信息','2020-12-08 09:54:07','查询操作',1),
(4724,'查询商品信息','2020-12-08 09:54:07','查询操作',1),
(4725,'销售单查询','2020-12-08 09:54:16','查询操作',1),
(4726,'销售单查询','2020-12-08 09:54:16','查询操作',1),
(4727,'销售单商品查询','2020-12-08 09:54:18','查询操作',1),
(4728,'销售单商品查询','2020-12-08 09:54:18','查询操作',1),
(4729,'销售单商品查询','2020-12-08 09:54:21','查询操作',1),
(4730,'销售单商品查询','2020-12-08 09:54:21','查询操作',1),
(4731,'销售单商品查询','2020-12-08 09:54:22','查询操作',1),
(4732,'销售单商品查询','2020-12-08 09:54:23','查询操作',1),
(4733,'商品采购统计查询','2020-12-08 09:54:30','查询操作',1),
(4734,'商品采购统计查询','2020-12-08 09:54:30','查询操作',1),
(4735,'商品采购统计查询','2020-12-08 09:54:31','查询操作',1),
(4736,'商品采购统计查询','2020-12-08 09:54:31','查询操作',1),
(4737,'查询用户信息','2020-12-08 10:03:06','查询操作',1),
(4738,'查询用户信息','2020-12-08 10:03:06','查询操作',1),
(4739,'查询角色信息','2020-12-08 10:03:23','查询操作',1),
(4740,'查询角色信息','2020-12-08 10:03:24','查询操作',1);

/*Table structure for table `t_menu` */

DROP TABLE IF EXISTS `t_menu`;

CREATE TABLE `t_menu` (
  `id` int(11) NOT NULL AUTO_INCREMENT,
  `icon` varchar(100) DEFAULT NULL,
  `name` varchar(50) DEFAULT NULL,
  `p_id` int(11) DEFAULT NULL,
  `state` int(11) DEFAULT NULL,
  `url` varchar(200) DEFAULT NULL,
  PRIMARY KEY (`id`)
) ENGINE=InnoDB AUTO_INCREMENT=6051 DEFAULT CHARSET=utf8;

/*Data for the table `t_menu` */

insert  into `t_menu`(`id`,`icon`,`name`,`p_id`,`state`,`url`) values 
(1,'menu-plugin','系统菜单',-1,1,NULL),
(10,'menu-1','进货管理',1,1,NULL),
(20,'menu-2','销售管理',1,1,NULL),
(30,'menu-3','库存管理',1,1,NULL),
(40,'menu-4','统计报表',1,1,NULL),
(50,'menu-5','基础资料',1,1,NULL),
(60,'menu-6','系统管理',1,1,NULL),
(1010,'menu-11','进货入库',10,0,'/purchase/purchase.html'),
(1020,'menu-12','退货出库',10,0,'/purchase/return.html'),
(1030,'menu-13','进货单据查询',10,0,'/purchase/purchaseSearch.html'),
(1040,'menu-14','退货单据查询',10,0,'/purchase/returnSearch.html'),
(1050,'menu-15','当前库存查询',10,0,'/common/stockSearch.html'),
(2010,'menu-21','销售出库',20,0,'/sale/saleout.html'),
(2020,'menu-22','客户退货',20,0,'/sale/salereturn.html'),
(2030,'menu-23','销售单据查询',20,0,'/sale/saleSearch.html'),
(2040,'menu-24','客户退货查询',20,0,'/sale/returnSearch.html'),
(2050,'menu-25','当前库存查询',20,0,'/common/stockSearch.html'),
(3010,'menu-31','商品报损',30,0,'/stock/damage.html'),
(3020,'menu-32','商品报溢',30,0,'/stock/overflow.html'),
(3030,'menu-33','库存报警',30,0,'/stock/alarm.html'),
(3040,'menu-34','报损报溢查询',30,0,'/stock/damageOverflowSearch.html'),
(3050,'menu-35','当前库存查询',30,0,'/common/stockSearch.html'),
(4010,'menu-41','供应商统计',40,0,'/count/supplier.html'),
(4020,'menu-42','客户统计',40,0,'/count/customer.html'),
(4030,'menu-43','商品采购统计',40,0,'/count/purchase.html'),
(4040,'menu-44','商品销售统计',40,0,'/count/sale.html'),
(4050,'menu-45','按日统计分析',40,0,'/count/saleDay.html'),
(4060,'menu-46','按月统计分析',40,0,'/count/saleMonth.html'),
(5010,'menu-51','供应商管理',50,0,'/basicData/supplier.html'),
(5020,'menu-52','客户管理',50,0,'/basicData/customer.html'),
(5030,'menu-53','商品管理',50,0,'/basicData/goods.html'),
(5040,'menu-54','期初库存',50,0,'/basicData/stock.html'),
(6010,'menu-61','角色管理',60,0,'/power/role.html'),
(6020,'menu-62','用户管理',60,0,'/power/user.html'),
(6030,'menu-65','系统日志',60,0,'/power/log.html'),
(6040,'menu-63','修改密码',60,0,NULL),
(6050,'menu-64','安全退出',60,0,NULL);

/*Table structure for table `t_overflow_list` */

DROP TABLE IF EXISTS `t_overflow_list`;

CREATE TABLE `t_overflow_list` (
  `id` int(11) NOT NULL AUTO_INCREMENT,
  `overflow_date` date DEFAULT NULL,
  `overflow_number` varchar(100) DEFAULT NULL,
  `remarks` varchar(1000) DEFAULT NULL,
  `user_id` int(11) DEFAULT NULL,
  PRIMARY KEY (`id`),
  KEY `FK3bu8hj2xniqwbrtg6ls6b8ej2` (`user_id`),
  CONSTRAINT `FK3bu8hj2xniqwbrtg6ls6b8ej2` FOREIGN KEY (`user_id`) REFERENCES `t_user` (`id`)
) ENGINE=InnoDB AUTO_INCREMENT=4 DEFAULT CHARSET=utf8;

/*Data for the table `t_overflow_list` */

insert  into `t_overflow_list`(`id`,`overflow_date`,`overflow_number`,`remarks`,`user_id`) values 
(1,'2020-01-15','JH202001150001','',1),
(2,'2020-01-15','JH202001150002','',1),
(3,'2020-10-15','JH202010150001','',1);

/*Table structure for table `t_overflow_list_goods` */

DROP TABLE IF EXISTS `t_overflow_list_goods`;

CREATE TABLE `t_overflow_list_goods` (
  `id` int(11) NOT NULL AUTO_INCREMENT,
  `code` varchar(50) DEFAULT NULL,
  `goods_id` int(11) DEFAULT NULL,
  `model` varchar(50) DEFAULT NULL,
  `name` varchar(50) DEFAULT NULL,
  `num` int(11) DEFAULT NULL,
  `price` float NOT NULL,
  `total` float NOT NULL,
  `unit` varchar(10) DEFAULT NULL,
  `overflow_list_id` int(11) DEFAULT NULL,
  `type_id` int(11) DEFAULT NULL,
  PRIMARY KEY (`id`),
  KEY `FKd3s9761mgl456tn2xb0d164h7` (`overflow_list_id`),
  KEY `FK8t46iik5kpciki8fnqtiuq5q3` (`type_id`),
  CONSTRAINT `FK8t46iik5kpciki8fnqtiuq5q3` FOREIGN KEY (`type_id`) REFERENCES `t_goodstype` (`id`),
  CONSTRAINT `FKd3s9761mgl456tn2xb0d164h7` FOREIGN KEY (`overflow_list_id`) REFERENCES `t_overflow_list` (`id`)
) ENGINE=InnoDB AUTO_INCREMENT=4 DEFAULT CHARSET=utf8;

/*Data for the table `t_overflow_list_goods` */

insert  into `t_overflow_list_goods`(`id`,`code`,`goods_id`,`model`,`name`,`num`,`price`,`total`,`unit`,`overflow_list_id`,`type_id`) values 
(1,'0002',2,'Note8','华为荣耀Note8',1,2220,2220,'台',1,16),
(2,'0004',12,'2斤装','新疆红枣',100,25,2500,'袋',2,10),
(3,'0001',1,'红色装','陶华碧老干妈香辣脆油辣椒',2,8.5,17,'瓶',3,10);

/*Table structure for table `t_purchase_list` */

DROP TABLE IF EXISTS `t_purchase_list`;

CREATE TABLE `t_purchase_list` (
  `id` int(11) NOT NULL AUTO_INCREMENT,
  `amount_paid` float DEFAULT NULL,
  `amount_payable` float DEFAULT NULL,
  `purchase_date` date DEFAULT NULL,
  `purchase_number` varchar(100) DEFAULT NULL,
  `remarks` varchar(1000) DEFAULT NULL,
  `state` int(11) DEFAULT NULL,
  `supplier_id` int(11) DEFAULT NULL,
  `user_id` int(11) DEFAULT NULL,
  PRIMARY KEY (`id`),
  KEY `FK5j2dev8b2b5d0l69nb8vtr4yb` (`supplier_id`),
  KEY `FK69s6eyxr4wwvsywe9hbthef1h` (`user_id`),
  CONSTRAINT `FK5j2dev8b2b5d0l69nb8vtr4yb` FOREIGN KEY (`supplier_id`) REFERENCES `t_supplier` (`id`),
  CONSTRAINT `FK69s6eyxr4wwvsywe9hbthef1h` FOREIGN KEY (`user_id`) REFERENCES `t_user` (`id`)
) ENGINE=InnoDB AUTO_INCREMENT=28 DEFAULT CHARSET=utf8;

/*Data for the table `t_purchase_list` */

insert  into `t_purchase_list`(`id`,`amount_paid`,`amount_payable`,`purchase_date`,`purchase_number`,`remarks`,`state`,`supplier_id`,`user_id`) values 
(26,170,170,'2020-10-14','JH202010150001','',1,1,1),
(27,93.5,93.5,'2020-10-15','JH202010150001','',1,1,1);

/*Table structure for table `t_purchase_list_goods` */

DROP TABLE IF EXISTS `t_purchase_list_goods`;

CREATE TABLE `t_purchase_list_goods` (
  `id` int(11) NOT NULL AUTO_INCREMENT,
  `code` varchar(50) DEFAULT NULL,
  `goods_id` int(11) DEFAULT NULL,
  `model` varchar(50) DEFAULT NULL,
  `name` varchar(50) DEFAULT NULL,
  `num` float DEFAULT NULL,
  `price` float DEFAULT NULL,
  `total` float DEFAULT NULL,
  `unit` varchar(10) DEFAULT NULL,
  `purchase_list_id` int(11) DEFAULT NULL,
  `type_id` int(11) DEFAULT NULL,
  PRIMARY KEY (`id`),
  KEY `FKfvdvgcebqkkokyn0o00idqnpy` (`purchase_list_id`),
  KEY `FK83ikbi2x3epn49fwcco8jlfwu` (`type_id`),
  CONSTRAINT `FK83ikbi2x3epn49fwcco8jlfwu` FOREIGN KEY (`type_id`) REFERENCES `t_goodstype` (`id`),
  CONSTRAINT `FKfvdvgcebqkkokyn0o00idqnpy` FOREIGN KEY (`purchase_list_id`) REFERENCES `t_purchase_list` (`id`)
) ENGINE=InnoDB AUTO_INCREMENT=47 DEFAULT CHARSET=utf8;

/*Data for the table `t_purchase_list_goods` */

insert  into `t_purchase_list_goods`(`id`,`code`,`goods_id`,`model`,`name`,`num`,`price`,`total`,`unit`,`purchase_list_id`,`type_id`) values 
(45,'0001',1,'红色装','陶华碧老干妈香辣脆油辣椒',20,8.5,170,'瓶',26,10),
(46,'0001',1,'红色装','陶华碧老干妈香辣脆油辣椒',11,8.5,93.5,'瓶',27,10);

/*Table structure for table `t_return_list` */

DROP TABLE IF EXISTS `t_return_list`;

CREATE TABLE `t_return_list` (
  `id` int(11) NOT NULL AUTO_INCREMENT,
  `amount_paid` float NOT NULL,
  `amount_payable` float NOT NULL,
  `remarks` varchar(1000) DEFAULT NULL,
  `return_date` date DEFAULT NULL,
  `return_number` varchar(100) DEFAULT NULL,
  `state` int(11) DEFAULT NULL,
  `supplier_id` int(11) DEFAULT NULL,
  `user_id` int(11) DEFAULT NULL,
  `customer_id` int(11) DEFAULT NULL,
  PRIMARY KEY (`id`),
  KEY `FK4qxjj8bvj2etne243xluni0vn` (`supplier_id`),
  KEY `FK904juw2v1hm2av0ig26gae9jb` (`user_id`),
  KEY `FKctbounbcalncft1244tljfo1s` (`customer_id`),
  CONSTRAINT `FK4qxjj8bvj2etne243xluni0vn` FOREIGN KEY (`supplier_id`) REFERENCES `t_supplier` (`id`),
  CONSTRAINT `FK904juw2v1hm2av0ig26gae9jb` FOREIGN KEY (`user_id`) REFERENCES `t_user` (`id`),
  CONSTRAINT `FKctbounbcalncft1244tljfo1s` FOREIGN KEY (`customer_id`) REFERENCES `t_customer` (`id`)
) ENGINE=InnoDB AUTO_INCREMENT=5 DEFAULT CHARSET=utf8;

/*Data for the table `t_return_list` */

insert  into `t_return_list`(`id`,`amount_paid`,`amount_payable`,`remarks`,`return_date`,`return_number`,`state`,`supplier_id`,`user_id`,`customer_id`) values 
(3,93.5,93.5,'已过期','2020-10-14','TH202010150001',1,1,1,NULL),
(4,380,380,'','2020-10-15','TH202010150001',1,1,1,NULL);

/*Table structure for table `t_return_list_goods` */

DROP TABLE IF EXISTS `t_return_list_goods`;

CREATE TABLE `t_return_list_goods` (
  `id` int(11) NOT NULL AUTO_INCREMENT,
  `code` varchar(50) DEFAULT NULL,
  `goods_id` int(11) DEFAULT NULL,
  `model` varchar(50) DEFAULT NULL,
  `name` varchar(50) DEFAULT NULL,
  `num` int(11) DEFAULT NULL,
  `price` float NOT NULL,
  `total` float NOT NULL,
  `unit` varchar(10) DEFAULT NULL,
  `return_list_id` int(11) DEFAULT NULL,
  `type_id` int(11) DEFAULT NULL,
  PRIMARY KEY (`id`),
  KEY `FKemclu281vyvyk063c3foafq1w` (`return_list_id`),
  KEY `FKa1prpd96fcs0x2oe0omny9vio` (`type_id`),
  CONSTRAINT `FKa1prpd96fcs0x2oe0omny9vio` FOREIGN KEY (`type_id`) REFERENCES `t_goodstype` (`id`),
  CONSTRAINT `FKemclu281vyvyk063c3foafq1w` FOREIGN KEY (`return_list_id`) REFERENCES `t_return_list` (`id`)
) ENGINE=InnoDB AUTO_INCREMENT=5 DEFAULT CHARSET=utf8;

/*Data for the table `t_return_list_goods` */

insert  into `t_return_list_goods`(`id`,`code`,`goods_id`,`model`,`name`,`num`,`price`,`total`,`unit`,`return_list_id`,`type_id`) values 
(3,'0001',1,'红色装','陶华碧老干妈香辣脆油辣椒',11,8.5,93.5,'瓶',3,10),
(4,'0003',11,'500g装','野生东北黑木耳',10,38,380,'袋',4,11);

/*Table structure for table `t_role` */

DROP TABLE IF EXISTS `t_role`;

CREATE TABLE `t_role` (
  `id` int(11) NOT NULL AUTO_INCREMENT,
  `name` varchar(50) DEFAULT NULL,
  `remarks` varchar(1000) DEFAULT NULL,
  PRIMARY KEY (`id`)
) ENGINE=InnoDB AUTO_INCREMENT=10 DEFAULT CHARSET=utf8;

/*Data for the table `t_role` */

insert  into `t_role`(`id`,`name`,`remarks`) values 
(1,'系统管理员','管理员 最高权限'),
(2,'主管','主管'),
(4,'采购员','采购员'),
(5,'销售经理','销售经理'),
(7,'仓库管理员','仓库管理员'),
(9,'总经理','总经理');

/*Table structure for table `t_role_menu` */

DROP TABLE IF EXISTS `t_role_menu`;

CREATE TABLE `t_role_menu` (
  `id` int(11) NOT NULL AUTO_INCREMENT,
  `menu_id` int(11) DEFAULT NULL,
  `role_id` int(11) DEFAULT NULL,
  PRIMARY KEY (`id`),
  KEY `FKhayg4ib6v7h1wyeyxhq6xlddq` (`menu_id`),
  KEY `FKsonb0rbt2u99hbrqqvv3r0wse` (`role_id`),
  CONSTRAINT `FKhayg4ib6v7h1wyeyxhq6xlddq` FOREIGN KEY (`menu_id`) REFERENCES `t_menu` (`id`),
  CONSTRAINT `FKsonb0rbt2u99hbrqqvv3r0wse` FOREIGN KEY (`role_id`) REFERENCES `t_role` (`id`)
) ENGINE=InnoDB AUTO_INCREMENT=94 DEFAULT CHARSET=utf8;

/*Data for the table `t_role_menu` */

insert  into `t_role_menu`(`id`,`menu_id`,`role_id`) values 
(2,1,1),
(3,10,1),
(4,20,1),
(5,30,1),
(6,40,1),
(7,50,1),
(8,60,1),
(9,1010,1),
(10,1020,1),
(11,1030,1),
(12,1040,1),
(13,1050,1),
(14,2010,1),
(15,2020,1),
(16,2030,1),
(17,2040,1),
(18,2050,1),
(19,3010,1),
(20,3020,1),
(21,3030,1),
(22,3040,1),
(23,3050,1),
(24,4010,1),
(25,4020,1),
(26,4030,1),
(27,4040,1),
(28,4050,1),
(29,4060,1),
(30,5010,1),
(31,5020,1),
(32,5030,1),
(33,5040,1),
(34,6010,1),
(35,6020,1),
(43,6030,1),
(44,6040,1),
(48,1,5),
(49,30,5),
(50,3010,5),
(55,1,9),
(56,30,9),
(57,3040,9),
(58,3050,9),
(59,50,9),
(60,5010,9),
(61,5020,9),
(62,5030,9),
(63,5040,9),
(64,6050,1),
(65,1,7),
(66,10,7),
(67,1010,7),
(68,1020,7),
(69,1030,7),
(70,1040,7),
(71,1050,7),
(72,20,7),
(73,2010,7),
(74,2020,7),
(75,2030,7),
(76,40,7),
(77,4010,7),
(78,4020,7),
(79,1,4),
(80,20,4),
(81,2010,4),
(82,60,4),
(83,6040,4),
(84,1,2),
(85,10,2),
(86,1010,2),
(87,1020,2),
(88,1030,2),
(89,1040,2),
(90,1050,2),
(91,60,2),
(92,6040,2),
(93,6050,2);

/*Table structure for table `t_sale_list` */

DROP TABLE IF EXISTS `t_sale_list`;

CREATE TABLE `t_sale_list` (
  `id` int(11) NOT NULL AUTO_INCREMENT,
  `amount_paid` float NOT NULL,
  `amount_payable` float NOT NULL,
  `remarks` varchar(1000) DEFAULT NULL,
  `sale_date` date DEFAULT NULL,
  `sale_number` varchar(100) DEFAULT NULL,
  `state` int(11) DEFAULT NULL,
  `customer_id` int(11) DEFAULT NULL,
  `user_id` int(11) DEFAULT NULL,
  PRIMARY KEY (`id`),
  KEY `FKox4qfs87eu3fvwdmrvelqhi8e` (`customer_id`),
  KEY `FK34bnujemrdqimbhg133enp8k8` (`user_id`),
  CONSTRAINT `FK34bnujemrdqimbhg133enp8k8` FOREIGN KEY (`user_id`) REFERENCES `t_user` (`id`),
  CONSTRAINT `FKox4qfs87eu3fvwdmrvelqhi8e` FOREIGN KEY (`customer_id`) REFERENCES `t_customer` (`id`)
) ENGINE=InnoDB AUTO_INCREMENT=14 DEFAULT CHARSET=utf8;

/*Data for the table `t_sale_list` */

insert  into `t_sale_list`(`id`,`amount_paid`,`amount_payable`,`remarks`,`sale_date`,`sale_number`,`state`,`customer_id`,`user_id`) values 
(12,8100,8100,'','2020-10-14','XS202010150001',1,1,1),
(13,425,425,'','2020-10-15','XS202010150001',1,1,1);

/*Table structure for table `t_sale_list_goods` */

DROP TABLE IF EXISTS `t_sale_list_goods`;

CREATE TABLE `t_sale_list_goods` (
  `id` int(11) NOT NULL AUTO_INCREMENT,
  `code` varchar(50) DEFAULT NULL,
  `goods_id` int(11) DEFAULT NULL,
  `model` varchar(50) DEFAULT NULL,
  `name` varchar(50) DEFAULT NULL,
  `num` int(11) DEFAULT NULL,
  `price` float NOT NULL,
  `total` float NOT NULL,
  `unit` varchar(10) DEFAULT NULL,
  `sale_list_id` int(11) DEFAULT NULL,
  `type_id` int(11) DEFAULT NULL,
  PRIMARY KEY (`id`),
  KEY `FK20ehd6ta9geyql4hxtdsnhbox` (`sale_list_id`),
  KEY `FKn9i5p1d8f0gek5x7q45cq8ibw` (`type_id`),
  CONSTRAINT `FK20ehd6ta9geyql4hxtdsnhbox` FOREIGN KEY (`sale_list_id`) REFERENCES `t_sale_list` (`id`),
  CONSTRAINT `FKn9i5p1d8f0gek5x7q45cq8ibw` FOREIGN KEY (`type_id`) REFERENCES `t_goodstype` (`id`)
) ENGINE=InnoDB AUTO_INCREMENT=19 DEFAULT CHARSET=utf8;

/*Data for the table `t_sale_list_goods` */

insert  into `t_sale_list_goods`(`id`,`code`,`goods_id`,`model`,`name`,`num`,`price`,`total`,`unit`,`sale_list_id`,`type_id`) values 
(16,'0003',11,'500g装','野生东北黑木耳',200,38,7600,'袋',12,11),
(17,'0004',12,'2斤装','新疆红枣',20,25,500,'袋',12,10),
(18,'0001',1,'红色装','陶华碧老干妈香辣脆油辣椒',50,8.5,425,'瓶',13,10);

/*Table structure for table `t_supplier` */

DROP TABLE IF EXISTS `t_supplier`;

CREATE TABLE `t_supplier` (
  `id` int(11) NOT NULL AUTO_INCREMENT,
  `address` varchar(300) DEFAULT NULL,
  `contact` varchar(50) DEFAULT NULL,
  `name` varchar(200) DEFAULT NULL,
  `number` varchar(50) DEFAULT NULL,
  `remarks` varchar(1000) DEFAULT NULL,
  PRIMARY KEY (`id`)
) ENGINE=InnoDB AUTO_INCREMENT=15 DEFAULT CHARSET=utf8;

/*Data for the table `t_supplier` */

insert  into `t_supplier`(`id`,`address`,`contact`,`name`,`number`,`remarks`) values 
(1,'上海市金山区张堰镇松金公路2072号6607室','小张','上海福桂食品有限公司','0773-7217175','失信供应商'),
(2,'安徽省合肥市肥西县桃花工业园合派路','小王','安徽麦堡食品工业有限公司','0773-7217275',NULL),
(3,'晋江市罗山后林西区41号','小李','福建省晋江市罗山惠康食品有限公司','1273-1217175','优质供应商'),
(4,'南京市江宁区科学园竹山路565号1幢','小丽','南京含羞草食品有限公司','2121-7217175',NULL),
(5,'南京市高淳县阳江镇新桥村下桥278号','王大狗','南京禾乃美工贸有限公司','2133-7217125',NULL),
(6,'开平市水口镇东埠路６号','小七','开平广合腐乳有限公司','3332-7217175','2'),
(7,'汕头市跃进路２３号利鸿基中心大厦写字楼２座','刘钩子','汕头市金茂食品有限公司','0723-7232175',NULL),
(8,'南京市溧水区经济开发区','七枷社','南京喜之郎食品有限公司','1773-7217175',NULL),
(9,'深圳市罗湖区翠竹北路中深石化区厂房B栋6楼','小蔡','深圳昌信实业有限公司','1773-7217175',NULL),
(10,'南京市下关区金陵小区6村27-2-203室','小路','南京市下关区红鹰调味品商行','2132-7217175',NULL),
(11,'荔浦县荔塔路１６－３６号','亲亲','桂林阜康食品工业有限公司','2123-7217175',NULL),
(12,'南京鼓楼区世纪大楼123号','小二','南京大王科技','0112-1426789','123'),
(13,'南京将军路800号','小吴','南京大陆食品公司','1243-2135487','cc'),
(14,'天津','3444343','urlos','343443','434334');

/*Table structure for table `t_user` */

DROP TABLE IF EXISTS `t_user`;

CREATE TABLE `t_user` (
  `id` int(11) NOT NULL AUTO_INCREMENT,
  `password` varchar(50) DEFAULT NULL,
  `remarks` varchar(1000) DEFAULT NULL,
  `true_name` varchar(50) DEFAULT NULL,
  `user_name` varchar(50) DEFAULT NULL,
  PRIMARY KEY (`id`)
) ENGINE=InnoDB AUTO_INCREMENT=8 DEFAULT CHARSET=utf8;

/*Data for the table `t_user` */

insert  into `t_user`(`id`,`password`,`remarks`,`true_name`,`user_name`) values 
(1,'admin','管理员','乐道','admin'),
(2,'123','主管','王大锤','jack'),
(3,'123','销售经理','玛丽','marry'),
(4,'123','仓库管理员','咪咪','mimi'),
(7,'333','主管','罗丹','luodan');

/*Table structure for table `t_user_role` */

DROP TABLE IF EXISTS `t_user_role`;

CREATE TABLE `t_user_role` (
  `id` int(11) NOT NULL AUTO_INCREMENT,
  `role_id` int(11) DEFAULT NULL,
  `user_id` int(11) DEFAULT NULL,
  PRIMARY KEY (`id`),
  KEY `FKa9c8iiy6ut0gnx491fqx4pxam` (`role_id`),
  KEY `FKq5un6x7ecoef5w1n39cop66kl` (`user_id`),
  CONSTRAINT `FKa9c8iiy6ut0gnx491fqx4pxam` FOREIGN KEY (`role_id`) REFERENCES `t_role` (`id`),
  CONSTRAINT `FKq5un6x7ecoef5w1n39cop66kl` FOREIGN KEY (`user_id`) REFERENCES `t_user` (`id`)
) ENGINE=InnoDB AUTO_INCREMENT=80 DEFAULT CHARSET=utf8;

/*Data for the table `t_user_role` */

insert  into `t_user_role`(`id`,`role_id`,`user_id`) values 
(1,1,1),
(19,2,2),
(20,4,2),
(21,5,2),
(28,2,3),
(29,4,3),
(30,5,3),
(31,7,3),
(78,7,4),
(79,2,7);

/*!40101 SET SQL_MODE=@OLD_SQL_MODE */;
/*!40014 SET FOREIGN_KEY_CHECKS=@OLD_FOREIGN_KEY_CHECKS */;
/*!40014 SET UNIQUE_CHECKS=@OLD_UNIQUE_CHECKS */;
/*!40111 SET SQL_NOTES=@OLD_SQL_NOTES */;
